2026-09-29 17:28:04.160 [info] [main] Log level: Info
2026-09-29 17:28:04.160 [info] [main] Validating found git in: "git"
2026-09-29 17:28:04.160 [info] [main] Using git "2.55.0" from "git"
2026-09-29 17:28:04.160 [info] [Model][doInitialScan] Initial repository scan started
2026-09-29 17:28:04.160 [info] > git rev-parse --show-toplevel [110ms]
2026-09-29 17:28:04.160 [info] > git rev-parse --git-dir --git-common-dir --show-superproject-working-tree [656ms]
2026-09-29 17:28:04.765 [info] [Model][openRepository] Opened repository (path): /data/data/com.termux/files/home
2026-09-29 17:28:04.766 [info] [Model][openRepository] Opened repository (real path): /data/data/com.termux/files/home
2026-09-29 17:28:04.766 [info] [Model][openRepository] Opened repository (kind): repository
2026-09-29 17:28:04.845 [info] [Model][doInitialScan] Initial repository scan completed - repositories (1), closed repositories (0), parent repositories (0), unsafe repositories (0)
2026-09-29 17:28:04.904 [info] > git config --get --local core.virtualfilesystem [82ms]
2026-09-29 17:28:04.905 [warning] [Git][config] git config failed: Failed to execute git
2026-09-29 17:28:04.980 [info] > git config --get commit.template [84ms]
2026-09-29 17:28:04.995 [info] > git for-each-ref --format=%(refname)%00%(upstream:short)%00%(objectname)%00%(upstream:track)%00%(upstream:remotename)%00%(upstream:remoteref) refs/heads/main refs/remotes/main [38ms]
2026-09-29 17:28:05.135 [info] > git for-each-ref --sort -committerdate --format %(refname)%00%(objectname)%00%(*objectname) [34ms]
2026-09-29 17:28:05.244 [info] > git status -z -uall [194ms]
2026-09-29 17:28:05.851 [info] > git config --get commit.template [97ms]
2026-09-29 17:28:05.852 [info] > git for-each-ref --format=%(refname)%00%(upstream:short)%00%(objectname)%00%(upstream:track)%00%(upstream:remotename)%00%(upstream:remoteref) refs/heads/main refs/remotes/main [460ms]
2026-09-29 17:28:05.907 [info] > git check-ignore -v -z --stdin [67ms]
2026-09-29 17:28:05.965 [info] > git config --get --local branch.main.vscode-merge-base [67ms]
2026-09-29 17:28:06.025 [info] > git for-each-ref --format=%(refname)%00%(upstream:short)%00%(objectname)%00%(upstream:track)%00%(upstream:remotename)%00%(upstream:remoteref) refs/heads/main refs/remotes/main [70ms]
2026-09-29 17:28:06.033 [info] > git for-each-ref --format=%(refname)%00%(upstream:short)%00%(objectname)%00%(upstream:track)%00%(upstream:remotename)%00%(upstream:remoteref) refs/heads/origin/main refs/remotes/origin/main [19ms]
2026-09-29 17:28:06.204 [info] > git status -z -uall [63ms]
2026-09-29 17:28:06.216 [info] > git merge-base refs/heads/main refs/remotes/origin/main [133ms]
2026-09-29 17:28:06.268 [info] > git for-each-ref --sort -committerdate --format %(refname)%00%(objectname)%00%(*objectname) [77ms]
2026-09-29 17:28:06.353 [info] > git diff --raw --numstat --diff-filter=ADMR -z --find-renames=50% fc25f83fa3c55b8dd14e6cfb5478f9c9262337c9...refs/remotes/origin/main -- [94ms]
2026-09-29 17:28:06.361 [info] > git merge-base refs/heads/main refs/remotes/origin/main [22ms]
2026-09-29 17:28:06.573 [info] > git diff --raw --numstat --diff-filter=ADMR -z --find-renames=50% fc25f83fa3c55b8dd14e6cfb5478f9c9262337c9...refs/remotes/origin/main -- [167ms]
2026-09-29 17:28:09.764 [info] > git config --get commit.template [61ms]
2026-09-29 17:28:09.800 [info] > git for-each-ref --format=%(refname)%00%(upstream:short)%00%(objectname)%00%(upstream:track)%00%(upstream:remotename)%00%(upstream:remoteref) refs/heads/main refs/remotes/main [42ms]
2026-09-29 17:28:09.911 [info] > git status -z -uall [64ms]
2026-09-29 17:28:09.925 [info] > git for-each-ref --sort -committerdate --format %(refname)%00%(objectname)%00%(*objectname) [28ms]
2026-09-29 17:28:15.063 [info] > git config --get commit.template [50ms]
2026-09-29 17:28:15.077 [info] > git for-each-ref --format=%(refname)%00%(upstream:short)%00%(objectname)%00%(upstream:track)%00%(upstream:remotename)%00%(upstream:remoteref) refs/heads/main refs/remotes/main [18ms]
2026-09-29 17:28:15.177 [info] > git status -z -uall [57ms]
2026-09-29 17:28:15.197 [info] > git for-each-ref --sort -committerdate --format %(refname)%00%(objectname)%00%(*objectname) [23ms]
2026-09-29 17:28:20.327 [info] > git config --get commit.template [45ms]
2026-09-29 17:28:20.345 [info] > git for-each-ref --format=%(refname)%00%(upstream:short)%00%(objectname)%00%(upstream:track)%00%(upstream:remotename)%00%(upstream:remoteref) refs/heads/main refs/remotes/main [22ms]
2026-09-29 17:28:20.447 [info] > git status -z -uall [54ms]
2026-09-29 17:28:20.466 [info] > git for-each-ref --sort -committerdate --format %(refname)%00%(objectname)%00%(*objectname) [22ms]
2026-09-29 17:28:25.587 [info] > git config --get commit.template [49ms]
2026-09-29 17:28:25.603 [info] > git for-each-ref --format=%(refname)%00%(upstream:short)%00%(objectname)%00%(upstream:track)%00%(upstream:remotename)%00%(upstream:remoteref) refs/heads/main refs/remotes/main [20ms]
2026-09-29 17:28:25.701 [info] > git status -z -uall [50ms]
2026-09-29 17:28:25.715 [info] > git for-each-ref --sort -committerdate --format %(refname)%00%(objectname)%00%(*objectname) [18ms]
2026-09-29 17:28:30.852 [info] > git config --get commit.template [55ms]
2026-09-29 17:28:30.866 [info] > git for-each-ref --format=%(refname)%00%(upstream:short)%00%(objectname)%00%(upstream:track)%00%(upstream:remotename)%00%(upstream:remoteref) refs/heads/main refs/remotes/main [19ms]
2026-09-29 17:28:30.964 [info] > git status -z -uall [52ms]
2026-09-29 17:28:30.978 [info] > git for-each-ref --sort -committerdate --format %(refname)%00%(objectname)%00%(*objectname) [18ms]
2026-09-29 17:28:36.103 [info] > git config --get commit.template [47ms]
2026-09-29 17:28:36.116 [info] > git for-each-ref --format=%(refname)%00%(upstream:short)%00%(objectname)%00%(upstream:track)%00%(upstream:remotename)%00%(upstream:remoteref) refs/heads/main refs/remotes/main [17ms]
2026-09-29 17:28:36.218 [info] > git status -z -uall [51ms]
2026-09-29 17:28:36.235 [info] > git for-each-ref --sort -committerdate --format %(refname)%00%(objectname)%00%(*objectname) [19ms]
2026-09-29 17:28:41.370 [info] > git config --get commit.template [53ms]
2026-09-29 17:28:41.384 [info] > git for-each-ref --format=%(refname)%00%(upstream:short)%00%(objectname)%00%(upstream:track)%00%(upstream:remotename)%00%(upstream:remoteref) refs/heads/main refs/remotes/main [18ms]
2026-09-29 17:28:41.484 [info] > git status -z -uall [54ms]
2026-09-29 17:28:41.501 [info] > git for-each-ref --sort -committerdate --format %(refname)%00%(objectname)%00%(*objectname) [19ms]
2026-09-29 17:28:46.637 [info] > git config --get commit.template [51ms]
2026-09-29 17:28:46.651 [info] > git for-each-ref --format=%(refname)%00%(upstream:short)%00%(objectname)%00%(upstream:track)%00%(upstream:remotename)%00%(upstream:remoteref) refs/heads/main refs/remotes/main [19ms]
2026-09-29 17:28:46.751 [info] > git status -z -uall [54ms]
2026-09-29 17:28:46.769 [info] > git for-each-ref --sort -committerdate --format %(refname)%00%(objectname)%00%(*objectname) [20ms]
2026-09-29 17:28:51.898 [info] > git config --get commit.template [46ms]
2026-09-29 17:28:51.913 [info] > git for-each-ref --format=%(refname)%00%(upstream:short)%00%(objectname)%00%(upstream:track)%00%(upstream:remotename)%00%(upstream:remoteref) refs/heads/main refs/remotes/main [18ms]
2026-09-29 17:28:52.015 [info] > git status -z -uall [54ms]
2026-09-29 17:28:52.029 [info] > git for-each-ref --sort -committerdate --format %(refname)%00%(objectname)%00%(*objectname) [18ms]
2026-09-29 17:28:58.620 [info] > git config --get commit.template [93ms]
2026-09-29 17:28:58.640 [info] > git for-each-ref --format=%(refname)%00%(upstream:short)%00%(objectname)%00%(upstream:track)%00%(upstream:remotename)%00%(upstream:remoteref) refs/heads/main refs/remotes/main [23ms]
2026-09-29 17:28:58.754 [info] > git status -z -uall [61ms]
2026-09-29 17:28:58.770 [info] > git for-each-ref --sort -committerdate --format %(refname)%00%(objectname)%00%(*objectname) [21ms]
2026-09-29 17:29:03.924 [info] > git config --get commit.template [67ms]
2026-09-29 17:29:03.937 [info] > git for-each-ref --format=%(refname)%00%(upstream:short)%00%(objectname)%00%(upstream:track)%00%(upstream:remotename)%00%(upstream:remoteref) refs/heads/main refs/remotes/main [20ms]
2026-09-29 17:29:04.046 [info] > git status -z -uall [51ms]
2026-09-29 17:29:04.066 [info] > git for-each-ref --sort -committerdate --format %(refname)%00%(objectname)%00%(*objectname) [23ms]
2026-09-29 17:32:56.456 [info] > git config --get commit.template [52ms]
2026-09-29 17:32:56.459 [info] > git for-each-ref --format=%(refname)%00%(upstream:short)%00%(objectname)%00%(upstream:track)%00%(upstream:remotename)%00%(upstream:remoteref) refs/heads/main refs/remotes/main [20ms]
2026-09-29 17:32:56.531 [info] > git status -z -uall [41ms]
2026-09-29 17:32:56.544 [info] > git for-each-ref --sort -committerdate --format %(refname)%00%(objectname)%00%(*objectname) [21ms]
2026-09-29 17:33:05.427 [info] > git config --get commit.template [51ms]
2026-09-29 17:33:05.441 [info] > git for-each-ref --format=%(refname)%00%(upstream:short)%00%(objectname)%00%(upstream:track)%00%(upstream:remotename)%00%(upstream:remoteref) refs/heads/main refs/remotes/main [18ms]
2026-09-29 17:33:05.519 [info] > git status -z -uall [40ms]
2026-09-29 17:33:05.534 [info] > git for-each-ref --sort -committerdate --format %(refname)%00%(objectname)%00%(*objectname) [19ms]
2026-09-29 17:33:10.630 [info] > git config --get commit.template [40ms]
2026-09-29 17:33:10.646 [info] > git for-each-ref --format=%(refname)%00%(upstream:short)%00%(objectname)%00%(upstream:track)%00%(upstream:remotename)%00%(upstream:remoteref) refs/heads/main refs/remotes/main [20ms]
2026-09-29 17:33:10.721 [info] > git status -z -uall [36ms]
2026-09-29 17:33:10.738 [info] > git for-each-ref --sort -committerdate --format %(refname)%00%(objectname)%00%(*objectname) [20ms]
2026-09-29 17:33:15.839 [info] > git config --get commit.template [38ms]
2026-09-29 17:33:15.856 [info] > git for-each-ref --format=%(refname)%00%(upstream:short)%00%(objectname)%00%(upstream:track)%00%(upstream:remotename)%00%(upstream:remoteref) refs/heads/main refs/remotes/main [22ms]
2026-09-29 17:33:15.943 [info] > git status -z -uall [47ms]
2026-09-29 17:33:15.953 [info] > git for-each-ref --sort -committerdate --format %(refname)%00%(objectname)%00%(*objectname) [20ms]
2026-09-29 17:33:21.064 [info] > git config --get commit.template [41ms]
2026-09-29 17:33:21.080 [info] > git for-each-ref --format=%(refname)%00%(upstream:short)%00%(objectname)%00%(upstream:track)%00%(upstream:remotename)%00%(upstream:remoteref) refs/heads/main refs/remotes/main [22ms]
2026-09-29 17:33:21.161 [info] > git status -z -uall [42ms]
2026-09-29 17:33:21.177 [info] > git for-each-ref --sort -committerdate --format %(refname)%00%(objectname)%00%(*objectname) [21ms]
2026-09-29 17:33:26.871 [info] > git config --get commit.template [43ms]
2026-09-29 17:33:26.885 [info] > git for-each-ref --format=%(refname)%00%(upstream:short)%00%(objectname)%00%(upstream:track)%00%(upstream:remotename)%00%(upstream:remoteref) refs/heads/main refs/remotes/main [19ms]
2026-09-29 17:33:26.959 [info] > git status -z -uall [39ms]
2026-09-29 17:33:26.974 [info] > git for-each-ref --sort -committerdate --format %(refname)%00%(objectname)%00%(*objectname) [19ms]
2026-09-29 17:33:32.090 [info] > git config --get commit.template [44ms]
2026-09-29 17:33:32.105 [info] > git for-each-ref --format=%(refname)%00%(upstream:short)%00%(objectname)%00%(upstream:track)%00%(upstream:remotename)%00%(upstream:remoteref) refs/heads/main refs/remotes/main [19ms]
2026-09-29 17:33:32.175 [info] > git status -z -uall [36ms]
2026-09-29 17:33:32.191 [info] > git for-each-ref --sort -committerdate --format %(refname)%00%(objectname)%00%(*objectname) [17ms]
2026-09-29 17:33:37.288 [info] > git config --get commit.template [44ms]
2026-09-29 17:33:37.301 [info] > git for-each-ref --format=%(refname)%00%(upstream:short)%00%(objectname)%00%(upstream:track)%00%(upstream:remotename)%00%(upstream:remoteref) refs/heads/main refs/remotes/main [20ms]
2026-09-29 17:33:37.373 [info] > git status -z -uall [39ms]
2026-09-29 17:33:37.392 [info] > git for-each-ref --sort -committerdate --format %(refname)%00%(objectname)%00%(*objectname) [22ms]
2026-09-29 17:33:42.496 [info] > git config --get commit.template [40ms]
2026-09-29 17:33:42.510 [info] > git for-each-ref --format=%(refname)%00%(upstream:short)%00%(objectname)%00%(upstream:track)%00%(upstream:remotename)%00%(upstream:remoteref) refs/heads/main refs/remotes/main [19ms]
2026-09-29 17:33:42.591 [info] > git status -z -uall [41ms]
2026-09-29 17:33:42.609 [info] > git for-each-ref --sort -committerdate --format %(refname)%00%(objectname)%00%(*objectname) [21ms]
2026-09-29 17:33:47.719 [info] > git config --get commit.template [40ms]
2026-09-29 17:33:47.735 [info] > git for-each-ref --format=%(refname)%00%(upstream:short)%00%(objectname)%00%(upstream:track)%00%(upstream:remotename)%00%(upstream:remoteref) refs/heads/main refs/remotes/main [19ms]
2026-09-29 17:33:47.812 [info] > git status -z -uall [37ms]
2026-09-29 17:33:47.827 [info] > git for-each-ref --sort -committerdate --format %(refname)%00%(objectname)%00%(*objectname) [18ms]
2026-09-29 17:39:28.243 [info] > git config --get commit.template [98ms]
2026-09-29 17:39:28.258 [info] > git for-each-ref --format=%(refname)%00%(upstream:short)%00%(objectname)%00%(upstream:track)%00%(upstream:remotename)%00%(upstream:remoteref) refs/heads/main refs/remotes/main [78ms]
2026-09-29 17:39:28.358 [info] > git for-each-ref --sort -committerdate --format %(refname)%00%(objectname)%00%(*objectname) [28ms]
2026-09-29 17:39:28.432 [info] > git status -z -uall [140ms]
2026-09-29 17:39:44.166 [info] > git config --get commit.template [39ms]
2026-09-29 17:39:44.180 [info] > git for-each-ref --format=%(refname)%00%(upstream:short)%00%(objectname)%00%(upstream:track)%00%(upstream:remotename)%00%(upstream:remoteref) refs/heads/main refs/remotes/main [18ms]
2026-09-29 17:39:44.250 [info] > git status -z -uall [33ms]
2026-09-29 17:39:44.267 [info] > git for-each-ref --sort -committerdate --format %(refname)%00%(objectname)%00%(*objectname) [20ms]
2026-09-29 17:40:59.375 [info] > git config --get commit.template [45ms]
2026-09-29 17:40:59.406 [info] > git for-each-ref --format=%(refname)%00%(upstream:short)%00%(objectname)%00%(upstream:track)%00%(upstream:remotename)%00%(upstream:remoteref) refs/heads/main refs/remotes/main [41ms]
2026-09-29 17:40:59.554 [info] > git for-each-ref --sort -committerdate --format %(refname)%00%(objectname)%00%(*objectname) [61ms]
2026-09-29 17:40:59.623 [info] > git status -z -uall [179ms]
2026-09-29 17:41:04.719 [info] > git config --get commit.template [32ms]
2026-09-29 17:41:04.735 [info] > git for-each-ref --format=%(refname)%00%(upstream:short)%00%(objectname)%00%(upstream:track)%00%(upstream:remotename)%00%(upstream:remoteref) refs/heads/main refs/remotes/main [20ms]
2026-09-29 17:41:04.807 [info] > git status -z -uall [41ms]
2026-09-29 17:41:04.829 [info] > git for-each-ref --sort -committerdate --format %(refname)%00%(objectname)%00%(*objectname) [29ms]
2026-09-29 17:42:32.423 [info] > git config --get commit.template [35ms]
2026-09-29 17:42:32.437 [info] > git for-each-ref --format=%(refname)%00%(upstream:short)%00%(objectname)%00%(upstream:track)%00%(upstream:remotename)%00%(upstream:remoteref) refs/heads/main refs/remotes/main [18ms]
2026-09-29 17:42:32.514 [info] > git status -z -uall [44ms]
2026-09-29 17:42:32.534 [info] > git for-each-ref --sort -committerdate --format %(refname)%00%(objectname)%00%(*objectname) [28ms]
2026-09-29 17:42:37.633 [info] > git config --get commit.template [40ms]
2026-09-29 17:42:37.648 [info] > git for-each-ref --format=%(refname)%00%(upstream:short)%00%(objectname)%00%(upstream:track)%00%(upstream:remotename)%00%(upstream:remoteref) refs/heads/main refs/remotes/main [20ms]
2026-09-29 17:42:37.722 [info] > git status -z -uall [40ms]
2026-09-29 17:42:37.736 [info] > git for-each-ref --sort -committerdate --format %(refname)%00%(objectname)%00%(*objectname) [23ms]
2026-09-29 17:42:40.729 [info] > git config --get commit.template [50ms]
2026-09-29 17:42:40.779 [info] > git for-each-ref --format=%(refname)%00%(upstream:short)%00%(objectname)%00%(upstream:track)%00%(upstream:remotename)%00%(upstream:remoteref) refs/heads/main refs/remotes/main [18ms]
2026-09-29 17:42:40.839 [info] > git status -z -uall [30ms]
2026-09-29 17:42:40.853 [info] > git for-each-ref --sort -committerdate --format %(refname)%00%(objectname)%00%(*objectname) [17ms]
2026-09-29 17:42:40.913 [info] > git merge-base refs/heads/main refs/remotes/origin/main [17ms]
2026-09-29 17:42:41.063 [info] > git diff --raw --numstat --diff-filter=ADMR -z --find-renames=50% 246a631599c0dd27ee03efdef27bee492a09eab9...refs/remotes/origin/main -- [122ms]
2026-09-29 17:42:42.838 [info] > git config --get commit.template [37ms]
2026-09-29 17:42:42.853 [info] > git for-each-ref --format=%(refname)%00%(upstream:short)%00%(objectname)%00%(upstream:track)%00%(upstream:remotename)%00%(upstream:remoteref) refs/heads/main refs/remotes/main [18ms]
2026-09-29 17:42:42.924 [info] > git status -z -uall [36ms]
2026-09-29 17:42:42.947 [info] > git for-each-ref --sort -committerdate --format %(refname)%00%(objectname)%00%(*objectname) [26ms]
2026-09-29 17:42:48.052 [info] > git config --get commit.template [40ms]
2026-09-29 17:42:48.066 [info] > git for-each-ref --format=%(refname)%00%(upstream:short)%00%(objectname)%00%(upstream:track)%00%(upstream:remotename)%00%(upstream:remoteref) refs/heads/main refs/remotes/main [17ms]
2026-09-29 17:42:48.124 [info] > git status -z -uall [30ms]
2026-09-29 17:42:48.140 [info] > git for-each-ref --sort -committerdate --format %(refname)%00%(objectname)%00%(*objectname) [19ms]
2026-09-29 17:55:12.904 [info] > git config --get commit.template [68ms]
2026-09-29 17:55:12.915 [info] > git for-each-ref --format=%(refname)%00%(upstream:short)%00%(objectname)%00%(upstream:track)%00%(upstream:remotename)%00%(upstream:remoteref) refs/heads/main refs/remotes/main [42ms]
2026-09-29 17:55:13.034 [info] > git for-each-ref --sort -committerdate --format %(refname)%00%(objectname)%00%(*objectname) [39ms]
2026-09-29 17:55:13.199 [info] > git status -z -uall [237ms]
2026-09-29 17:55:18.324 [info] > git config --get commit.template [44ms]
2026-09-29 17:55:18.333 [info] > git for-each-ref --format=%(refname)%00%(upstream:short)%00%(objectname)%00%(upstream:track)%00%(upstream:remotename)%00%(upstream:remoteref) refs/heads/main refs/remotes/main [19ms]
2026-09-29 17:55:18.400 [info] > git status -z -uall [34ms]
2026-09-29 17:55:18.414 [info] > git for-each-ref --sort -committerdate --format %(refname)%00%(objectname)%00%(*objectname) [17ms]
2026-09-29 17:55:23.502 [info] > git config --get commit.template [36ms]
2026-09-29 17:55:23.512 [info] > git for-each-ref --format=%(refname)%00%(upstream:short)%00%(objectname)%00%(upstream:track)%00%(upstream:remotename)%00%(upstream:remoteref) refs/heads/main refs/remotes/main [18ms]
2026-09-29 17:55:23.571 [info] > git status -z -uall [32ms]
2026-09-29 17:55:23.589 [info] > git for-each-ref --sort -committerdate --format %(refname)%00%(objectname)%00%(*objectname) [21ms]
2026-09-29 17:55:28.680 [info] > git config --get commit.template [34ms]
2026-09-29 17:55:28.696 [info] > git for-each-ref --format=%(refname)%00%(upstream:short)%00%(objectname)%00%(upstream:track)%00%(upstream:remotename)%00%(upstream:remoteref) refs/heads/main refs/remotes/main [20ms]
2026-09-29 17:55:28.761 [info] > git status -z -uall [33ms]
2026-09-29 17:55:28.781 [info] > git for-each-ref --sort -committerdate --format %(refname)%00%(objectname)%00%(*objectname) [23ms]
2026-09-29 17:55:33.897 [info] > git config --get commit.template [42ms]
2026-09-29 17:55:33.911 [info] > git for-each-ref --format=%(refname)%00%(upstream:short)%00%(objectname)%00%(upstream:track)%00%(upstream:remotename)%00%(upstream:remoteref) refs/heads/main refs/remotes/main [19ms]
2026-09-29 17:55:33.979 [info] > git status -z -uall [37ms]
2026-09-29 17:55:33.994 [info] > git for-each-ref --sort -committerdate --format %(refname)%00%(objectname)%00%(*objectname) [20ms]
2026-09-29 17:55:39.080 [info] > git config --get commit.template [35ms]
2026-09-29 17:55:39.097 [info] > git for-each-ref --format=%(refname)%00%(upstream:short)%00%(objectname)%00%(upstream:track)%00%(upstream:remotename)%00%(upstream:remoteref) refs/heads/main refs/remotes/main [20ms]
2026-09-29 17:55:39.168 [info] > git status -z -uall [40ms]
2026-09-29 17:55:39.179 [info] > git for-each-ref --sort -committerdate --format %(refname)%00%(objectname)%00%(*objectname) [19ms]
2026-09-29 17:55:44.271 [info] > git config --get commit.template [38ms]
2026-09-29 17:55:44.287 [info] > git for-each-ref --format=%(refname)%00%(upstream:short)%00%(objectname)%00%(upstream:track)%00%(upstream:remotename)%00%(upstream:remoteref) refs/heads/main refs/remotes/main [19ms]
2026-09-29 17:55:44.357 [info] > git status -z -uall [36ms]
2026-09-29 17:55:44.374 [info] > git for-each-ref --sort -committerdate --format %(refname)%00%(objectname)%00%(*objectname) [20ms]
2026-09-29 17:55:49.471 [info] > git config --get commit.template [41ms]
2026-09-29 17:55:49.486 [info] > git for-each-ref --format=%(refname)%00%(upstream:short)%00%(objectname)%00%(upstream:track)%00%(upstream:remotename)%00%(upstream:remoteref) refs/heads/main refs/remotes/main [18ms]
2026-09-29 17:55:49.552 [info] > git status -z -uall [35ms]
2026-09-29 17:55:49.570 [info] > git for-each-ref --sort -committerdate --format %(refname)%00%(objectname)%00%(*objectname) [21ms]
2026-09-29 17:55:54.680 [info] > git config --get commit.template [42ms]
2026-09-29 17:55:54.694 [info] > git for-each-ref --format=%(refname)%00%(upstream:short)%00%(objectname)%00%(upstream:track)%00%(upstream:remotename)%00%(upstream:remoteref) refs/heads/main refs/remotes/main [17ms]
2026-09-29 17:55:54.758 [info] > git status -z -uall [33ms]
2026-09-29 17:55:54.774 [info] > git for-each-ref --sort -committerdate --format %(refname)%00%(objectname)%00%(*objectname) [19ms]
2026-09-29 17:55:59.877 [info] > git config --get commit.template [42ms]
2026-09-29 17:55:59.893 [info] > git for-each-ref --format=%(refname)%00%(upstream:short)%00%(objectname)%00%(upstream:track)%00%(upstream:remotename)%00%(upstream:remoteref) refs/heads/main refs/remotes/main [20ms]
2026-09-29 17:55:59.960 [info] > git status -z -uall [36ms]
2026-09-29 17:55:59.976 [info] > git for-each-ref --sort -committerdate --format %(refname)%00%(objectname)%00%(*objectname) [18ms]
2026-09-29 17:56:05.069 [info] > git config --get commit.template [39ms]
2026-09-29 17:56:05.084 [info] > git for-each-ref --format=%(refname)%00%(upstream:short)%00%(objectname)%00%(upstream:track)%00%(upstream:remotename)%00%(upstream:remoteref) refs/heads/main refs/remotes/main [20ms]
2026-09-29 17:56:05.150 [info] > git status -z -uall [36ms]
2026-09-29 17:56:05.168 [info] > git for-each-ref --sort -committerdate --format %(refname)%00%(objectname)%00%(*objectname) [21ms]
2026-09-29 17:56:10.255 [info] > git config --get commit.template [36ms]
2026-09-29 17:56:10.276 [info] > git for-each-ref --format=%(refname)%00%(upstream:short)%00%(objectname)%00%(upstream:track)%00%(upstream:remotename)%00%(upstream:remoteref) refs/heads/main refs/remotes/main [25ms]
2026-09-29 17:56:10.348 [info] > git status -z -uall [39ms]
2026-09-29 17:56:10.361 [info] > git for-each-ref --sort -committerdate --format %(refname)%00%(objectname)%00%(*objectname) [20ms]
2026-09-29 17:56:15.449 [info] > git config --get commit.template [39ms]
2026-09-29 17:56:15.463 [info] > git for-each-ref --format=%(refname)%00%(upstream:short)%00%(objectname)%00%(upstream:track)%00%(upstream:remotename)%00%(upstream:remoteref) refs/heads/main refs/remotes/main [19ms]
2026-09-29 17:56:15.535 [info] > git status -z -uall [40ms]
2026-09-29 17:56:15.551 [info] > git for-each-ref --sort -committerdate --format %(refname)%00%(objectname)%00%(*objectname) [21ms]
2026-09-29 17:56:20.651 [info] > git config --get commit.template [37ms]
2026-09-29 17:56:20.664 [info] > git for-each-ref --format=%(refname)%00%(upstream:short)%00%(objectname)%00%(upstream:track)%00%(upstream:remotename)%00%(upstream:remoteref) refs/heads/main refs/remotes/main [18ms]
2026-09-29 17:56:20.738 [info] > git status -z -uall [36ms]
2026-09-29 17:56:20.755 [info] > git for-each-ref --sort -committerdate --format %(refname)%00%(objectname)%00%(*objectname) [20ms]
2026-09-29 17:56:25.857 [info] > git config --get commit.template [40ms]
2026-09-29 17:56:25.872 [info] > git for-each-ref --format=%(refname)%00%(upstream:short)%00%(objectname)%00%(upstream:track)%00%(upstream:remotename)%00%(upstream:remoteref) refs/heads/main refs/remotes/main [19ms]
2026-09-29 17:56:25.943 [info] > git status -z -uall [38ms]
2026-09-29 17:56:25.959 [info] > git for-each-ref --sort -committerdate --format %(refname)%00%(objectname)%00%(*objectname) [19ms]
2026-09-29 17:56:31.046 [info] > git config --get commit.template [36ms]
2026-09-29 17:56:31.061 [info] > git for-each-ref --format=%(refname)%00%(upstream:short)%00%(objectname)%00%(upstream:track)%00%(upstream:remotename)%00%(upstream:remoteref) refs/heads/main refs/remotes/main [19ms]
2026-09-29 17:56:31.127 [info] > git status -z -uall [36ms]
2026-09-29 17:56:31.141 [info] > git for-each-ref --sort -committerdate --format %(refname)%00%(objectname)%00%(*objectname) [19ms]
2026-09-29 17:56:36.241 [info] > git config --get commit.template [38ms]
2026-09-29 17:56:36.255 [info] > git for-each-ref --format=%(refname)%00%(upstream:short)%00%(objectname)%00%(upstream:track)%00%(upstream:remotename)%00%(upstream:remoteref) refs/heads/main refs/remotes/main [17ms]
2026-09-29 17:56:36.329 [info] > git status -z -uall [36ms]
2026-09-29 17:56:36.347 [info] > git for-each-ref --sort -committerdate --format %(refname)%00%(objectname)%00%(*objectname) [21ms]
2026-09-29 17:56:41.437 [info] > git config --get commit.template [36ms]
2026-09-29 17:56:41.452 [info] > git for-each-ref --format=%(refname)%00%(upstream:short)%00%(objectname)%00%(upstream:track)%00%(upstream:remotename)%00%(upstream:remoteref) refs/heads/main refs/remotes/main [18ms]
2026-09-29 17:56:41.517 [info] > git status -z -uall [34ms]
2026-09-29 17:56:41.530 [info] > git for-each-ref --sort -committerdate --format %(refname)%00%(objectname)%00%(*objectname) [19ms]
2026-09-29 17:56:46.627 [info] > git config --get commit.template [41ms]
2026-09-29 17:56:46.641 [info] > git for-each-ref --format=%(refname)%00%(upstream:short)%00%(objectname)%00%(upstream:track)%00%(upstream:remotename)%00%(upstream:remoteref) refs/heads/main refs/remotes/main [19ms]
2026-09-29 17:56:46.708 [info] > git status -z -uall [34ms]
2026-09-29 17:56:46.724 [info] > git for-each-ref --sort -committerdate --format %(refname)%00%(objectname)%00%(*objectname) [19ms]
2026-09-29 17:56:51.840 [info] > git config --get commit.template [60ms]
2026-09-29 17:56:51.852 [info] > git for-each-ref --format=%(refname)%00%(upstream:short)%00%(objectname)%00%(upstream:track)%00%(upstream:remotename)%00%(upstream:remoteref) refs/heads/main refs/remotes/main [27ms]
2026-09-29 17:56:51.931 [info] > git status -z -uall [39ms]
2026-09-29 17:56:51.945 [info] > git for-each-ref --sort -committerdate --format %(refname)%00%(objectname)%00%(*objectname) [18ms]
2026-09-29 17:56:57.040 [info] > git config --get commit.template [35ms]
2026-09-29 17:56:57.061 [info] > git for-each-ref --format=%(refname)%00%(upstream:short)%00%(objectname)%00%(upstream:track)%00%(upstream:remotename)%00%(upstream:remoteref) refs/heads/main refs/remotes/main [24ms]
2026-09-29 17:56:57.134 [info] > git status -z -uall [38ms]
2026-09-29 17:56:57.147 [info] > git for-each-ref --sort -committerdate --format %(refname)%00%(objectname)%00%(*objectname) [18ms]
2026-09-29 17:57:02.241 [info] > git config --get commit.template [37ms]
2026-09-29 17:57:02.258 [info] > git for-each-ref --format=%(refname)%00%(upstream:short)%00%(objectname)%00%(upstream:track)%00%(upstream:remotename)%00%(upstream:remoteref) refs/heads/main refs/remotes/main [20ms]
2026-09-29 17:57:02.331 [info] > git status -z -uall [38ms]
2026-09-29 17:57:02.349 [info] > git for-each-ref --sort -committerdate --format %(refname)%00%(objectname)%00%(*objectname) [21ms]
2026-09-29 17:57:07.456 [info] > git config --get commit.template [43ms]
2026-09-29 17:57:07.471 [info] > git for-each-ref --format=%(refname)%00%(upstream:short)%00%(objectname)%00%(upstream:track)%00%(upstream:remotename)%00%(upstream:remoteref) refs/heads/main refs/remotes/main [19ms]
2026-09-29 17:57:07.540 [info] > git status -z -uall [35ms]
2026-09-29 17:57:07.556 [info] > git for-each-ref --sort -committerdate --format %(refname)%00%(objectname)%00%(*objectname) [20ms]
2026-09-29 17:57:12.660 [info] > git config --get commit.template [41ms]
2026-09-29 17:57:12.676 [info] > git for-each-ref --format=%(refname)%00%(upstream:short)%00%(objectname)%00%(upstream:track)%00%(upstream:remotename)%00%(upstream:remoteref) refs/heads/main refs/remotes/main [19ms]
2026-09-29 17:57:12.757 [info] > git status -z -uall [44ms]
2026-09-29 17:57:12.769 [info] > git for-each-ref --sort -committerdate --format %(refname)%00%(objectname)%00%(*objectname) [21ms]
2026-09-29 17:57:17.870 [info] > git config --get commit.template [37ms]
2026-09-29 17:57:17.886 [info] > git for-each-ref --format=%(refname)%00%(upstream:short)%00%(objectname)%00%(upstream:track)%00%(upstream:remotename)%00%(upstream:remoteref) refs/heads/main refs/remotes/main [20ms]
2026-09-29 17:57:17.952 [info] > git status -z -uall [33ms]
2026-09-29 17:57:17.967 [info] > git for-each-ref --sort -committerdate --format %(refname)%00%(objectname)%00%(*objectname) [18ms]
2026-09-29 17:57:23.053 [info] > git config --get commit.template [33ms]
2026-09-29 17:57:23.067 [info] > git for-each-ref --format=%(refname)%00%(upstream:short)%00%(objectname)%00%(upstream:track)%00%(upstream:remotename)%00%(upstream:remoteref) refs/heads/main refs/remotes/main [18ms]
2026-09-29 17:57:23.139 [info] > git status -z -uall [38ms]
2026-09-29 17:57:23.148 [info] > git for-each-ref --sort -committerdate --format %(refname)%00%(objectname)%00%(*objectname) [18ms]
2026-09-29 17:57:28.251 [info] > git config --get commit.template [41ms]
2026-09-29 17:57:28.265 [info] > git for-each-ref --format=%(refname)%00%(upstream:short)%00%(objectname)%00%(upstream:track)%00%(upstream:remotename)%00%(upstream:remoteref) refs/heads/main refs/remotes/main [17ms]
2026-09-29 17:57:28.328 [info] > git status -z -uall [31ms]
2026-09-29 17:57:28.343 [info] > git for-each-ref --sort -committerdate --format %(refname)%00%(objectname)%00%(*objectname) [18ms]
2026-09-29 17:57:33.437 [info] > git config --get commit.template [35ms]
2026-09-29 17:57:33.452 [info] > git for-each-ref --format=%(refname)%00%(upstream:short)%00%(objectname)%00%(upstream:track)%00%(upstream:remotename)%00%(upstream:remoteref) refs/heads/main refs/remotes/main [18ms]
2026-09-29 17:57:33.522 [info] > git status -z -uall [38ms]
2026-09-29 17:57:33.539 [info] > git for-each-ref --sort -committerdate --format %(refname)%00%(objectname)%00%(*objectname) [23ms]
2026-09-29 17:57:38.651 [info] > git config --get commit.template [39ms]
2026-09-29 17:57:38.666 [info] > git for-each-ref --format=%(refname)%00%(upstream:short)%00%(objectname)%00%(upstream:track)%00%(upstream:remotename)%00%(upstream:remoteref) refs/heads/main refs/remotes/main [17ms]
2026-09-29 17:57:38.739 [info] > git status -z -uall [36ms]
2026-09-29 17:57:38.759 [info] > git for-each-ref --sort -committerdate --format %(refname)%00%(objectname)%00%(*objectname) [23ms]
2026-09-29 17:57:43.872 [info] > git config --get commit.template [44ms]
2026-09-29 17:57:43.883 [info] > git for-each-ref --format=%(refname)%00%(upstream:short)%00%(objectname)%00%(upstream:track)%00%(upstream:remotename)%00%(upstream:remoteref) refs/heads/main refs/remotes/main [19ms]
2026-09-29 17:57:43.957 [info] > git status -z -uall [36ms]
2026-09-29 17:57:43.973 [info] > git for-each-ref --sort -committerdate --format %(refname)%00%(objectname)%00%(*objectname) [19ms]
2026-09-29 17:57:49.073 [info] > git config --get commit.template [42ms]
2026-09-29 17:57:49.088 [info] > git for-each-ref --format=%(refname)%00%(upstream:short)%00%(objectname)%00%(upstream:track)%00%(upstream:remotename)%00%(upstream:remoteref) refs/heads/main refs/remotes/main [21ms]
2026-09-29 17:57:49.157 [info] > git status -z -uall [37ms]
2026-09-29 17:57:49.172 [info] > git for-each-ref --sort -committerdate --format %(refname)%00%(objectname)%00%(*objectname) [18ms]
2026-09-29 17:57:54.281 [info] > git config --get commit.template [42ms]
2026-09-29 17:57:54.297 [info] > git for-each-ref --format=%(refname)%00%(upstream:short)%00%(objectname)%00%(upstream:track)%00%(upstream:remotename)%00%(upstream:remoteref) refs/heads/main refs/remotes/main [19ms]
2026-09-29 17:57:54.368 [info] > git status -z -uall [37ms]
2026-09-29 17:57:54.386 [info] > git for-each-ref --sort -committerdate --format %(refname)%00%(objectname)%00%(*objectname) [21ms]
2026-09-29 17:57:59.495 [info] > git config --get commit.template [39ms]
2026-09-29 17:57:59.509 [info] > git for-each-ref --format=%(refname)%00%(upstream:short)%00%(objectname)%00%(upstream:track)%00%(upstream:remotename)%00%(upstream:remoteref) refs/heads/main refs/remotes/main [18ms]
2026-09-29 17:57:59.589 [info] > git status -z -uall [40ms]
2026-09-29 17:57:59.612 [info] > git for-each-ref --sort -committerdate --format %(refname)%00%(objectname)%00%(*objectname) [25ms]
2026-09-29 17:58:04.707 [info] > git config --get commit.template [38ms]
2026-09-29 17:58:04.724 [info] > git for-each-ref --format=%(refname)%00%(upstream:short)%00%(objectname)%00%(upstream:track)%00%(upstream:remotename)%00%(upstream:remoteref) refs/heads/main refs/remotes/main [20ms]
2026-09-29 17:58:04.801 [info] > git status -z -uall [40ms]
2026-09-29 17:58:04.819 [info] > git for-each-ref --sort -committerdate --format %(refname)%00%(objectname)%00%(*objectname) [21ms]
2026-09-29 17:58:09.926 [info] > git config --get commit.template [38ms]
2026-09-29 17:58:09.942 [info] > git for-each-ref --format=%(refname)%00%(upstream:short)%00%(objectname)%00%(upstream:track)%00%(upstream:remotename)%00%(upstream:remoteref) refs/heads/main refs/remotes/main [20ms]
2026-09-29 17:58:10.016 [info] > git status -z -uall [37ms]
2026-09-29 17:58:10.033 [info] > git for-each-ref --sort -committerdate --format %(refname)%00%(objectname)%00%(*objectname) [20ms]
2026-09-29 17:58:15.133 [info] > git config --get commit.template [36ms]
2026-09-29 17:58:15.148 [info] > git for-each-ref --format=%(refname)%00%(upstream:short)%00%(objectname)%00%(upstream:track)%00%(upstream:remotename)%00%(upstream:remoteref) refs/heads/main refs/remotes/main [17ms]
2026-09-29 17:58:15.227 [info] > git status -z -uall [43ms]
2026-09-29 17:58:15.235 [info] > git for-each-ref --sort -committerdate --format %(refname)%00%(objectname)%00%(*objectname) [18ms]
2026-09-29 17:58:20.346 [info] > git config --get commit.template [49ms]
2026-09-29 17:58:20.351 [info] > git for-each-ref --format=%(refname)%00%(upstream:short)%00%(objectname)%00%(upstream:track)%00%(upstream:remotename)%00%(upstream:remoteref) refs/heads/main refs/remotes/main [17ms]
2026-09-29 17:58:20.427 [info] > git status -z -uall [40ms]
2026-09-29 17:58:20.448 [info] > git for-each-ref --sort -committerdate --format %(refname)%00%(objectname)%00%(*objectname) [23ms]
2026-09-29 17:58:25.561 [info] > git config --get commit.template [40ms]
2026-09-29 17:58:25.576 [info] > git for-each-ref --format=%(refname)%00%(upstream:short)%00%(objectname)%00%(upstream:track)%00%(upstream:remotename)%00%(upstream:remoteref) refs/heads/main refs/remotes/main [19ms]
2026-09-29 17:58:25.654 [info] > git status -z -uall [36ms]
2026-09-29 17:58:25.670 [info] > git for-each-ref --sort -committerdate --format %(refname)%00%(objectname)%00%(*objectname) [19ms]
2026-09-29 17:58:30.764 [info] > git config --get commit.template [36ms]
2026-09-29 17:58:30.780 [info] > git for-each-ref --format=%(refname)%00%(upstream:short)%00%(objectname)%00%(upstream:track)%00%(upstream:remotename)%00%(upstream:remoteref) refs/heads/main refs/remotes/main [19ms]
2026-09-29 17:58:30.855 [info] > git status -z -uall [36ms]
2026-09-29 17:58:30.873 [info] > git for-each-ref --sort -committerdate --format %(refname)%00%(objectname)%00%(*objectname) [21ms]
2026-09-29 17:58:35.989 [info] > git config --get commit.template [52ms]
2026-09-29 17:58:36.005 [info] > git for-each-ref --format=%(refname)%00%(upstream:short)%00%(objectname)%00%(upstream:track)%00%(upstream:remotename)%00%(upstream:remoteref) refs/heads/main refs/remotes/main [20ms]
2026-09-29 17:58:36.080 [info] > git status -z -uall [39ms]
2026-09-29 17:58:36.097 [info] > git for-each-ref --sort -committerdate --format %(refname)%00%(objectname)%00%(*objectname) [21ms]
2026-09-29 17:58:41.203 [info] > git config --get commit.template [42ms]
2026-09-29 17:58:41.217 [info] > git for-each-ref --format=%(refname)%00%(upstream:short)%00%(objectname)%00%(upstream:track)%00%(upstream:remotename)%00%(upstream:remoteref) refs/heads/main refs/remotes/main [17ms]
2026-09-29 17:58:41.288 [info] > git status -z -uall [37ms]
2026-09-29 17:58:41.306 [info] > git for-each-ref --sort -committerdate --format %(refname)%00%(objectname)%00%(*objectname) [21ms]
2026-09-29 17:58:46.404 [info] > git config --get commit.template [38ms]
2026-09-29 17:58:46.418 [info] > git for-each-ref --format=%(refname)%00%(upstream:short)%00%(objectname)%00%(upstream:track)%00%(upstream:remotename)%00%(upstream:remoteref) refs/heads/main refs/remotes/main [18ms]
2026-09-29 17:58:46.492 [info] > git status -z -uall [38ms]
2026-09-29 17:58:46.508 [info] > git for-each-ref --sort -committerdate --format %(refname)%00%(objectname)%00%(*objectname) [19ms]
2026-09-29 17:58:51.613 [info] > git config --get commit.template [40ms]
2026-09-29 17:58:51.629 [info] > git for-each-ref --format=%(refname)%00%(upstream:short)%00%(objectname)%00%(upstream:track)%00%(upstream:remotename)%00%(upstream:remoteref) refs/heads/main refs/remotes/main [20ms]
2026-09-29 17:58:51.706 [info] > git status -z -uall [38ms]
2026-09-29 17:58:51.722 [info] > git for-each-ref --sort -committerdate --format %(refname)%00%(objectname)%00%(*objectname) [19ms]
2026-09-29 17:58:56.825 [info] > git config --get commit.template [38ms]
2026-09-29 17:58:56.839 [info] > git for-each-ref --format=%(refname)%00%(upstream:short)%00%(objectname)%00%(upstream:track)%00%(upstream:remotename)%00%(upstream:remoteref) refs/heads/main refs/remotes/main [18ms]
2026-09-29 17:58:56.909 [info] > git status -z -uall [38ms]
2026-09-29 17:58:56.927 [info] > git for-each-ref --sort -committerdate --format %(refname)%00%(objectname)%00%(*objectname) [20ms]
2026-09-29 17:59:02.031 [info] > git config --get commit.template [41ms]
2026-09-29 17:59:02.045 [info] > git for-each-ref --format=%(refname)%00%(upstream:short)%00%(objectname)%00%(upstream:track)%00%(upstream:remotename)%00%(upstream:remoteref) refs/heads/main refs/remotes/main [18ms]
2026-09-29 17:59:02.115 [info] > git status -z -uall [38ms]
2026-09-29 17:59:02.131 [info] > git for-each-ref --sort -committerdate --format %(refname)%00%(objectname)%00%(*objectname) [18ms]
2026-09-29 17:59:07.236 [info] > git config --get commit.template [39ms]
2026-09-29 17:59:07.252 [info] > git for-each-ref --format=%(refname)%00%(upstream:short)%00%(objectname)%00%(upstream:track)%00%(upstream:remotename)%00%(upstream:remoteref) refs/heads/main refs/remotes/main [19ms]
2026-09-29 17:59:07.325 [info] > git status -z -uall [36ms]
2026-09-29 17:59:07.342 [info] > git for-each-ref --sort -committerdate --format %(refname)%00%(objectname)%00%(*objectname) [19ms]
2026-09-29 17:59:12.452 [info] > git config --get commit.template [39ms]
2026-09-29 17:59:12.465 [info] > git for-each-ref --format=%(refname)%00%(upstream:short)%00%(objectname)%00%(upstream:track)%00%(upstream:remotename)%00%(upstream:remoteref) refs/heads/main refs/remotes/main [17ms]
2026-09-29 17:59:12.539 [info] > git status -z -uall [38ms]
2026-09-29 17:59:12.555 [info] > git for-each-ref --sort -committerdate --format %(refname)%00%(objectname)%00%(*objectname) [18ms]
2026-09-29 17:59:17.662 [info] > git config --get commit.template [42ms]
2026-09-29 17:59:17.677 [info] > git for-each-ref --format=%(refname)%00%(upstream:short)%00%(objectname)%00%(upstream:track)%00%(upstream:remotename)%00%(upstream:remoteref) refs/heads/main refs/remotes/main [18ms]
2026-09-29 17:59:17.746 [info] > git status -z -uall [37ms]
2026-09-29 17:59:17.765 [info] > git for-each-ref --sort -committerdate --format %(refname)%00%(objectname)%00%(*objectname) [21ms]
2026-09-29 17:59:22.863 [info] > git config --get commit.template [41ms]
2026-09-29 17:59:22.878 [info] > git for-each-ref --format=%(refname)%00%(upstream:short)%00%(objectname)%00%(upstream:track)%00%(upstream:remotename)%00%(upstream:remoteref) refs/heads/main refs/remotes/main [19ms]
2026-09-29 17:59:22.957 [info] > git status -z -uall [44ms]
2026-09-29 17:59:22.970 [info] > git for-each-ref --sort -committerdate --format %(refname)%00%(objectname)%00%(*objectname) [23ms]
2026-09-29 17:59:28.077 [info] > git config --get commit.template [44ms]
2026-09-29 17:59:28.091 [info] > git for-each-ref --format=%(refname)%00%(upstream:short)%00%(objectname)%00%(upstream:track)%00%(upstream:remotename)%00%(upstream:remoteref) refs/heads/main refs/remotes/main [17ms]
2026-09-29 17:59:28.161 [info] > git status -z -uall [35ms]
2026-09-29 17:59:28.177 [info] > git for-each-ref --sort -committerdate --format %(refname)%00%(objectname)%00%(*objectname) [19ms]
2026-09-29 17:59:33.281 [info] > git config --get commit.template [41ms]
2026-09-29 17:59:33.295 [info] > git for-each-ref --format=%(refname)%00%(upstream:short)%00%(objectname)%00%(upstream:track)%00%(upstream:remotename)%00%(upstream:remoteref) refs/heads/main refs/remotes/main [18ms]
2026-09-29 17:59:33.364 [info] > git status -z -uall [36ms]
2026-09-29 17:59:33.380 [info] > git for-each-ref --sort -committerdate --format %(refname)%00%(objectname)%00%(*objectname) [18ms]
2026-09-29 17:59:38.481 [info] > git config --get commit.template [41ms]
2026-09-29 17:59:38.497 [info] > git for-each-ref --format=%(refname)%00%(upstream:short)%00%(objectname)%00%(upstream:track)%00%(upstream:remotename)%00%(upstream:remoteref) refs/heads/main refs/remotes/main [21ms]
2026-09-29 17:59:38.566 [info] > git status -z -uall [35ms]
2026-09-29 17:59:38.581 [info] > git for-each-ref --sort -committerdate --format %(refname)%00%(objectname)%00%(*objectname) [18ms]
2026-09-29 17:59:46.431 [info] > git config --get commit.template [46ms]
2026-09-29 17:59:46.445 [info] > git for-each-ref --format=%(refname)%00%(upstream:short)%00%(objectname)%00%(upstream:track)%00%(upstream:remotename)%00%(upstream:remoteref) refs/heads/main refs/remotes/main [20ms]
2026-09-29 17:59:46.525 [info] > git status -z -uall [41ms]
2026-09-29 17:59:46.545 [info] > git for-each-ref --sort -committerdate --format %(refname)%00%(objectname)%00%(*objectname) [24ms]
2026-09-29 17:59:51.655 [info] > git config --get commit.template [44ms]
2026-09-29 17:59:51.671 [info] > git for-each-ref --format=%(refname)%00%(upstream:short)%00%(objectname)%00%(upstream:track)%00%(upstream:remotename)%00%(upstream:remoteref) refs/heads/main refs/remotes/main [21ms]
2026-09-29 17:59:51.764 [info] > git status -z -uall [49ms]
2026-09-29 17:59:51.780 [info] > git for-each-ref --sort -committerdate --format %(refname)%00%(objectname)%00%(*objectname) [23ms]
2026-09-29 17:59:56.902 [info] > git config --get commit.template [54ms]
2026-09-29 17:59:56.914 [info] > git for-each-ref --format=%(refname)%00%(upstream:short)%00%(objectname)%00%(upstream:track)%00%(upstream:remotename)%00%(upstream:remoteref) refs/heads/main refs/remotes/main [19ms]
2026-09-29 17:59:57.001 [info] > git status -z -uall [42ms]
2026-09-29 17:59:57.019 [info] > git for-each-ref --sort -committerdate --format %(refname)%00%(objectname)%00%(*objectname) [21ms]
2026-09-29 18:00:02.136 [info] > git config --get commit.template [51ms]
2026-09-29 18:00:02.153 [info] > git for-each-ref --format=%(refname)%00%(upstream:short)%00%(objectname)%00%(upstream:track)%00%(upstream:remotename)%00%(upstream:remoteref) refs/heads/main refs/remotes/main [25ms]
2026-09-29 18:00:02.244 [info] > git status -z -uall [57ms]
2026-09-29 18:00:02.265 [info] > git for-each-ref --sort -committerdate --format %(refname)%00%(objectname)%00%(*objectname) [26ms]
2026-09-29 18:00:07.387 [info] > git config --get commit.template [42ms]
2026-09-29 18:00:07.406 [info] > git for-each-ref --format=%(refname)%00%(upstream:short)%00%(objectname)%00%(upstream:track)%00%(upstream:remotename)%00%(upstream:remoteref) refs/heads/main refs/remotes/main [23ms]
2026-09-29 18:00:07.491 [info] > git status -z -uall [45ms]
2026-09-29 18:00:07.500 [info] > git for-each-ref --sort -committerdate --format %(refname)%00%(objectname)%00%(*objectname) [19ms]
2026-09-29 18:00:12.614 [info] > git config --get commit.template [53ms]
2026-09-29 18:00:12.628 [info] > git for-each-ref --format=%(refname)%00%(upstream:short)%00%(objectname)%00%(upstream:track)%00%(upstream:remotename)%00%(upstream:remoteref) refs/heads/main refs/remotes/main [18ms]
2026-09-29 18:00:12.710 [info] > git status -z -uall [42ms]
2026-09-29 18:00:12.728 [info] > git for-each-ref --sort -committerdate --format %(refname)%00%(objectname)%00%(*objectname) [21ms]
2026-09-29 18:00:17.846 [info] > git config --get commit.template [46ms]
2026-09-29 18:00:17.866 [info] > git for-each-ref --format=%(refname)%00%(upstream:short)%00%(objectname)%00%(upstream:track)%00%(upstream:remotename)%00%(upstream:remoteref) refs/heads/main refs/remotes/main [24ms]
2026-09-29 18:00:17.950 [info] > git status -z -uall [39ms]
2026-09-29 18:00:17.967 [info] > git for-each-ref --sort -committerdate --format %(refname)%00%(objectname)%00%(*objectname) [20ms]
2026-09-29 18:00:23.065 [info] > git config --get commit.template [45ms]
2026-09-29 18:00:23.080 [info] > git for-each-ref --format=%(refname)%00%(upstream:short)%00%(objectname)%00%(upstream:track)%00%(upstream:remotename)%00%(upstream:remoteref) refs/heads/main refs/remotes/main [20ms]
2026-09-29 18:00:23.168 [info] > git status -z -uall [42ms]
2026-09-29 18:00:23.188 [info] > git for-each-ref --sort -committerdate --format %(refname)%00%(objectname)%00%(*objectname) [23ms]
2026-09-29 18:00:28.300 [info] > git config --get commit.template [46ms]
2026-09-29 18:00:28.320 [info] > git for-each-ref --format=%(refname)%00%(upstream:short)%00%(objectname)%00%(upstream:track)%00%(upstream:remotename)%00%(upstream:remoteref) refs/heads/main refs/remotes/main [24ms]
2026-09-29 18:00:28.406 [info] > git status -z -uall [43ms]
2026-09-29 18:00:28.424 [info] > git for-each-ref --sort -committerdate --format %(refname)%00%(objectname)%00%(*objectname) [21ms]
2026-09-29 18:00:33.542 [info] > git config --get commit.template [48ms]
2026-09-29 18:00:33.560 [info] > git for-each-ref --format=%(refname)%00%(upstream:short)%00%(objectname)%00%(upstream:track)%00%(upstream:remotename)%00%(upstream:remoteref) refs/heads/main refs/remotes/main [22ms]
2026-09-29 18:00:33.658 [info] > git status -z -uall [51ms]
2026-09-29 18:00:33.670 [info] > git for-each-ref --sort -committerdate --format %(refname)%00%(objectname)%00%(*objectname) [20ms]
2026-09-29 18:00:38.797 [info] > git config --get commit.template [55ms]
2026-09-29 18:00:38.818 [info] > git for-each-ref --format=%(refname)%00%(upstream:short)%00%(objectname)%00%(upstream:track)%00%(upstream:remotename)%00%(upstream:remoteref) refs/heads/main refs/remotes/main [23ms]
2026-09-29 18:00:38.910 [info] > git status -z -uall [47ms]
2026-09-29 18:00:38.926 [info] > git for-each-ref --sort -committerdate --format %(refname)%00%(objectname)%00%(*objectname) [20ms]
2026-09-29 18:00:44.030 [info] > git config --get commit.template [47ms]
2026-09-29 18:00:44.042 [info] > git for-each-ref --format=%(refname)%00%(upstream:short)%00%(objectname)%00%(upstream:track)%00%(upstream:remotename)%00%(upstream:remoteref) refs/heads/main refs/remotes/main [21ms]
2026-09-29 18:00:44.120 [info] > git status -z -uall [42ms]
2026-09-29 18:00:44.134 [info] > git for-each-ref --sort -committerdate --format %(refname)%00%(objectname)%00%(*objectname) [19ms]
2026-09-29 18:00:49.237 [info] > git config --get commit.template [46ms]
2026-09-29 18:00:49.251 [info] > git for-each-ref --format=%(refname)%00%(upstream:short)%00%(objectname)%00%(upstream:track)%00%(upstream:remotename)%00%(upstream:remoteref) refs/heads/main refs/remotes/main [18ms]
2026-09-29 18:00:49.318 [info] > git status -z -uall [36ms]
2026-09-29 18:00:49.332 [info] > git for-each-ref --sort -committerdate --format %(refname)%00%(objectname)%00%(*objectname) [18ms]
2026-09-29 18:00:54.424 [info] > git config --get commit.template [35ms]
2026-09-29 18:00:54.439 [info] > git for-each-ref --format=%(refname)%00%(upstream:short)%00%(objectname)%00%(upstream:track)%00%(upstream:remotename)%00%(upstream:remoteref) refs/heads/main refs/remotes/main [17ms]
2026-09-29 18:00:54.510 [info] > git status -z -uall [40ms]
2026-09-29 18:00:54.519 [info] > git for-each-ref --sort -committerdate --format %(refname)%00%(objectname)%00%(*objectname) [19ms]
2026-09-29 18:00:59.626 [info] > git config --get commit.template [43ms]
2026-09-29 18:00:59.643 [info] > git for-each-ref --format=%(refname)%00%(upstream:short)%00%(objectname)%00%(upstream:track)%00%(upstream:remotename)%00%(upstream:remoteref) refs/heads/main refs/remotes/main [21ms]
2026-09-29 18:00:59.716 [info] > git status -z -uall [37ms]
2026-09-29 18:00:59.731 [info] > git for-each-ref --sort -committerdate --format %(refname)%00%(objectname)%00%(*objectname) [19ms]
2026-09-29 18:01:04.822 [info] > git config --get commit.template [41ms]
2026-09-29 18:01:04.833 [info] > git for-each-ref --format=%(refname)%00%(upstream:short)%00%(objectname)%00%(upstream:track)%00%(upstream:remotename)%00%(upstream:remoteref) refs/heads/main refs/remotes/main [17ms]
2026-09-29 18:01:04.912 [info] > git status -z -uall [41ms]
2026-09-29 18:01:04.931 [info] > git for-each-ref --sort -committerdate --format %(refname)%00%(objectname)%00%(*objectname) [25ms]
2026-09-29 18:01:10.038 [info] > git config --get commit.template [44ms]
2026-09-29 18:01:10.053 [info] > git for-each-ref --format=%(refname)%00%(upstream:short)%00%(objectname)%00%(upstream:track)%00%(upstream:remotename)%00%(upstream:remoteref) refs/heads/main refs/remotes/main [20ms]
2026-09-29 18:01:10.130 [info] > git status -z -uall [39ms]
2026-09-29 18:01:10.140 [info] > git for-each-ref --sort -committerdate --format %(refname)%00%(objectname)%00%(*objectname) [17ms]
2026-09-29 18:01:15.237 [info] > git config --get commit.template [41ms]
2026-09-29 18:01:15.256 [info] > git for-each-ref --format=%(refname)%00%(upstream:short)%00%(objectname)%00%(upstream:track)%00%(upstream:remotename)%00%(upstream:remoteref) refs/heads/main refs/remotes/main [23ms]
2026-09-29 18:01:15.330 [info] > git status -z -uall [38ms]
2026-09-29 18:01:15.342 [info] > git for-each-ref --sort -committerdate --format %(refname)%00%(objectname)%00%(*objectname) [17ms]
2026-09-29 18:01:20.434 [info] > git config --get commit.template [38ms]
2026-09-29 18:01:20.450 [info] > git for-each-ref --format=%(refname)%00%(upstream:short)%00%(objectname)%00%(upstream:track)%00%(upstream:remotename)%00%(upstream:remoteref) refs/heads/main refs/remotes/main [20ms]
2026-09-29 18:01:20.518 [info] > git status -z -uall [35ms]
2026-09-29 18:01:20.534 [info] > git for-each-ref --sort -committerdate --format %(refname)%00%(objectname)%00%(*objectname) [18ms]
2026-09-29 18:01:25.643 [info] > git config --get commit.template [42ms]
2026-09-29 18:01:25.658 [info] > git for-each-ref --format=%(refname)%00%(upstream:short)%00%(objectname)%00%(upstream:track)%00%(upstream:remotename)%00%(upstream:remoteref) refs/heads/main refs/remotes/main [18ms]
2026-09-29 18:01:25.740 [info] > git status -z -uall [39ms]
2026-09-29 18:01:25.758 [info] > git for-each-ref --sort -committerdate --format %(refname)%00%(objectname)%00%(*objectname) [20ms]
2026-09-29 18:01:30.866 [info] > git config --get commit.template [38ms]
2026-09-29 18:01:30.882 [info] > git for-each-ref --format=%(refname)%00%(upstream:short)%00%(objectname)%00%(upstream:track)%00%(upstream:remotename)%00%(upstream:remoteref) refs/heads/main refs/remotes/main [19ms]
2026-09-29 18:01:30.957 [info] > git status -z -uall [40ms]
2026-09-29 18:01:30.978 [info] > git for-each-ref --sort -committerdate --format %(refname)%00%(objectname)%00%(*objectname) [23ms]
2026-09-29 18:01:36.087 [info] > git config --get commit.template [50ms]
2026-09-29 18:01:36.105 [info] > git for-each-ref --format=%(refname)%00%(upstream:short)%00%(objectname)%00%(upstream:track)%00%(upstream:remotename)%00%(upstream:remoteref) refs/heads/main refs/remotes/main [20ms]
2026-09-29 18:01:36.182 [info] > git status -z -uall [39ms]
2026-09-29 18:01:36.204 [info] > git for-each-ref --sort -committerdate --format %(refname)%00%(objectname)%00%(*objectname) [25ms]
2026-09-29 18:01:41.314 [info] > git config --get commit.template [43ms]
2026-09-29 18:01:41.331 [info] > git for-each-ref --format=%(refname)%00%(upstream:short)%00%(objectname)%00%(upstream:track)%00%(upstream:remotename)%00%(upstream:remoteref) refs/heads/main refs/remotes/main [20ms]
2026-09-29 18:01:41.414 [info] > git status -z -uall [43ms]
2026-09-29 18:01:41.429 [info] > git for-each-ref --sort -committerdate --format %(refname)%00%(objectname)%00%(*objectname) [21ms]
2026-09-29 18:01:46.535 [info] > git config --get commit.template [44ms]
2026-09-29 18:01:46.549 [info] > git for-each-ref --format=%(refname)%00%(upstream:short)%00%(objectname)%00%(upstream:track)%00%(upstream:remotename)%00%(upstream:remoteref) refs/heads/main refs/remotes/main [17ms]
2026-09-29 18:01:46.623 [info] > git status -z -uall [34ms]
2026-09-29 18:01:46.639 [info] > git for-each-ref --sort -committerdate --format %(refname)%00%(objectname)%00%(*objectname) [18ms]
2026-09-29 18:01:51.742 [info] > git config --get commit.template [41ms]
2026-09-29 18:01:51.758 [info] > git for-each-ref --format=%(refname)%00%(upstream:short)%00%(objectname)%00%(upstream:track)%00%(upstream:remotename)%00%(upstream:remoteref) refs/heads/main refs/remotes/main [19ms]
2026-09-29 18:01:51.838 [info] > git status -z -uall [42ms]
2026-09-29 18:01:51.852 [info] > git for-each-ref --sort -committerdate --format %(refname)%00%(objectname)%00%(*objectname) [20ms]
2026-09-29 18:01:56.951 [info] > git config --get commit.template [39ms]
2026-09-29 18:01:56.968 [info] > git for-each-ref --format=%(refname)%00%(upstream:short)%00%(objectname)%00%(upstream:track)%00%(upstream:remotename)%00%(upstream:remoteref) refs/heads/main refs/remotes/main [21ms]
2026-09-29 18:01:57.042 [info] > git status -z -uall [39ms]
2026-09-29 18:01:57.059 [info] > git for-each-ref --sort -committerdate --format %(refname)%00%(objectname)%00%(*objectname) [19ms]
2026-09-29 18:02:02.170 [info] > git config --get commit.template [47ms]
2026-09-29 18:02:02.186 [info] > git for-each-ref --format=%(refname)%00%(upstream:short)%00%(objectname)%00%(upstream:track)%00%(upstream:remotename)%00%(upstream:remoteref) refs/heads/main refs/remotes/main [19ms]
2026-09-29 18:02:02.267 [info] > git status -z -uall [40ms]
2026-09-29 18:02:02.284 [info] > git for-each-ref --sort -committerdate --format %(refname)%00%(objectname)%00%(*objectname) [19ms]
2026-09-29 18:02:07.392 [info] > git config --get commit.template [38ms]
2026-09-29 18:02:07.408 [info] > git for-each-ref --format=%(refname)%00%(upstream:short)%00%(objectname)%00%(upstream:track)%00%(upstream:remotename)%00%(upstream:remoteref) refs/heads/main refs/remotes/main [19ms]
2026-09-29 18:02:07.480 [info] > git status -z -uall [39ms]
2026-09-29 18:02:07.499 [info] > git for-each-ref --sort -committerdate --format %(refname)%00%(objectname)%00%(*objectname) [20ms]
2026-09-29 18:02:12.601 [info] > git config --get commit.template [39ms]
2026-09-29 18:02:12.616 [info] > git for-each-ref --format=%(refname)%00%(upstream:short)%00%(objectname)%00%(upstream:track)%00%(upstream:remotename)%00%(upstream:remoteref) refs/heads/main refs/remotes/main [20ms]
2026-09-29 18:02:12.693 [info] > git status -z -uall [39ms]
2026-09-29 18:02:12.713 [info] > git for-each-ref --sort -committerdate --format %(refname)%00%(objectname)%00%(*objectname) [23ms]
2026-09-29 18:02:17.813 [info] > git config --get commit.template [40ms]
2026-09-29 18:02:17.833 [info] > git for-each-ref --format=%(refname)%00%(upstream:short)%00%(objectname)%00%(upstream:track)%00%(upstream:remotename)%00%(upstream:remoteref) refs/heads/main refs/remotes/main [24ms]
2026-09-29 18:02:17.911 [info] > git status -z -uall [43ms]
2026-09-29 18:02:17.918 [info] > git for-each-ref --sort -committerdate --format %(refname)%00%(objectname)%00%(*objectname) [18ms]
2026-09-29 18:02:41.459 [info] > git config --get commit.template [55ms]
2026-09-29 18:02:41.500 [info] > git for-each-ref --format=%(refname)%00%(upstream:short)%00%(objectname)%00%(upstream:track)%00%(upstream:remotename)%00%(upstream:remoteref) refs/heads/main refs/remotes/main [45ms]
2026-09-29 18:02:41.646 [info] > git status -z -uall [73ms]
2026-09-29 18:02:41.665 [info] > git for-each-ref --sort -committerdate --format %(refname)%00%(objectname)%00%(*objectname) [22ms]
2026-09-29 18:02:46.770 [info] > git config --get commit.template [43ms]
2026-09-29 18:02:46.786 [info] > git for-each-ref --format=%(refname)%00%(upstream:short)%00%(objectname)%00%(upstream:track)%00%(upstream:remotename)%00%(upstream:remoteref) refs/heads/main refs/remotes/main [20ms]
2026-09-29 18:02:46.867 [info] > git status -z -uall [38ms]
2026-09-29 18:02:46.881 [info] > git for-each-ref --sort -committerdate --format %(refname)%00%(objectname)%00%(*objectname) [20ms]
2026-09-29 18:02:51.985 [info] > git config --get commit.template [42ms]
2026-09-29 18:02:51.999 [info] > git for-each-ref --format=%(refname)%00%(upstream:short)%00%(objectname)%00%(upstream:track)%00%(upstream:remotename)%00%(upstream:remoteref) refs/heads/main refs/remotes/main [19ms]
2026-09-29 18:02:52.069 [info] > git status -z -uall [38ms]
2026-09-29 18:02:52.085 [info] > git for-each-ref --sort -committerdate --format %(refname)%00%(objectname)%00%(*objectname) [19ms]
2026-09-29 18:02:57.186 [info] > git config --get commit.template [41ms]
2026-09-29 18:02:57.200 [info] > git for-each-ref --format=%(refname)%00%(upstream:short)%00%(objectname)%00%(upstream:track)%00%(upstream:remotename)%00%(upstream:remoteref) refs/heads/main refs/remotes/main [18ms]
2026-09-29 18:02:57.276 [info] > git status -z -uall [42ms]
2026-09-29 18:02:57.289 [info] > git for-each-ref --sort -committerdate --format %(refname)%00%(objectname)%00%(*objectname) [19ms]
2026-09-29 18:03:02.392 [info] > git config --get commit.template [37ms]
2026-09-29 18:03:02.408 [info] > git for-each-ref --format=%(refname)%00%(upstream:short)%00%(objectname)%00%(upstream:track)%00%(upstream:remotename)%00%(upstream:remoteref) refs/heads/main refs/remotes/main [19ms]
2026-09-29 18:03:02.486 [info] > git status -z -uall [40ms]
2026-09-29 18:03:02.502 [info] > git for-each-ref --sort -committerdate --format %(refname)%00%(objectname)%00%(*objectname) [20ms]
2026-09-29 18:03:07.592 [info] > git config --get commit.template [37ms]
2026-09-29 18:03:07.606 [info] > git for-each-ref --format=%(refname)%00%(upstream:short)%00%(objectname)%00%(upstream:track)%00%(upstream:remotename)%00%(upstream:remoteref) refs/heads/main refs/remotes/main [17ms]
2026-09-29 18:03:07.678 [info] > git status -z -uall [38ms]
2026-09-29 18:03:07.697 [info] > git for-each-ref --sort -committerdate --format %(refname)%00%(objectname)%00%(*objectname) [20ms]
2026-09-29 18:03:12.802 [info] > git config --get commit.template [39ms]
2026-09-29 18:03:12.817 [info] > git for-each-ref --format=%(refname)%00%(upstream:short)%00%(objectname)%00%(upstream:track)%00%(upstream:remotename)%00%(upstream:remoteref) refs/heads/main refs/remotes/main [18ms]
2026-09-29 18:03:12.907 [info] > git status -z -uall [47ms]
2026-09-29 18:03:12.920 [info] > git for-each-ref --sort -committerdate --format %(refname)%00%(objectname)%00%(*objectname) [19ms]
2026-09-29 18:03:18.027 [info] > git config --get commit.template [40ms]
2026-09-29 18:03:18.041 [info] > git for-each-ref --format=%(refname)%00%(upstream:short)%00%(objectname)%00%(upstream:track)%00%(upstream:remotename)%00%(upstream:remoteref) refs/heads/main refs/remotes/main [18ms]
2026-09-29 18:03:18.117 [info] > git status -z -uall [42ms]
2026-09-29 18:03:18.133 [info] > git for-each-ref --sort -committerdate --format %(refname)%00%(objectname)%00%(*objectname) [19ms]
2026-09-29 18:03:23.231 [info] > git config --get commit.template [39ms]
2026-09-29 18:03:23.248 [info] > git for-each-ref --format=%(refname)%00%(upstream:short)%00%(objectname)%00%(upstream:track)%00%(upstream:remotename)%00%(upstream:remoteref) refs/heads/main refs/remotes/main [21ms]
2026-09-29 18:03:23.331 [info] > git status -z -uall [43ms]
2026-09-29 18:03:23.344 [info] > git for-each-ref --sort -committerdate --format %(refname)%00%(objectname)%00%(*objectname) [19ms]
2026-09-29 18:03:28.449 [info] > git config --get commit.template [41ms]
2026-09-29 18:03:28.463 [info] > git for-each-ref --format=%(refname)%00%(upstream:short)%00%(objectname)%00%(upstream:track)%00%(upstream:remotename)%00%(upstream:remoteref) refs/heads/main refs/remotes/main [17ms]
2026-09-29 18:03:28.538 [info] > git status -z -uall [37ms]
2026-09-29 18:03:28.555 [info] > git for-each-ref --sort -committerdate --format %(refname)%00%(objectname)%00%(*objectname) [21ms]
2026-09-29 18:03:33.655 [info] > git config --get commit.template [39ms]
2026-09-29 18:03:33.670 [info] > git for-each-ref --format=%(refname)%00%(upstream:short)%00%(objectname)%00%(upstream:track)%00%(upstream:remotename)%00%(upstream:remoteref) refs/heads/main refs/remotes/main [19ms]
2026-09-29 18:03:33.746 [info] > git status -z -uall [39ms]
2026-09-29 18:03:33.763 [info] > git for-each-ref --sort -committerdate --format %(refname)%00%(objectname)%00%(*objectname) [20ms]
2026-09-29 18:03:38.870 [info] > git config --get commit.template [41ms]
2026-09-29 18:03:38.885 [info] > git for-each-ref --format=%(refname)%00%(upstream:short)%00%(objectname)%00%(upstream:track)%00%(upstream:remotename)%00%(upstream:remoteref) refs/heads/main refs/remotes/main [18ms]
2026-09-29 18:03:38.974 [info] > git status -z -uall [39ms]
2026-09-29 18:03:38.989 [info] > git for-each-ref --sort -committerdate --format %(refname)%00%(objectname)%00%(*objectname) [18ms]
2026-09-29 18:03:44.097 [info] > git config --get commit.template [43ms]
2026-09-29 18:03:44.109 [info] > git for-each-ref --format=%(refname)%00%(upstream:short)%00%(objectname)%00%(upstream:track)%00%(upstream:remotename)%00%(upstream:remoteref) refs/heads/main refs/remotes/main [19ms]
2026-09-29 18:03:44.197 [info] > git status -z -uall [45ms]
2026-09-29 18:03:44.206 [info] > git for-each-ref --sort -committerdate --format %(refname)%00%(objectname)%00%(*objectname) [20ms]
2026-09-29 18:03:49.318 [info] > git config --get commit.template [46ms]
2026-09-29 18:03:49.330 [info] > git for-each-ref --format=%(refname)%00%(upstream:short)%00%(objectname)%00%(upstream:track)%00%(upstream:remotename)%00%(upstream:remoteref) refs/heads/main refs/remotes/main [17ms]
2026-09-29 18:03:49.408 [info] > git status -z -uall [38ms]
2026-09-29 18:03:49.423 [info] > git for-each-ref --sort -committerdate --format %(refname)%00%(objectname)%00%(*objectname) [18ms]
2026-09-29 18:04:15.492 [info] > git config --get commit.template [48ms]
2026-09-29 18:04:15.507 [info] > git for-each-ref --format=%(refname)%00%(upstream:short)%00%(objectname)%00%(upstream:track)%00%(upstream:remotename)%00%(upstream:remoteref) refs/heads/main refs/remotes/main [20ms]
2026-09-29 18:04:15.588 [info] > git status -z -uall [43ms]
2026-09-29 18:04:15.605 [info] > git for-each-ref --sort -committerdate --format %(refname)%00%(objectname)%00%(*objectname) [20ms]
2026-09-29 18:04:20.717 [info] > git config --get commit.template [44ms]
2026-09-29 18:04:20.730 [info] > git for-each-ref --format=%(refname)%00%(upstream:short)%00%(objectname)%00%(upstream:track)%00%(upstream:remotename)%00%(upstream:remoteref) refs/heads/main refs/remotes/main [19ms]
2026-09-29 18:04:20.812 [info] > git status -z -uall [44ms]
2026-09-29 18:04:20.828 [info] > git for-each-ref --sort -committerdate --format %(refname)%00%(objectname)%00%(*objectname) [18ms]
2026-09-29 18:04:25.942 [info] > git config --get commit.template [46ms]
2026-09-29 18:04:25.959 [info] > git for-each-ref --format=%(refname)%00%(upstream:short)%00%(objectname)%00%(upstream:track)%00%(upstream:remotename)%00%(upstream:remoteref) refs/heads/main refs/remotes/main [21ms]
2026-09-29 18:04:26.042 [info] > git status -z -uall [40ms]
2026-09-29 18:04:26.059 [info] > git for-each-ref --sort -committerdate --format %(refname)%00%(objectname)%00%(*objectname) [18ms]
2026-09-29 18:04:31.172 [info] > git config --get commit.template [44ms]
2026-09-29 18:04:31.187 [info] > git for-each-ref --format=%(refname)%00%(upstream:short)%00%(objectname)%00%(upstream:track)%00%(upstream:remotename)%00%(upstream:remoteref) refs/heads/main refs/remotes/main [20ms]
2026-09-29 18:04:31.270 [info] > git status -z -uall [41ms]
2026-09-29 18:04:31.292 [info] > git for-each-ref --sort -committerdate --format %(refname)%00%(objectname)%00%(*objectname) [24ms]
2026-09-29 18:04:36.402 [info] > git config --get commit.template [44ms]
2026-09-29 18:04:36.418 [info] > git for-each-ref --format=%(refname)%00%(upstream:short)%00%(objectname)%00%(upstream:track)%00%(upstream:remotename)%00%(upstream:remoteref) refs/heads/main refs/remotes/main [21ms]
2026-09-29 18:04:36.510 [info] > git status -z -uall [47ms]
2026-09-29 18:04:36.530 [info] > git for-each-ref --sort -committerdate --format %(refname)%00%(objectname)%00%(*objectname) [23ms]
2026-09-29 18:04:41.643 [info] > git config --get commit.template [45ms]
2026-09-29 18:04:41.661 [info] > git for-each-ref --format=%(refname)%00%(upstream:short)%00%(objectname)%00%(upstream:track)%00%(upstream:remotename)%00%(upstream:remoteref) refs/heads/main refs/remotes/main [21ms]
2026-09-29 18:04:41.742 [info] > git status -z -uall [37ms]
2026-09-29 18:04:41.758 [info] > git for-each-ref --sort -committerdate --format %(refname)%00%(objectname)%00%(*objectname) [19ms]
2026-09-29 18:04:46.867 [info] > git config --get commit.template [40ms]
2026-09-29 18:04:46.878 [info] > git for-each-ref --format=%(refname)%00%(upstream:short)%00%(objectname)%00%(upstream:track)%00%(upstream:remotename)%00%(upstream:remoteref) refs/heads/main refs/remotes/main [17ms]
2026-09-29 18:04:46.962 [info] > git status -z -uall [46ms]
2026-09-29 18:04:46.978 [info] > git for-each-ref --sort -committerdate --format %(refname)%00%(objectname)%00%(*objectname) [21ms]
2026-09-29 18:04:52.084 [info] > git config --get commit.template [37ms]
2026-09-29 18:04:52.094 [info] > git for-each-ref --format=%(refname)%00%(upstream:short)%00%(objectname)%00%(upstream:track)%00%(upstream:remotename)%00%(upstream:remoteref) refs/heads/main refs/remotes/main [17ms]
2026-09-29 18:04:52.182 [info] > git status -z -uall [46ms]
2026-09-29 18:04:52.203 [info] > git for-each-ref --sort -committerdate --format %(refname)%00%(objectname)%00%(*objectname) [24ms]
2026-09-29 18:04:57.317 [info] > git config --get commit.template [43ms]
2026-09-29 18:04:57.338 [info] > git for-each-ref --format=%(refname)%00%(upstream:short)%00%(objectname)%00%(upstream:track)%00%(upstream:remotename)%00%(upstream:remoteref) refs/heads/main refs/remotes/main [26ms]
2026-09-29 18:04:57.425 [info] > git status -z -uall [45ms]
2026-09-29 18:04:57.445 [info] > git for-each-ref --sort -committerdate --format %(refname)%00%(objectname)%00%(*objectname) [23ms]
2026-09-29 18:05:02.563 [info] > git config --get commit.template [45ms]
2026-09-29 18:05:02.576 [info] > git for-each-ref --format=%(refname)%00%(upstream:short)%00%(objectname)%00%(upstream:track)%00%(upstream:remotename)%00%(upstream:remoteref) refs/heads/main refs/remotes/main [19ms]
2026-09-29 18:05:02.662 [info] > git status -z -uall [45ms]
2026-09-29 18:05:02.679 [info] > git for-each-ref --sort -committerdate --format %(refname)%00%(objectname)%00%(*objectname) [20ms]
2026-09-29 18:05:07.797 [info] > git config --get commit.template [53ms]
2026-09-29 18:05:07.814 [info] > git for-each-ref --format=%(refname)%00%(upstream:short)%00%(objectname)%00%(upstream:track)%00%(upstream:remotename)%00%(upstream:remoteref) refs/heads/main refs/remotes/main [20ms]
2026-09-29 18:05:07.898 [info] > git status -z -uall [43ms]
2026-09-29 18:05:07.917 [info] > git for-each-ref --sort -committerdate --format %(refname)%00%(objectname)%00%(*objectname) [22ms]
2026-09-29 18:05:13.027 [info] > git config --get commit.template [44ms]
2026-09-29 18:05:13.041 [info] > git for-each-ref --format=%(refname)%00%(upstream:short)%00%(objectname)%00%(upstream:track)%00%(upstream:remotename)%00%(upstream:remoteref) refs/heads/main refs/remotes/main [19ms]
2026-09-29 18:05:13.132 [info] > git status -z -uall [51ms]
2026-09-29 18:05:13.142 [info] > git for-each-ref --sort -committerdate --format %(refname)%00%(objectname)%00%(*objectname) [20ms]
2026-09-29 18:05:20.769 [info] > git config --get commit.template [44ms]
2026-09-29 18:05:20.784 [info] > git for-each-ref --format=%(refname)%00%(upstream:short)%00%(objectname)%00%(upstream:track)%00%(upstream:remotename)%00%(upstream:remoteref) refs/heads/main refs/remotes/main [21ms]
2026-09-29 18:05:20.862 [info] > git status -z -uall [38ms]
2026-09-29 18:05:20.880 [info] > git for-each-ref --sort -committerdate --format %(refname)%00%(objectname)%00%(*objectname) [20ms]
2026-09-29 18:05:25.994 [info] > git config --get commit.template [44ms]
2026-09-29 18:05:26.009 [info] > git for-each-ref --format=%(refname)%00%(upstream:short)%00%(objectname)%00%(upstream:track)%00%(upstream:remotename)%00%(upstream:remoteref) refs/heads/main refs/remotes/main [20ms]
2026-09-29 18:05:26.093 [info] > git status -z -uall [45ms]
2026-09-29 18:05:26.111 [info] > git for-each-ref --sort -committerdate --format %(refname)%00%(objectname)%00%(*objectname) [21ms]
2026-09-29 18:05:31.231 [info] > git config --get commit.template [50ms]
2026-09-29 18:05:31.247 [info] > git for-each-ref --format=%(refname)%00%(upstream:short)%00%(objectname)%00%(upstream:track)%00%(upstream:remotename)%00%(upstream:remoteref) refs/heads/main refs/remotes/main [21ms]
2026-09-29 18:05:31.336 [info] > git status -z -uall [44ms]
2026-09-29 18:05:31.353 [info] > git for-each-ref --sort -committerdate --format %(refname)%00%(objectname)%00%(*objectname) [20ms]
2026-09-29 18:05:36.462 [info] > git config --get commit.template [43ms]
2026-09-29 18:05:36.478 [info] > git for-each-ref --format=%(refname)%00%(upstream:short)%00%(objectname)%00%(upstream:track)%00%(upstream:remotename)%00%(upstream:remoteref) refs/heads/main refs/remotes/main [22ms]
2026-09-29 18:05:36.564 [info] > git status -z -uall [42ms]
2026-09-29 18:05:36.584 [info] > git for-each-ref --sort -committerdate --format %(refname)%00%(objectname)%00%(*objectname) [24ms]
2026-09-29 18:05:41.698 [info] > git config --get commit.template [46ms]
2026-09-29 18:05:41.717 [info] > git for-each-ref --format=%(refname)%00%(upstream:short)%00%(objectname)%00%(upstream:track)%00%(upstream:remotename)%00%(upstream:remoteref) refs/heads/main refs/remotes/main [24ms]
2026-09-29 18:05:41.817 [info] > git status -z -uall [48ms]
2026-09-29 18:05:41.831 [info] > git for-each-ref --sort -committerdate --format %(refname)%00%(objectname)%00%(*objectname) [21ms]
2026-09-29 18:05:46.952 [info] > git config --get commit.template [50ms]
2026-09-29 18:05:46.967 [info] > git for-each-ref --format=%(refname)%00%(upstream:short)%00%(objectname)%00%(upstream:track)%00%(upstream:remotename)%00%(upstream:remoteref) refs/heads/main refs/remotes/main [20ms]
2026-09-29 18:05:47.057 [info] > git status -z -uall [46ms]
2026-09-29 18:05:47.075 [info] > git for-each-ref --sort -committerdate --format %(refname)%00%(objectname)%00%(*objectname) [21ms]
2026-09-29 18:05:52.181 [info] > git config --get commit.template [41ms]
2026-09-29 18:05:52.198 [info] > git for-each-ref --format=%(refname)%00%(upstream:short)%00%(objectname)%00%(upstream:track)%00%(upstream:remotename)%00%(upstream:remoteref) refs/heads/main refs/remotes/main [21ms]
2026-09-29 18:05:52.281 [info] > git status -z -uall [43ms]
2026-09-29 18:05:52.295 [info] > git for-each-ref --sort -committerdate --format %(refname)%00%(objectname)%00%(*objectname) [20ms]
2026-09-29 18:05:57.404 [info] > git config --get commit.template [41ms]
2026-09-29 18:05:57.419 [info] > git for-each-ref --format=%(refname)%00%(upstream:short)%00%(objectname)%00%(upstream:track)%00%(upstream:remotename)%00%(upstream:remoteref) refs/heads/main refs/remotes/main [18ms]
2026-09-29 18:05:57.492 [info] > git status -z -uall [39ms]
2026-09-29 18:05:57.510 [info] > git for-each-ref --sort -committerdate --format %(refname)%00%(objectname)%00%(*objectname) [21ms]
2026-09-29 18:06:02.607 [info] > git config --get commit.template [42ms]
2026-09-29 18:06:02.622 [info] > git for-each-ref --format=%(refname)%00%(upstream:short)%00%(objectname)%00%(upstream:track)%00%(upstream:remotename)%00%(upstream:remoteref) refs/heads/main refs/remotes/main [19ms]
2026-09-29 18:06:02.704 [info] > git status -z -uall [47ms]
2026-09-29 18:06:02.721 [info] > git for-each-ref --sort -committerdate --format %(refname)%00%(objectname)%00%(*objectname) [27ms]
2026-09-29 18:06:07.815 [info] > git config --get commit.template [40ms]
2026-09-29 18:06:07.831 [info] > git for-each-ref --format=%(refname)%00%(upstream:short)%00%(objectname)%00%(upstream:track)%00%(upstream:remotename)%00%(upstream:remoteref) refs/heads/main refs/remotes/main [18ms]
2026-09-29 18:06:07.901 [info] > git status -z -uall [38ms]
2026-09-29 18:06:07.916 [info] > git for-each-ref --sort -committerdate --format %(refname)%00%(objectname)%00%(*objectname) [19ms]
2026-09-29 18:06:13.017 [info] > git config --get commit.template [38ms]
2026-09-29 18:06:13.032 [info] > git for-each-ref --format=%(refname)%00%(upstream:short)%00%(objectname)%00%(upstream:track)%00%(upstream:remotename)%00%(upstream:remoteref) refs/heads/main refs/remotes/main [19ms]
2026-09-29 18:06:13.110 [info] > git status -z -uall [47ms]
2026-09-29 18:06:13.121 [info] > git for-each-ref --sort -committerdate --format %(refname)%00%(objectname)%00%(*objectname) [21ms]
2026-09-29 18:06:18.229 [info] > git config --get commit.template [44ms]
2026-09-29 18:06:18.240 [info] > git for-each-ref --format=%(refname)%00%(upstream:short)%00%(objectname)%00%(upstream:track)%00%(upstream:remotename)%00%(upstream:remoteref) refs/heads/main refs/remotes/main [18ms]
2026-09-29 18:06:18.308 [info] > git status -z -uall [38ms]
2026-09-29 18:06:18.327 [info] > git for-each-ref --sort -committerdate --format %(refname)%00%(objectname)%00%(*objectname) [20ms]
2026-09-29 18:06:23.426 [info] > git config --get commit.template [40ms]
2026-09-29 18:06:23.443 [info] > git for-each-ref --format=%(refname)%00%(upstream:short)%00%(objectname)%00%(upstream:track)%00%(upstream:remotename)%00%(upstream:remoteref) refs/heads/main refs/remotes/main [19ms]
2026-09-29 18:06:23.531 [info] > git status -z -uall [50ms]
2026-09-29 18:06:23.550 [info] > git for-each-ref --sort -committerdate --format %(refname)%00%(objectname)%00%(*objectname) [21ms]
2026-09-29 18:06:28.654 [info] > git config --get commit.template [47ms]
2026-09-29 18:06:28.668 [info] > git for-each-ref --format=%(refname)%00%(upstream:short)%00%(objectname)%00%(upstream:track)%00%(upstream:remotename)%00%(upstream:remoteref) refs/heads/main refs/remotes/main [20ms]
2026-09-29 18:06:28.748 [info] > git status -z -uall [41ms]
2026-09-29 18:06:28.770 [info] > git for-each-ref --sort -committerdate --format %(refname)%00%(objectname)%00%(*objectname) [25ms]
2026-09-29 18:06:33.879 [info] > git config --get commit.template [40ms]
2026-09-29 18:06:33.896 [info] > git for-each-ref --format=%(refname)%00%(upstream:short)%00%(objectname)%00%(upstream:track)%00%(upstream:remotename)%00%(upstream:remoteref) refs/heads/main refs/remotes/main [21ms]
2026-09-29 18:06:33.973 [info] > git status -z -uall [41ms]
2026-09-29 18:06:33.986 [info] > git for-each-ref --sort -committerdate --format %(refname)%00%(objectname)%00%(*objectname) [18ms]
2026-09-29 18:06:39.091 [info] > git config --get commit.template [41ms]
2026-09-29 18:06:39.104 [info] > git for-each-ref --format=%(refname)%00%(upstream:short)%00%(objectname)%00%(upstream:track)%00%(upstream:remotename)%00%(upstream:remoteref) refs/heads/main refs/remotes/main [17ms]
2026-09-29 18:06:39.177 [info] > git status -z -uall [39ms]
2026-09-29 18:06:39.193 [info] > git for-each-ref --sort -committerdate --format %(refname)%00%(objectname)%00%(*objectname) [19ms]
2026-09-29 18:08:57.185 [info] > git config --get commit.template [153ms]
2026-09-29 18:08:57.206 [info] > git for-each-ref --format=%(refname)%00%(upstream:short)%00%(objectname)%00%(upstream:track)%00%(upstream:remotename)%00%(upstream:remoteref) refs/heads/main refs/remotes/main [122ms]
2026-09-29 18:08:57.307 [info] > git status -z -uall [55ms]
2026-09-29 18:08:57.315 [info] > git for-each-ref --sort -committerdate --format %(refname)%00%(objectname)%00%(*objectname) [25ms]
2026-09-29 18:09:02.416 [info] > git config --get commit.template [41ms]
2026-09-29 18:09:02.431 [info] > git for-each-ref --format=%(refname)%00%(upstream:short)%00%(objectname)%00%(upstream:track)%00%(upstream:remotename)%00%(upstream:remoteref) refs/heads/main refs/remotes/main [17ms]
2026-09-29 18:09:02.503 [info] > git status -z -uall [36ms]
2026-09-29 18:09:02.515 [info] > git for-each-ref --sort -committerdate --format %(refname)%00%(objectname)%00%(*objectname) [18ms]
2026-09-29 18:09:07.617 [info] > git config --get commit.template [43ms]
2026-09-29 18:09:07.633 [info] > git for-each-ref --format=%(refname)%00%(upstream:short)%00%(objectname)%00%(upstream:track)%00%(upstream:remotename)%00%(upstream:remoteref) refs/heads/main refs/remotes/main [19ms]
2026-09-29 18:09:07.709 [info] > git status -z -uall [38ms]
2026-09-29 18:09:07.725 [info] > git for-each-ref --sort -committerdate --format %(refname)%00%(objectname)%00%(*objectname) [19ms]
2026-09-29 18:09:12.817 [info] > git config --get commit.template [37ms]
2026-09-29 18:09:12.831 [info] > git for-each-ref --format=%(refname)%00%(upstream:short)%00%(objectname)%00%(upstream:track)%00%(upstream:remotename)%00%(upstream:remoteref) refs/heads/main refs/remotes/main [17ms]
2026-09-29 18:09:12.911 [info] > git status -z -uall [40ms]
2026-09-29 18:09:12.924 [info] > git for-each-ref --sort -committerdate --format %(refname)%00%(objectname)%00%(*objectname) [19ms]
2026-09-29 18:09:18.037 [info] > git config --get commit.template [42ms]
2026-09-29 18:09:18.049 [info] > git for-each-ref --format=%(refname)%00%(upstream:short)%00%(objectname)%00%(upstream:track)%00%(upstream:remotename)%00%(upstream:remoteref) refs/heads/main refs/remotes/main [18ms]
2026-09-29 18:09:18.124 [info] > git status -z -uall [39ms]
2026-09-29 18:09:18.144 [info] > git for-each-ref --sort -committerdate --format %(refname)%00%(objectname)%00%(*objectname) [22ms]
2026-09-29 18:09:23.246 [info] > git config --get commit.template [38ms]
2026-09-29 18:09:23.261 [info] > git for-each-ref --format=%(refname)%00%(upstream:short)%00%(objectname)%00%(upstream:track)%00%(upstream:remotename)%00%(upstream:remoteref) refs/heads/main refs/remotes/main [18ms]
2026-09-29 18:09:23.336 [info] > git status -z -uall [37ms]
2026-09-29 18:09:23.353 [info] > git for-each-ref --sort -committerdate --format %(refname)%00%(objectname)%00%(*objectname) [19ms]
2026-09-29 18:09:28.461 [info] > git config --get commit.template [41ms]
2026-09-29 18:09:28.475 [info] > git for-each-ref --format=%(refname)%00%(upstream:short)%00%(objectname)%00%(upstream:track)%00%(upstream:remotename)%00%(upstream:remoteref) refs/heads/main refs/remotes/main [17ms]
2026-09-29 18:09:28.546 [info] > git status -z -uall [38ms]
2026-09-29 18:09:28.565 [info] > git for-each-ref --sort -committerdate --format %(refname)%00%(objectname)%00%(*objectname) [22ms]
2026-09-29 18:09:33.660 [info] > git config --get commit.template [40ms]
2026-09-29 18:09:33.673 [info] > git for-each-ref --format=%(refname)%00%(upstream:short)%00%(objectname)%00%(upstream:track)%00%(upstream:remotename)%00%(upstream:remoteref) refs/heads/main refs/remotes/main [18ms]
2026-09-29 18:09:33.750 [info] > git status -z -uall [38ms]
2026-09-29 18:09:33.771 [info] > git for-each-ref --sort -committerdate --format %(refname)%00%(objectname)%00%(*objectname) [24ms]
2026-09-29 18:09:38.874 [info] > git config --get commit.template [44ms]
2026-09-29 18:09:38.886 [info] > git for-each-ref --format=%(refname)%00%(upstream:short)%00%(objectname)%00%(upstream:track)%00%(upstream:remotename)%00%(upstream:remoteref) refs/heads/main refs/remotes/main [17ms]
2026-09-29 18:09:38.960 [info] > git status -z -uall [39ms]
2026-09-29 18:09:38.975 [info] > git for-each-ref --sort -committerdate --format %(refname)%00%(objectname)%00%(*objectname) [18ms]
2026-09-29 18:09:44.076 [info] > git config --get commit.template [46ms]
2026-09-29 18:09:44.090 [info] > git for-each-ref --format=%(refname)%00%(upstream:short)%00%(objectname)%00%(upstream:track)%00%(upstream:remotename)%00%(upstream:remoteref) refs/heads/main refs/remotes/main [19ms]
2026-09-29 18:09:44.162 [info] > git status -z -uall [38ms]
2026-09-29 18:09:44.180 [info] > git for-each-ref --sort -committerdate --format %(refname)%00%(objectname)%00%(*objectname) [21ms]
2026-09-29 18:09:49.273 [info] > git config --get commit.template [41ms]
2026-09-29 18:09:49.288 [info] > git for-each-ref --format=%(refname)%00%(upstream:short)%00%(objectname)%00%(upstream:track)%00%(upstream:remotename)%00%(upstream:remoteref) refs/heads/main refs/remotes/main [19ms]
2026-09-29 18:09:49.358 [info] > git status -z -uall [39ms]
2026-09-29 18:09:49.375 [info] > git for-each-ref --sort -committerdate --format %(refname)%00%(objectname)%00%(*objectname) [19ms]
2026-09-29 18:09:54.484 [info] > git config --get commit.template [50ms]
2026-09-29 18:09:54.499 [info] > git for-each-ref --format=%(refname)%00%(upstream:short)%00%(objectname)%00%(upstream:track)%00%(upstream:remotename)%00%(upstream:remoteref) refs/heads/main refs/remotes/main [19ms]
2026-09-29 18:09:54.579 [info] > git status -z -uall [40ms]
2026-09-29 18:09:54.595 [info] > git for-each-ref --sort -committerdate --format %(refname)%00%(objectname)%00%(*objectname) [19ms]
2026-09-29 18:09:59.699 [info] > git config --get commit.template [44ms]
2026-09-29 18:09:59.716 [info] > git for-each-ref --format=%(refname)%00%(upstream:short)%00%(objectname)%00%(upstream:track)%00%(upstream:remotename)%00%(upstream:remoteref) refs/heads/main refs/remotes/main [20ms]
2026-09-29 18:09:59.792 [info] > git status -z -uall [38ms]
2026-09-29 18:09:59.806 [info] > git for-each-ref --sort -committerdate --format %(refname)%00%(objectname)%00%(*objectname) [17ms]
2026-09-29 18:10:04.913 [info] > git config --get commit.template [39ms]
2026-09-29 18:10:04.929 [info] > git for-each-ref --format=%(refname)%00%(upstream:short)%00%(objectname)%00%(upstream:track)%00%(upstream:remotename)%00%(upstream:remoteref) refs/heads/main refs/remotes/main [21ms]
2026-09-29 18:10:05.002 [info] > git status -z -uall [37ms]
2026-09-29 18:10:05.017 [info] > git for-each-ref --sort -committerdate --format %(refname)%00%(objectname)%00%(*objectname) [18ms]
2026-09-29 18:10:10.116 [info] > git config --get commit.template [40ms]
2026-09-29 18:10:10.132 [info] > git for-each-ref --format=%(refname)%00%(upstream:short)%00%(objectname)%00%(upstream:track)%00%(upstream:remotename)%00%(upstream:remoteref) refs/heads/main refs/remotes/main [19ms]
2026-09-29 18:10:10.210 [info] > git status -z -uall [40ms]
2026-09-29 18:10:10.227 [info] > git for-each-ref --sort -committerdate --format %(refname)%00%(objectname)%00%(*objectname) [22ms]
2026-09-29 18:10:15.329 [info] > git config --get commit.template [40ms]
2026-09-29 18:10:15.347 [info] > git for-each-ref --format=%(refname)%00%(upstream:short)%00%(objectname)%00%(upstream:track)%00%(upstream:remotename)%00%(upstream:remoteref) refs/heads/main refs/remotes/main [20ms]
2026-09-29 18:10:15.443 [info] > git status -z -uall [53ms]
2026-09-29 18:10:15.454 [info] > git for-each-ref --sort -committerdate --format %(refname)%00%(objectname)%00%(*objectname) [20ms]
2026-09-29 18:10:20.553 [info] > git config --get commit.template [41ms]
2026-09-29 18:10:20.570 [info] > git for-each-ref --format=%(refname)%00%(upstream:short)%00%(objectname)%00%(upstream:track)%00%(upstream:remotename)%00%(upstream:remoteref) refs/heads/main refs/remotes/main [20ms]
2026-09-29 18:10:20.650 [info] > git status -z -uall [42ms]
2026-09-29 18:10:20.665 [info] > git for-each-ref --sort -committerdate --format %(refname)%00%(objectname)%00%(*objectname) [20ms]
2026-09-29 18:10:25.773 [info] > git config --get commit.template [47ms]
2026-09-29 18:10:25.787 [info] > git for-each-ref --format=%(refname)%00%(upstream:short)%00%(objectname)%00%(upstream:track)%00%(upstream:remotename)%00%(upstream:remoteref) refs/heads/main refs/remotes/main [17ms]
2026-09-29 18:10:25.861 [info] > git status -z -uall [40ms]
2026-09-29 18:10:25.879 [info] > git for-each-ref --sort -committerdate --format %(refname)%00%(objectname)%00%(*objectname) [21ms]
2026-09-29 18:10:30.977 [info] > git config --get commit.template [40ms]
2026-09-29 18:10:30.994 [info] > git for-each-ref --format=%(refname)%00%(upstream:short)%00%(objectname)%00%(upstream:track)%00%(upstream:remotename)%00%(upstream:remoteref) refs/heads/main refs/remotes/main [19ms]
2026-09-29 18:10:31.071 [info] > git status -z -uall [40ms]
2026-09-29 18:10:31.092 [info] > git for-each-ref --sort -committerdate --format %(refname)%00%(objectname)%00%(*objectname) [24ms]
2026-09-29 18:10:36.196 [info] > git config --get commit.template [42ms]
2026-09-29 18:10:36.211 [info] > git for-each-ref --format=%(refname)%00%(upstream:short)%00%(objectname)%00%(upstream:track)%00%(upstream:remotename)%00%(upstream:remoteref) refs/heads/main refs/remotes/main [18ms]
2026-09-29 18:10:36.283 [info] > git status -z -uall [38ms]
2026-09-29 18:10:36.301 [info] > git for-each-ref --sort -committerdate --format %(refname)%00%(objectname)%00%(*objectname) [21ms]
2026-09-29 18:10:41.414 [info] > git config --get commit.template [51ms]
2026-09-29 18:10:41.429 [info] > git for-each-ref --format=%(refname)%00%(upstream:short)%00%(objectname)%00%(upstream:track)%00%(upstream:remotename)%00%(upstream:remoteref) refs/heads/main refs/remotes/main [22ms]
2026-09-29 18:10:41.504 [info] > git status -z -uall [37ms]
2026-09-29 18:10:41.517 [info] > git for-each-ref --sort -committerdate --format %(refname)%00%(objectname)%00%(*objectname) [17ms]
2026-09-29 18:10:46.607 [info] > git config --get commit.template [38ms]
2026-09-29 18:10:46.624 [info] > git for-each-ref --format=%(refname)%00%(upstream:short)%00%(objectname)%00%(upstream:track)%00%(upstream:remotename)%00%(upstream:remoteref) refs/heads/main refs/remotes/main [20ms]
2026-09-29 18:10:46.705 [info] > git status -z -uall [45ms]
2026-09-29 18:10:46.721 [info] > git for-each-ref --sort -committerdate --format %(refname)%00%(objectname)%00%(*objectname) [23ms]
2026-09-29 18:10:51.842 [info] > git config --get commit.template [54ms]
2026-09-29 18:10:51.865 [info] > git for-each-ref --format=%(refname)%00%(upstream:short)%00%(objectname)%00%(upstream:track)%00%(upstream:remotename)%00%(upstream:remoteref) refs/heads/main refs/remotes/main [31ms]
2026-09-29 18:10:51.945 [info] > git status -z -uall [46ms]
2026-09-29 18:10:51.992 [info] > git for-each-ref --sort -committerdate --format %(refname)%00%(objectname)%00%(*objectname) [54ms]
2026-09-29 18:10:57.099 [info] > git config --get commit.template [44ms]
2026-09-29 18:10:57.111 [info] > git for-each-ref --format=%(refname)%00%(upstream:short)%00%(objectname)%00%(upstream:track)%00%(upstream:remotename)%00%(upstream:remoteref) refs/heads/main refs/remotes/main [19ms]
2026-09-29 18:10:57.182 [info] > git status -z -uall [38ms]
2026-09-29 18:10:57.200 [info] > git for-each-ref --sort -committerdate --format %(refname)%00%(objectname)%00%(*objectname) [21ms]
2026-09-29 18:11:02.311 [info] > git config --get commit.template [39ms]
2026-09-29 18:11:02.325 [info] > git for-each-ref --format=%(refname)%00%(upstream:short)%00%(objectname)%00%(upstream:track)%00%(upstream:remotename)%00%(upstream:remoteref) refs/heads/main refs/remotes/main [18ms]
2026-09-29 18:11:02.401 [info] > git status -z -uall [38ms]
2026-09-29 18:11:02.419 [info] > git for-each-ref --sort -committerdate --format %(refname)%00%(objectname)%00%(*objectname) [21ms]
2026-09-29 18:11:07.522 [info] > git config --get commit.template [43ms]
2026-09-29 18:11:07.537 [info] > git for-each-ref --format=%(refname)%00%(upstream:short)%00%(objectname)%00%(upstream:track)%00%(upstream:remotename)%00%(upstream:remoteref) refs/heads/main refs/remotes/main [18ms]
2026-09-29 18:11:07.609 [info] > git status -z -uall [36ms]
2026-09-29 18:11:07.628 [info] > git for-each-ref --sort -committerdate --format %(refname)%00%(objectname)%00%(*objectname) [21ms]
2026-09-29 18:11:12.728 [info] > git config --get commit.template [41ms]
2026-09-29 18:11:12.760 [info] > git for-each-ref --format=%(refname)%00%(upstream:short)%00%(objectname)%00%(upstream:track)%00%(upstream:remotename)%00%(upstream:remoteref) refs/heads/main refs/remotes/main [35ms]
2026-09-29 18:11:12.830 [info] > git status -z -uall [38ms]
2026-09-29 18:11:12.844 [info] > git for-each-ref --sort -committerdate --format %(refname)%00%(objectname)%00%(*objectname) [18ms]
2026-09-29 18:11:17.947 [info] > git config --get commit.template [42ms]
2026-09-29 18:11:17.962 [info] > git for-each-ref --format=%(refname)%00%(upstream:short)%00%(objectname)%00%(upstream:track)%00%(upstream:remotename)%00%(upstream:remoteref) refs/heads/main refs/remotes/main [18ms]
2026-09-29 18:11:18.029 [info] > git status -z -uall [34ms]
2026-09-29 18:11:18.045 [info] > git for-each-ref --sort -committerdate --format %(refname)%00%(objectname)%00%(*objectname) [19ms]
2026-09-29 18:11:23.153 [info] > git config --get commit.template [44ms]
2026-09-29 18:11:23.165 [info] > git for-each-ref --format=%(refname)%00%(upstream:short)%00%(objectname)%00%(upstream:track)%00%(upstream:remotename)%00%(upstream:remoteref) refs/heads/main refs/remotes/main [19ms]
2026-09-29 18:11:23.238 [info] > git status -z -uall [38ms]
2026-09-29 18:11:23.256 [info] > git for-each-ref --sort -committerdate --format %(refname)%00%(objectname)%00%(*objectname) [19ms]
2026-09-29 18:11:28.365 [info] > git config --get commit.template [40ms]
2026-09-29 18:11:28.381 [info] > git for-each-ref --format=%(refname)%00%(upstream:short)%00%(objectname)%00%(upstream:track)%00%(upstream:remotename)%00%(upstream:remoteref) refs/heads/main refs/remotes/main [19ms]
2026-09-29 18:11:28.456 [info] > git status -z -uall [40ms]
2026-09-29 18:11:28.472 [info] > git for-each-ref --sort -committerdate --format %(refname)%00%(objectname)%00%(*objectname) [18ms]
2026-09-29 18:11:33.566 [info] > git config --get commit.template [38ms]
2026-09-29 18:11:33.582 [info] > git for-each-ref --format=%(refname)%00%(upstream:short)%00%(objectname)%00%(upstream:track)%00%(upstream:remotename)%00%(upstream:remoteref) refs/heads/main refs/remotes/main [19ms]
2026-09-29 18:11:33.653 [info] > git status -z -uall [38ms]
2026-09-29 18:11:33.668 [info] > git for-each-ref --sort -committerdate --format %(refname)%00%(objectname)%00%(*objectname) [18ms]
2026-09-29 18:11:38.769 [info] > git config --get commit.template [43ms]
2026-09-29 18:11:38.785 [info] > git for-each-ref --format=%(refname)%00%(upstream:short)%00%(objectname)%00%(upstream:track)%00%(upstream:remotename)%00%(upstream:remoteref) refs/heads/main refs/remotes/main [19ms]
2026-09-29 18:11:38.855 [info] > git status -z -uall [37ms]
2026-09-29 18:11:38.874 [info] > git for-each-ref --sort -committerdate --format %(refname)%00%(objectname)%00%(*objectname) [21ms]
2026-09-29 18:11:43.978 [info] > git config --get commit.template [47ms]
2026-09-29 18:11:43.993 [info] > git for-each-ref --format=%(refname)%00%(upstream:short)%00%(objectname)%00%(upstream:track)%00%(upstream:remotename)%00%(upstream:remoteref) refs/heads/main refs/remotes/main [17ms]
2026-09-29 18:11:44.067 [info] > git status -z -uall [39ms]
2026-09-29 18:11:44.085 [info] > git for-each-ref --sort -committerdate --format %(refname)%00%(objectname)%00%(*objectname) [20ms]
2026-09-29 18:11:49.193 [info] > git config --get commit.template [46ms]
2026-09-29 18:11:49.207 [info] > git for-each-ref --format=%(refname)%00%(upstream:short)%00%(objectname)%00%(upstream:track)%00%(upstream:remotename)%00%(upstream:remoteref) refs/heads/main refs/remotes/main [18ms]
2026-09-29 18:11:49.286 [info] > git status -z -uall [40ms]
2026-09-29 18:11:49.308 [info] > git for-each-ref --sort -committerdate --format %(refname)%00%(objectname)%00%(*objectname) [24ms]
2026-09-29 18:11:54.411 [info] > git config --get commit.template [40ms]
2026-09-29 18:11:54.426 [info] > git for-each-ref --format=%(refname)%00%(upstream:short)%00%(objectname)%00%(upstream:track)%00%(upstream:remotename)%00%(upstream:remoteref) refs/heads/main refs/remotes/main [18ms]
2026-09-29 18:11:54.506 [info] > git status -z -uall [44ms]
2026-09-29 18:11:54.524 [info] > git for-each-ref --sort -committerdate --format %(refname)%00%(objectname)%00%(*objectname) [24ms]
2026-09-29 18:11:59.619 [info] > git config --get commit.template [39ms]
2026-09-29 18:11:59.634 [info] > git for-each-ref --format=%(refname)%00%(upstream:short)%00%(objectname)%00%(upstream:track)%00%(upstream:remotename)%00%(upstream:remoteref) refs/heads/main refs/remotes/main [19ms]
2026-09-29 18:11:59.721 [info] > git status -z -uall [41ms]
2026-09-29 18:11:59.730 [info] > git for-each-ref --sort -committerdate --format %(refname)%00%(objectname)%00%(*objectname) [18ms]
2026-09-29 18:12:04.834 [info] > git config --get commit.template [40ms]
2026-09-29 18:12:04.848 [info] > git for-each-ref --format=%(refname)%00%(upstream:short)%00%(objectname)%00%(upstream:track)%00%(upstream:remotename)%00%(upstream:remoteref) refs/heads/main refs/remotes/main [19ms]
2026-09-29 18:12:04.927 [info] > git status -z -uall [40ms]
2026-09-29 18:12:04.944 [info] > git for-each-ref --sort -committerdate --format %(refname)%00%(objectname)%00%(*objectname) [19ms]
2026-09-29 18:12:10.045 [info] > git config --get commit.template [41ms]
2026-09-29 18:12:10.060 [info] > git for-each-ref --format=%(refname)%00%(upstream:short)%00%(objectname)%00%(upstream:track)%00%(upstream:remotename)%00%(upstream:remoteref) refs/heads/main refs/remotes/main [18ms]
2026-09-29 18:12:10.134 [info] > git status -z -uall [35ms]
2026-09-29 18:12:10.151 [info] > git for-each-ref --sort -committerdate --format %(refname)%00%(objectname)%00%(*objectname) [20ms]
2026-09-29 18:12:15.248 [info] > git config --get commit.template [42ms]
2026-09-29 18:12:15.263 [info] > git for-each-ref --format=%(refname)%00%(upstream:short)%00%(objectname)%00%(upstream:track)%00%(upstream:remotename)%00%(upstream:remoteref) refs/heads/main refs/remotes/main [19ms]
2026-09-29 18:12:15.342 [info] > git status -z -uall [38ms]
2026-09-29 18:12:15.358 [info] > git for-each-ref --sort -committerdate --format %(refname)%00%(objectname)%00%(*objectname) [19ms]
2026-09-29 18:12:20.462 [info] > git config --get commit.template [43ms]
2026-09-29 18:12:20.478 [info] > git for-each-ref --format=%(refname)%00%(upstream:short)%00%(objectname)%00%(upstream:track)%00%(upstream:remotename)%00%(upstream:remoteref) refs/heads/main refs/remotes/main [21ms]
2026-09-29 18:12:20.547 [info] > git status -z -uall [35ms]
2026-09-29 18:12:20.563 [info] > git for-each-ref --sort -committerdate --format %(refname)%00%(objectname)%00%(*objectname) [19ms]
2026-09-29 18:12:25.660 [info] > git config --get commit.template [39ms]
2026-09-29 18:12:25.676 [info] > git for-each-ref --format=%(refname)%00%(upstream:short)%00%(objectname)%00%(upstream:track)%00%(upstream:remotename)%00%(upstream:remoteref) refs/heads/main refs/remotes/main [20ms]
2026-09-29 18:12:25.756 [info] > git status -z -uall [39ms]
2026-09-29 18:12:25.771 [info] > git for-each-ref --sort -committerdate --format %(refname)%00%(objectname)%00%(*objectname) [19ms]
2026-09-29 18:12:30.879 [info] > git config --get commit.template [41ms]
2026-09-29 18:12:30.893 [info] > git for-each-ref --format=%(refname)%00%(upstream:short)%00%(objectname)%00%(upstream:track)%00%(upstream:remotename)%00%(upstream:remoteref) refs/heads/main refs/remotes/main [18ms]
2026-09-29 18:12:30.969 [info] > git status -z -uall [41ms]
2026-09-29 18:12:30.984 [info] > git for-each-ref --sort -committerdate --format %(refname)%00%(objectname)%00%(*objectname) [21ms]
2026-09-29 18:12:36.085 [info] > git config --get commit.template [40ms]
2026-09-29 18:12:36.101 [info] > git for-each-ref --format=%(refname)%00%(upstream:short)%00%(objectname)%00%(upstream:track)%00%(upstream:remotename)%00%(upstream:remoteref) refs/heads/main refs/remotes/main [20ms]
2026-09-29 18:12:36.182 [info] > git status -z -uall [42ms]
2026-09-29 18:12:36.197 [info] > git for-each-ref --sort -committerdate --format %(refname)%00%(objectname)%00%(*objectname) [19ms]
2026-09-29 18:12:41.294 [info] > git config --get commit.template [44ms]
2026-09-29 18:12:41.309 [info] > git for-each-ref --format=%(refname)%00%(upstream:short)%00%(objectname)%00%(upstream:track)%00%(upstream:remotename)%00%(upstream:remoteref) refs/heads/main refs/remotes/main [21ms]
2026-09-29 18:12:41.385 [info] > git status -z -uall [39ms]
2026-09-29 18:12:41.398 [info] > git for-each-ref --sort -committerdate --format %(refname)%00%(objectname)%00%(*objectname) [19ms]
2026-09-29 18:12:46.502 [info] > git config --get commit.template [40ms]
2026-09-29 18:12:46.518 [info] > git for-each-ref --format=%(refname)%00%(upstream:short)%00%(objectname)%00%(upstream:track)%00%(upstream:remotename)%00%(upstream:remoteref) refs/heads/main refs/remotes/main [21ms]
2026-09-29 18:12:46.598 [info] > git status -z -uall [41ms]
2026-09-29 18:12:46.616 [info] > git for-each-ref --sort -committerdate --format %(refname)%00%(objectname)%00%(*objectname) [24ms]
2026-09-29 18:12:51.717 [info] > git config --get commit.template [38ms]
2026-09-29 18:12:51.733 [info] > git for-each-ref --format=%(refname)%00%(upstream:short)%00%(objectname)%00%(upstream:track)%00%(upstream:remotename)%00%(upstream:remoteref) refs/heads/main refs/remotes/main [18ms]
2026-09-29 18:12:51.839 [info] > git status -z -uall [60ms]
2026-09-29 18:12:51.847 [info] > git for-each-ref --sort -committerdate --format %(refname)%00%(objectname)%00%(*objectname) [24ms]
2026-09-29 18:12:56.959 [info] > git config --get commit.template [40ms]
2026-09-29 18:12:56.973 [info] > git for-each-ref --format=%(refname)%00%(upstream:short)%00%(objectname)%00%(upstream:track)%00%(upstream:remotename)%00%(upstream:remoteref) refs/heads/main refs/remotes/main [17ms]
2026-09-29 18:12:57.055 [info] > git status -z -uall [43ms]
2026-09-29 18:12:57.068 [info] > git for-each-ref --sort -committerdate --format %(refname)%00%(objectname)%00%(*objectname) [20ms]
2026-09-29 18:13:02.158 [info] > git config --get commit.template [38ms]
2026-09-29 18:13:02.174 [info] > git for-each-ref --format=%(refname)%00%(upstream:short)%00%(objectname)%00%(upstream:track)%00%(upstream:remotename)%00%(upstream:remoteref) refs/heads/main refs/remotes/main [19ms]
2026-09-29 18:13:02.265 [info] > git status -z -uall [48ms]
2026-09-29 18:13:02.273 [info] > git for-each-ref --sort -committerdate --format %(refname)%00%(objectname)%00%(*objectname) [19ms]
2026-09-29 18:13:07.371 [info] > git config --get commit.template [39ms]
2026-09-29 18:13:07.387 [info] > git for-each-ref --format=%(refname)%00%(upstream:short)%00%(objectname)%00%(upstream:track)%00%(upstream:remotename)%00%(upstream:remoteref) refs/heads/main refs/remotes/main [19ms]
2026-09-29 18:13:07.465 [info] > git status -z -uall [38ms]
2026-09-29 18:13:07.481 [info] > git for-each-ref --sort -committerdate --format %(refname)%00%(objectname)%00%(*objectname) [19ms]
2026-09-29 18:13:12.585 [info] > git config --get commit.template [40ms]
2026-09-29 18:13:12.602 [info] > git for-each-ref --format=%(refname)%00%(upstream:short)%00%(objectname)%00%(upstream:track)%00%(upstream:remotename)%00%(upstream:remoteref) refs/heads/main refs/remotes/main [20ms]
2026-09-29 18:13:12.676 [info] > git status -z -uall [37ms]
2026-09-29 18:13:12.693 [info] > git for-each-ref --sort -committerdate --format %(refname)%00%(objectname)%00%(*objectname) [19ms]
2026-09-29 18:13:17.799 [info] > git config --get commit.template [45ms]
2026-09-29 18:13:17.815 [info] > git for-each-ref --format=%(refname)%00%(upstream:short)%00%(objectname)%00%(upstream:track)%00%(upstream:remotename)%00%(upstream:remoteref) refs/heads/main refs/remotes/main [19ms]
2026-09-29 18:13:17.887 [info] > git status -z -uall [39ms]
2026-09-29 18:13:17.904 [info] > git for-each-ref --sort -committerdate --format %(refname)%00%(objectname)%00%(*objectname) [19ms]
2026-09-29 18:13:23.005 [info] > git config --get commit.template [44ms]
2026-09-29 18:13:23.018 [info] > git for-each-ref --format=%(refname)%00%(upstream:short)%00%(objectname)%00%(upstream:track)%00%(upstream:remotename)%00%(upstream:remoteref) refs/heads/main refs/remotes/main [20ms]
2026-09-29 18:13:23.096 [info] > git status -z -uall [38ms]
2026-09-29 18:13:23.114 [info] > git for-each-ref --sort -committerdate --format %(refname)%00%(objectname)%00%(*objectname) [19ms]
2026-09-29 18:13:28.216 [info] > git config --get commit.template [39ms]
2026-09-29 18:13:28.232 [info] > git for-each-ref --format=%(refname)%00%(upstream:short)%00%(objectname)%00%(upstream:track)%00%(upstream:remotename)%00%(upstream:remoteref) refs/heads/main refs/remotes/main [18ms]
2026-09-29 18:13:28.304 [info] > git status -z -uall [38ms]
2026-09-29 18:13:28.320 [info] > git for-each-ref --sort -committerdate --format %(refname)%00%(objectname)%00%(*objectname) [19ms]
2026-09-29 18:13:48.636 [info] > git config --get commit.template [73ms]
2026-09-29 18:13:48.655 [info] > git for-each-ref --format=%(refname)%00%(upstream:short)%00%(objectname)%00%(upstream:track)%00%(upstream:remotename)%00%(upstream:remoteref) refs/heads/main refs/remotes/main [35ms]
2026-09-29 18:13:48.816 [info] > git status -z -uall [101ms]
2026-09-29 18:13:48.839 [info] > git for-each-ref --sort -committerdate --format %(refname)%00%(objectname)%00%(*objectname) [48ms]
2026-09-29 18:13:53.971 [info] > git config --get commit.template [40ms]
2026-09-29 18:13:53.987 [info] > git for-each-ref --format=%(refname)%00%(upstream:short)%00%(objectname)%00%(upstream:track)%00%(upstream:remotename)%00%(upstream:remoteref) refs/heads/main refs/remotes/main [19ms]
2026-09-29 18:13:54.059 [info] > git status -z -uall [39ms]
2026-09-29 18:13:54.080 [info] > git for-each-ref --sort -committerdate --format %(refname)%00%(objectname)%00%(*objectname) [24ms]
2026-09-29 18:13:59.180 [info] > git config --get commit.template [44ms]
2026-09-29 18:13:59.193 [info] > git for-each-ref --format=%(refname)%00%(upstream:short)%00%(objectname)%00%(upstream:track)%00%(upstream:remotename)%00%(upstream:remoteref) refs/heads/main refs/remotes/main [19ms]
2026-09-29 18:13:59.272 [info] > git status -z -uall [38ms]
2026-09-29 18:13:59.288 [info] > git for-each-ref --sort -committerdate --format %(refname)%00%(objectname)%00%(*objectname) [19ms]
2026-09-29 18:14:04.385 [info] > git config --get commit.template [46ms]
2026-09-29 18:14:04.405 [info] > git for-each-ref --format=%(refname)%00%(upstream:short)%00%(objectname)%00%(upstream:track)%00%(upstream:remotename)%00%(upstream:remoteref) refs/heads/main refs/remotes/main [23ms]
2026-09-29 18:14:04.479 [info] > git status -z -uall [38ms]
2026-09-29 18:14:04.494 [info] > git for-each-ref --sort -committerdate --format %(refname)%00%(objectname)%00%(*objectname) [18ms]
2026-09-29 18:14:09.587 [info] > git config --get commit.template [40ms]
2026-09-29 18:14:09.603 [info] > git for-each-ref --format=%(refname)%00%(upstream:short)%00%(objectname)%00%(upstream:track)%00%(upstream:remotename)%00%(upstream:remoteref) refs/heads/main refs/remotes/main [19ms]
2026-09-29 18:14:09.677 [info] > git status -z -uall [37ms]
2026-09-29 18:14:09.691 [info] > git for-each-ref --sort -committerdate --format %(refname)%00%(objectname)%00%(*objectname) [19ms]
2026-09-29 18:14:14.797 [info] > git config --get commit.template [42ms]
2026-09-29 18:14:14.814 [info] > git for-each-ref --format=%(refname)%00%(upstream:short)%00%(objectname)%00%(upstream:track)%00%(upstream:remotename)%00%(upstream:remoteref) refs/heads/main refs/remotes/main [20ms]
2026-09-29 18:14:14.903 [info] > git status -z -uall [46ms]
2026-09-29 18:14:14.916 [info] > git for-each-ref --sort -committerdate --format %(refname)%00%(objectname)%00%(*objectname) [20ms]
2026-09-29 18:14:20.024 [info] > git config --get commit.template [38ms]
2026-09-29 18:14:20.040 [info] > git for-each-ref --format=%(refname)%00%(upstream:short)%00%(objectname)%00%(upstream:track)%00%(upstream:remotename)%00%(upstream:remoteref) refs/heads/main refs/remotes/main [20ms]
2026-09-29 18:14:20.116 [info] > git status -z -uall [39ms]
2026-09-29 18:14:20.135 [info] > git for-each-ref --sort -committerdate --format %(refname)%00%(objectname)%00%(*objectname) [22ms]
2026-09-29 18:14:25.245 [info] > git config --get commit.template [41ms]
2026-09-29 18:14:25.262 [info] > git for-each-ref --format=%(refname)%00%(upstream:short)%00%(objectname)%00%(upstream:track)%00%(upstream:remotename)%00%(upstream:remoteref) refs/heads/main refs/remotes/main [19ms]
2026-09-29 18:14:25.340 [info] > git status -z -uall [37ms]
2026-09-29 18:14:25.355 [info] > git for-each-ref --sort -committerdate --format %(refname)%00%(objectname)%00%(*objectname) [19ms]
2026-09-29 18:14:30.461 [info] > git config --get commit.template [43ms]
2026-09-29 18:14:30.478 [info] > git for-each-ref --format=%(refname)%00%(upstream:short)%00%(objectname)%00%(upstream:track)%00%(upstream:remotename)%00%(upstream:remoteref) refs/heads/main refs/remotes/main [21ms]
2026-09-29 18:14:30.552 [info] > git status -z -uall [39ms]
2026-09-29 18:14:30.573 [info] > git for-each-ref --sort -committerdate --format %(refname)%00%(objectname)%00%(*objectname) [23ms]
2026-09-29 18:14:35.684 [info] > git config --get commit.template [44ms]
2026-09-29 18:14:35.701 [info] > git for-each-ref --format=%(refname)%00%(upstream:short)%00%(objectname)%00%(upstream:track)%00%(upstream:remotename)%00%(upstream:remoteref) refs/heads/main refs/remotes/main [20ms]
2026-09-29 18:14:35.777 [info] > git status -z -uall [37ms]
2026-09-29 18:14:35.795 [info] > git for-each-ref --sort -committerdate --format %(refname)%00%(objectname)%00%(*objectname) [20ms]
2026-09-29 18:14:40.892 [info] > git config --get commit.template [39ms]
2026-09-29 18:14:40.908 [info] > git for-each-ref --format=%(refname)%00%(upstream:short)%00%(objectname)%00%(upstream:track)%00%(upstream:remotename)%00%(upstream:remoteref) refs/heads/main refs/remotes/main [20ms]
2026-09-29 18:14:40.985 [info] > git status -z -uall [41ms]
2026-09-29 18:14:41.003 [info] > git for-each-ref --sort -committerdate --format %(refname)%00%(objectname)%00%(*objectname) [20ms]
2026-09-29 18:14:46.100 [info] > git config --get commit.template [39ms]
2026-09-29 18:14:46.116 [info] > git for-each-ref --format=%(refname)%00%(upstream:short)%00%(objectname)%00%(upstream:track)%00%(upstream:remotename)%00%(upstream:remoteref) refs/heads/main refs/remotes/main [19ms]
2026-09-29 18:14:46.193 [info] > git status -z -uall [36ms]
2026-09-29 18:14:46.208 [info] > git for-each-ref --sort -committerdate --format %(refname)%00%(objectname)%00%(*objectname) [19ms]
2026-09-29 18:14:51.305 [info] > git config --get commit.template [40ms]
2026-09-29 18:14:51.321 [info] > git for-each-ref --format=%(refname)%00%(upstream:short)%00%(objectname)%00%(upstream:track)%00%(upstream:remotename)%00%(upstream:remoteref) refs/heads/main refs/remotes/main [19ms]
2026-09-29 18:14:51.396 [info] > git status -z -uall [39ms]
2026-09-29 18:14:51.417 [info] > git for-each-ref --sort -committerdate --format %(refname)%00%(objectname)%00%(*objectname) [27ms]
2026-09-29 18:14:56.518 [info] > git config --get commit.template [39ms]
2026-09-29 18:14:56.533 [info] > git for-each-ref --format=%(refname)%00%(upstream:short)%00%(objectname)%00%(upstream:track)%00%(upstream:remotename)%00%(upstream:remoteref) refs/heads/main refs/remotes/main [19ms]
2026-09-29 18:14:56.603 [info] > git status -z -uall [38ms]
2026-09-29 18:14:56.620 [info] > git for-each-ref --sort -committerdate --format %(refname)%00%(objectname)%00%(*objectname) [20ms]
2026-09-29 18:15:01.721 [info] > git config --get commit.template [42ms]
2026-09-29 18:15:01.734 [info] > git for-each-ref --format=%(refname)%00%(upstream:short)%00%(objectname)%00%(upstream:track)%00%(upstream:remotename)%00%(upstream:remoteref) refs/heads/main refs/remotes/main [18ms]
2026-09-29 18:15:01.801 [info] > git status -z -uall [35ms]
2026-09-29 18:15:01.818 [info] > git for-each-ref --sort -committerdate --format %(refname)%00%(objectname)%00%(*objectname) [19ms]
2026-09-29 18:15:06.926 [info] > git config --get commit.template [43ms]
2026-09-29 18:15:06.942 [info] > git for-each-ref --format=%(refname)%00%(upstream:short)%00%(objectname)%00%(upstream:track)%00%(upstream:remotename)%00%(upstream:remoteref) refs/heads/main refs/remotes/main [18ms]
2026-09-29 18:15:07.018 [info] > git status -z -uall [36ms]
2026-09-29 18:15:07.034 [info] > git for-each-ref --sort -committerdate --format %(refname)%00%(objectname)%00%(*objectname) [19ms]
2026-09-29 18:15:12.146 [info] > git config --get commit.template [51ms]
2026-09-29 18:15:12.169 [info] > git for-each-ref --format=%(refname)%00%(upstream:short)%00%(objectname)%00%(upstream:track)%00%(upstream:remotename)%00%(upstream:remoteref) refs/heads/main refs/remotes/main [33ms]
2026-09-29 18:15:12.259 [info] > git status -z -uall [52ms]
2026-09-29 18:15:12.283 [info] > git for-each-ref --sort -committerdate --format %(refname)%00%(objectname)%00%(*objectname) [28ms]
2026-09-29 18:15:17.385 [info] > git config --get commit.template [40ms]
2026-09-29 18:15:17.406 [info] > git for-each-ref --format=%(refname)%00%(upstream:short)%00%(objectname)%00%(upstream:track)%00%(upstream:remotename)%00%(upstream:remoteref) refs/heads/main refs/remotes/main [25ms]
2026-09-29 18:15:17.489 [info] > git status -z -uall [45ms]
2026-09-29 18:15:17.508 [info] > git for-each-ref --sort -committerdate --format %(refname)%00%(objectname)%00%(*objectname) [22ms]
2026-09-29 18:15:22.612 [info] > git config --get commit.template [41ms]
2026-09-29 18:15:22.626 [info] > git for-each-ref --format=%(refname)%00%(upstream:short)%00%(objectname)%00%(upstream:track)%00%(upstream:remotename)%00%(upstream:remoteref) refs/heads/main refs/remotes/main [17ms]
2026-09-29 18:15:22.704 [info] > git status -z -uall [37ms]
2026-09-29 18:15:22.719 [info] > git for-each-ref --sort -committerdate --format %(refname)%00%(objectname)%00%(*objectname) [18ms]
2026-09-29 18:15:27.812 [info] > git config --get commit.template [38ms]
2026-09-29 18:15:27.828 [info] > git for-each-ref --format=%(refname)%00%(upstream:short)%00%(objectname)%00%(upstream:track)%00%(upstream:remotename)%00%(upstream:remoteref) refs/heads/main refs/remotes/main [19ms]
2026-09-29 18:15:27.902 [info] > git status -z -uall [37ms]
2026-09-29 18:15:27.919 [info] > git for-each-ref --sort -committerdate --format %(refname)%00%(objectname)%00%(*objectname) [20ms]
2026-09-29 18:15:33.026 [info] > git config --get commit.template [47ms]
2026-09-29 18:15:33.041 [info] > git for-each-ref --format=%(refname)%00%(upstream:short)%00%(objectname)%00%(upstream:track)%00%(upstream:remotename)%00%(upstream:remoteref) refs/heads/main refs/remotes/main [21ms]
2026-09-29 18:15:33.118 [info] > git status -z -uall [36ms]
2026-09-29 18:15:33.134 [info] > git for-each-ref --sort -committerdate --format %(refname)%00%(objectname)%00%(*objectname) [19ms]
2026-09-29 18:15:38.239 [info] > git config --get commit.template [40ms]
2026-09-29 18:15:38.255 [info] > git for-each-ref --format=%(refname)%00%(upstream:short)%00%(objectname)%00%(upstream:track)%00%(upstream:remotename)%00%(upstream:remoteref) refs/heads/main refs/remotes/main [20ms]
2026-09-29 18:15:38.324 [info] > git status -z -uall [37ms]
2026-09-29 18:15:38.339 [info] > git for-each-ref --sort -committerdate --format %(refname)%00%(objectname)%00%(*objectname) [18ms]
2026-09-29 18:15:43.450 [info] > git config --get commit.template [51ms]
2026-09-29 18:15:43.465 [info] > git for-each-ref --format=%(refname)%00%(upstream:short)%00%(objectname)%00%(upstream:track)%00%(upstream:remotename)%00%(upstream:remoteref) refs/heads/main refs/remotes/main [20ms]
2026-09-29 18:15:43.539 [info] > git status -z -uall [34ms]
2026-09-29 18:15:43.556 [info] > git for-each-ref --sort -committerdate --format %(refname)%00%(objectname)%00%(*objectname) [19ms]
2026-09-29 18:15:48.665 [info] > git config --get commit.template [46ms]
2026-09-29 18:15:48.682 [info] > git for-each-ref --format=%(refname)%00%(upstream:short)%00%(objectname)%00%(upstream:track)%00%(upstream:remotename)%00%(upstream:remoteref) refs/heads/main refs/remotes/main [19ms]
2026-09-29 18:15:48.751 [info] > git status -z -uall [36ms]
2026-09-29 18:15:48.767 [info] > git for-each-ref --sort -committerdate --format %(refname)%00%(objectname)%00%(*objectname) [18ms]
2026-09-29 18:15:53.861 [info] > git config --get commit.template [37ms]
2026-09-29 18:15:53.876 [info] > git for-each-ref --format=%(refname)%00%(upstream:short)%00%(objectname)%00%(upstream:track)%00%(upstream:remotename)%00%(upstream:remoteref) refs/heads/main refs/remotes/main [19ms]
2026-09-29 18:15:53.951 [info] > git status -z -uall [35ms]
2026-09-29 18:15:53.966 [info] > git for-each-ref --sort -committerdate --format %(refname)%00%(objectname)%00%(*objectname) [18ms]
2026-09-29 18:15:59.068 [info] > git config --get commit.template [40ms]
2026-09-29 18:15:59.084 [info] > git for-each-ref --format=%(refname)%00%(upstream:short)%00%(objectname)%00%(upstream:track)%00%(upstream:remotename)%00%(upstream:remoteref) refs/heads/main refs/remotes/main [19ms]
2026-09-29 18:15:59.158 [info] > git status -z -uall [37ms]
2026-09-29 18:15:59.177 [info] > git for-each-ref --sort -committerdate --format %(refname)%00%(objectname)%00%(*objectname) [20ms]
2026-09-29 18:16:04.275 [info] > git config --get commit.template [40ms]
2026-09-29 18:16:04.290 [info] > git for-each-ref --format=%(refname)%00%(upstream:short)%00%(objectname)%00%(upstream:track)%00%(upstream:remotename)%00%(upstream:remoteref) refs/heads/main refs/remotes/main [18ms]
2026-09-29 18:16:04.369 [info] > git status -z -uall [39ms]
2026-09-29 18:16:04.388 [info] > git for-each-ref --sort -committerdate --format %(refname)%00%(objectname)%00%(*objectname) [22ms]
2026-09-29 18:16:09.494 [info] > git config --get commit.template [37ms]
2026-09-29 18:16:09.508 [info] > git for-each-ref --format=%(refname)%00%(upstream:short)%00%(objectname)%00%(upstream:track)%00%(upstream:remotename)%00%(upstream:remoteref) refs/heads/main refs/remotes/main [17ms]
2026-09-29 18:16:09.580 [info] > git status -z -uall [41ms]
2026-09-29 18:16:09.594 [info] > git for-each-ref --sort -committerdate --format %(refname)%00%(objectname)%00%(*objectname) [18ms]
2026-09-29 18:16:14.693 [info] > git config --get commit.template [42ms]
2026-09-29 18:16:14.706 [info] > git for-each-ref --format=%(refname)%00%(upstream:short)%00%(objectname)%00%(upstream:track)%00%(upstream:remotename)%00%(upstream:remoteref) refs/heads/main refs/remotes/main [18ms]
2026-09-29 18:16:14.778 [info] > git status -z -uall [38ms]
2026-09-29 18:16:14.795 [info] > git for-each-ref --sort -committerdate --format %(refname)%00%(objectname)%00%(*objectname) [19ms]
2026-09-29 18:16:19.890 [info] > git config --get commit.template [36ms]
2026-09-29 18:16:19.905 [info] > git for-each-ref --format=%(refname)%00%(upstream:short)%00%(objectname)%00%(upstream:track)%00%(upstream:remotename)%00%(upstream:remoteref) refs/heads/main refs/remotes/main [18ms]
2026-09-29 18:16:19.979 [info] > git status -z -uall [40ms]
2026-09-29 18:16:19.996 [info] > git for-each-ref --sort -committerdate --format %(refname)%00%(objectname)%00%(*objectname) [22ms]
2026-09-29 18:16:25.106 [info] > git config --get commit.template [47ms]
2026-09-29 18:16:25.119 [info] > git for-each-ref --format=%(refname)%00%(upstream:short)%00%(objectname)%00%(upstream:track)%00%(upstream:remotename)%00%(upstream:remoteref) refs/heads/main refs/remotes/main [20ms]
2026-09-29 18:16:25.189 [info] > git status -z -uall [37ms]
2026-09-29 18:16:25.206 [info] > git for-each-ref --sort -committerdate --format %(refname)%00%(objectname)%00%(*objectname) [19ms]
2026-09-29 18:16:30.311 [info] > git config --get commit.template [45ms]
2026-09-29 18:16:30.326 [info] > git for-each-ref --format=%(refname)%00%(upstream:short)%00%(objectname)%00%(upstream:track)%00%(upstream:remotename)%00%(upstream:remoteref) refs/heads/main refs/remotes/main [17ms]
2026-09-29 18:16:30.399 [info] > git status -z -uall [38ms]
2026-09-29 18:16:30.418 [info] > git for-each-ref --sort -committerdate --format %(refname)%00%(objectname)%00%(*objectname) [21ms]
2026-09-29 18:16:35.519 [info] > git config --get commit.template [38ms]
2026-09-29 18:16:35.534 [info] > git for-each-ref --format=%(refname)%00%(upstream:short)%00%(objectname)%00%(upstream:track)%00%(upstream:remotename)%00%(upstream:remoteref) refs/heads/main refs/remotes/main [18ms]
2026-09-29 18:16:35.603 [info] > git status -z -uall [36ms]
2026-09-29 18:16:35.619 [info] > git for-each-ref --sort -committerdate --format %(refname)%00%(objectname)%00%(*objectname) [18ms]
2026-09-29 18:16:40.716 [info] > git config --get commit.template [41ms]
2026-09-29 18:16:40.733 [info] > git for-each-ref --format=%(refname)%00%(upstream:short)%00%(objectname)%00%(upstream:track)%00%(upstream:remotename)%00%(upstream:remoteref) refs/heads/main refs/remotes/main [21ms]
2026-09-29 18:16:40.806 [info] > git status -z -uall [36ms]
2026-09-29 18:16:40.823 [info] > git for-each-ref --sort -committerdate --format %(refname)%00%(objectname)%00%(*objectname) [20ms]
2026-09-29 18:16:45.925 [info] > git config --get commit.template [43ms]
2026-09-29 18:16:45.940 [info] > git for-each-ref --format=%(refname)%00%(upstream:short)%00%(objectname)%00%(upstream:track)%00%(upstream:remotename)%00%(upstream:remoteref) refs/heads/main refs/remotes/main [18ms]
2026-09-29 18:16:46.019 [info] > git status -z -uall [39ms]
2026-09-29 18:16:46.034 [info] > git for-each-ref --sort -committerdate --format %(refname)%00%(objectname)%00%(*objectname) [20ms]
2026-09-29 18:16:51.138 [info] > git config --get commit.template [40ms]
2026-09-29 18:16:51.152 [info] > git for-each-ref --format=%(refname)%00%(upstream:short)%00%(objectname)%00%(upstream:track)%00%(upstream:remotename)%00%(upstream:remoteref) refs/heads/main refs/remotes/main [18ms]
2026-09-29 18:16:51.231 [info] > git status -z -uall [42ms]
2026-09-29 18:16:51.249 [info] > git for-each-ref --sort -committerdate --format %(refname)%00%(objectname)%00%(*objectname) [21ms]
2026-09-29 18:16:56.360 [info] > git config --get commit.template [47ms]
2026-09-29 18:16:56.371 [info] > git for-each-ref --format=%(refname)%00%(upstream:short)%00%(objectname)%00%(upstream:track)%00%(upstream:remotename)%00%(upstream:remoteref) refs/heads/main refs/remotes/main [17ms]
2026-09-29 18:16:56.443 [info] > git status -z -uall [39ms]
2026-09-29 18:16:56.459 [info] > git for-each-ref --sort -committerdate --format %(refname)%00%(objectname)%00%(*objectname) [19ms]
2026-09-29 18:17:01.551 [info] > git config --get commit.template [36ms]
2026-09-29 18:17:01.572 [info] > git for-each-ref --format=%(refname)%00%(upstream:short)%00%(objectname)%00%(upstream:track)%00%(upstream:remotename)%00%(upstream:remoteref) refs/heads/main refs/remotes/main [25ms]
2026-09-29 18:17:01.644 [info] > git status -z -uall [38ms]
2026-09-29 18:17:01.658 [info] > git for-each-ref --sort -committerdate --format %(refname)%00%(objectname)%00%(*objectname) [18ms]
2026-09-29 18:17:06.757 [info] > git config --get commit.template [43ms]
2026-09-29 18:17:06.772 [info] > git for-each-ref --format=%(refname)%00%(upstream:short)%00%(objectname)%00%(upstream:track)%00%(upstream:remotename)%00%(upstream:remoteref) refs/heads/main refs/remotes/main [21ms]
2026-09-29 18:17:06.844 [info] > git status -z -uall [34ms]
2026-09-29 18:17:06.860 [info] > git for-each-ref --sort -committerdate --format %(refname)%00%(objectname)%00%(*objectname) [19ms]
2026-09-29 18:17:11.968 [info] > git config --get commit.template [54ms]
2026-09-29 18:17:11.995 [info] > git for-each-ref --format=%(refname)%00%(upstream:short)%00%(objectname)%00%(upstream:track)%00%(upstream:remotename)%00%(upstream:remoteref) refs/heads/main refs/remotes/main [31ms]
2026-09-29 18:17:12.081 [info] > git status -z -uall [45ms]
2026-09-29 18:17:12.096 [info] > git for-each-ref --sort -committerdate --format %(refname)%00%(objectname)%00%(*objectname) [20ms]
2026-09-29 18:17:17.200 [info] > git config --get commit.template [46ms]
2026-09-29 18:17:17.219 [info] > git for-each-ref --format=%(refname)%00%(upstream:short)%00%(objectname)%00%(upstream:track)%00%(upstream:remotename)%00%(upstream:remoteref) refs/heads/main refs/remotes/main [26ms]
2026-09-29 18:17:17.311 [info] > git status -z -uall [47ms]
2026-09-29 18:17:17.329 [info] > git for-each-ref --sort -committerdate --format %(refname)%00%(objectname)%00%(*objectname) [24ms]
2026-09-29 18:17:22.440 [info] > git config --get commit.template [45ms]
2026-09-29 18:17:22.455 [info] > git for-each-ref --format=%(refname)%00%(upstream:short)%00%(objectname)%00%(upstream:track)%00%(upstream:remotename)%00%(upstream:remoteref) refs/heads/main refs/remotes/main [22ms]
2026-09-29 18:17:22.528 [info] > git status -z -uall [37ms]
2026-09-29 18:17:22.543 [info] > git for-each-ref --sort -committerdate --format %(refname)%00%(objectname)%00%(*objectname) [18ms]
2026-09-29 18:17:27.650 [info] > git config --get commit.template [39ms]
2026-09-29 18:17:27.665 [info] > git for-each-ref --format=%(refname)%00%(upstream:short)%00%(objectname)%00%(upstream:track)%00%(upstream:remotename)%00%(upstream:remoteref) refs/heads/main refs/remotes/main [19ms]
2026-09-29 18:17:27.746 [info] > git status -z -uall [41ms]
2026-09-29 18:17:27.765 [info] > git for-each-ref --sort -committerdate --format %(refname)%00%(objectname)%00%(*objectname) [21ms]
2026-09-29 18:17:32.857 [info] > git config --get commit.template [41ms]
2026-09-29 18:17:32.873 [info] > git for-each-ref --format=%(refname)%00%(upstream:short)%00%(objectname)%00%(upstream:track)%00%(upstream:remotename)%00%(upstream:remoteref) refs/heads/main refs/remotes/main [20ms]
2026-09-29 18:17:32.938 [info] > git status -z -uall [35ms]
2026-09-29 18:17:32.952 [info] > git for-each-ref --sort -committerdate --format %(refname)%00%(objectname)%00%(*objectname) [18ms]
2026-09-29 18:17:38.044 [info] > git config --get commit.template [36ms]
2026-09-29 18:17:38.061 [info] > git for-each-ref --format=%(refname)%00%(upstream:short)%00%(objectname)%00%(upstream:track)%00%(upstream:remotename)%00%(upstream:remoteref) refs/heads/main refs/remotes/main [19ms]
2026-09-29 18:17:38.133 [info] > git status -z -uall [40ms]
2026-09-29 18:17:38.148 [info] > git for-each-ref --sort -committerdate --format %(refname)%00%(objectname)%00%(*objectname) [20ms]
2026-09-29 18:17:43.250 [info] > git config --get commit.template [42ms]
2026-09-29 18:17:43.268 [info] > git for-each-ref --format=%(refname)%00%(upstream:short)%00%(objectname)%00%(upstream:track)%00%(upstream:remotename)%00%(upstream:remoteref) refs/heads/main refs/remotes/main [22ms]
2026-09-29 18:17:43.365 [info] > git status -z -uall [53ms]
2026-09-29 18:17:43.372 [info] > git for-each-ref --sort -committerdate --format %(refname)%00%(objectname)%00%(*objectname) [20ms]
2026-09-29 18:17:48.471 [info] > git config --get commit.template [40ms]
2026-09-29 18:17:48.488 [info] > git for-each-ref --format=%(refname)%00%(upstream:short)%00%(objectname)%00%(upstream:track)%00%(upstream:remotename)%00%(upstream:remoteref) refs/heads/main refs/remotes/main [21ms]
2026-09-29 18:17:48.565 [info] > git status -z -uall [40ms]
2026-09-29 18:17:48.582 [info] > git for-each-ref --sort -committerdate --format %(refname)%00%(objectname)%00%(*objectname) [19ms]
2026-09-29 18:17:53.674 [info] > git config --get commit.template [38ms]
2026-09-29 18:17:53.689 [info] > git for-each-ref --format=%(refname)%00%(upstream:short)%00%(objectname)%00%(upstream:track)%00%(upstream:remotename)%00%(upstream:remoteref) refs/heads/main refs/remotes/main [18ms]
2026-09-29 18:17:53.772 [info] > git status -z -uall [43ms]
2026-09-29 18:17:53.789 [info] > git for-each-ref --sort -committerdate --format %(refname)%00%(objectname)%00%(*objectname) [20ms]
2026-09-29 18:17:58.893 [info] > git config --get commit.template [41ms]
2026-09-29 18:17:58.910 [info] > git for-each-ref --format=%(refname)%00%(upstream:short)%00%(objectname)%00%(upstream:track)%00%(upstream:remotename)%00%(upstream:remoteref) refs/heads/main refs/remotes/main [21ms]
2026-09-29 18:17:58.990 [info] > git status -z -uall [38ms]
2026-09-29 18:17:59.005 [info] > git for-each-ref --sort -committerdate --format %(refname)%00%(objectname)%00%(*objectname) [18ms]
2026-09-29 18:18:04.106 [info] > git config --get commit.template [40ms]
2026-09-29 18:18:04.124 [info] > git for-each-ref --format=%(refname)%00%(upstream:short)%00%(objectname)%00%(upstream:track)%00%(upstream:remotename)%00%(upstream:remoteref) refs/heads/main refs/remotes/main [20ms]
2026-09-29 18:18:04.205 [info] > git status -z -uall [39ms]
2026-09-29 18:18:04.221 [info] > git for-each-ref --sort -committerdate --format %(refname)%00%(objectname)%00%(*objectname) [18ms]
2026-09-29 18:18:09.315 [info] > git config --get commit.template [40ms]
2026-09-29 18:18:09.330 [info] > git for-each-ref --format=%(refname)%00%(upstream:short)%00%(objectname)%00%(upstream:track)%00%(upstream:remotename)%00%(upstream:remoteref) refs/heads/main refs/remotes/main [18ms]
2026-09-29 18:18:09.412 [info] > git status -z -uall [39ms]
2026-09-29 18:18:09.432 [info] > git for-each-ref --sort -committerdate --format %(refname)%00%(objectname)%00%(*objectname) [22ms]
2026-09-29 18:18:14.545 [info] > git config --get commit.template [42ms]
2026-09-29 18:18:14.560 [info] > git for-each-ref --format=%(refname)%00%(upstream:short)%00%(objectname)%00%(upstream:track)%00%(upstream:remotename)%00%(upstream:remoteref) refs/heads/main refs/remotes/main [19ms]
2026-09-29 18:18:14.640 [info] > git status -z -uall [41ms]
2026-09-29 18:18:14.659 [info] > git for-each-ref --sort -committerdate --format %(refname)%00%(objectname)%00%(*objectname) [22ms]
2026-09-29 18:18:19.767 [info] > git config --get commit.template [39ms]
2026-09-29 18:18:19.780 [info] > git for-each-ref --format=%(refname)%00%(upstream:short)%00%(objectname)%00%(upstream:track)%00%(upstream:remotename)%00%(upstream:remoteref) refs/heads/main refs/remotes/main [17ms]
2026-09-29 18:18:19.861 [info] > git status -z -uall [40ms]
2026-09-29 18:18:19.880 [info] > git for-each-ref --sort -committerdate --format %(refname)%00%(objectname)%00%(*objectname) [22ms]
2026-09-29 18:18:24.989 [info] > git config --get commit.template [48ms]
2026-09-29 18:18:24.997 [info] > git for-each-ref --format=%(refname)%00%(upstream:short)%00%(objectname)%00%(upstream:track)%00%(upstream:remotename)%00%(upstream:remoteref) refs/heads/main refs/remotes/main [18ms]
2026-09-29 18:18:25.069 [info] > git status -z -uall [39ms]
2026-09-29 18:18:25.086 [info] > git for-each-ref --sort -committerdate --format %(refname)%00%(objectname)%00%(*objectname) [19ms]
2026-09-29 18:18:30.198 [info] > git config --get commit.template [42ms]
2026-09-29 18:18:30.213 [info] > git for-each-ref --format=%(refname)%00%(upstream:short)%00%(objectname)%00%(upstream:track)%00%(upstream:remotename)%00%(upstream:remoteref) refs/heads/main refs/remotes/main [19ms]
2026-09-29 18:18:30.286 [info] > git status -z -uall [37ms]
2026-09-29 18:18:30.304 [info] > git for-each-ref --sort -committerdate --format %(refname)%00%(objectname)%00%(*objectname) [20ms]
2026-09-29 18:18:35.400 [info] > git config --get commit.template [40ms]
2026-09-29 18:18:35.418 [info] > git for-each-ref --format=%(refname)%00%(upstream:short)%00%(objectname)%00%(upstream:track)%00%(upstream:remotename)%00%(upstream:remoteref) refs/heads/main refs/remotes/main [21ms]
2026-09-29 18:18:35.498 [info] > git status -z -uall [41ms]
2026-09-29 18:18:35.518 [info] > git for-each-ref --sort -committerdate --format %(refname)%00%(objectname)%00%(*objectname) [23ms]
2026-09-29 18:18:40.614 [info] > git config --get commit.template [42ms]
2026-09-29 18:18:40.627 [info] > git for-each-ref --format=%(refname)%00%(upstream:short)%00%(objectname)%00%(upstream:track)%00%(upstream:remotename)%00%(upstream:remoteref) refs/heads/main refs/remotes/main [19ms]
2026-09-29 18:18:40.699 [info] > git status -z -uall [39ms]
2026-09-29 18:18:40.717 [info] > git for-each-ref --sort -committerdate --format %(refname)%00%(objectname)%00%(*objectname) [21ms]
2026-09-29 18:18:45.837 [info] > git config --get commit.template [39ms]
2026-09-29 18:18:45.854 [info] > git for-each-ref --format=%(refname)%00%(upstream:short)%00%(objectname)%00%(upstream:track)%00%(upstream:remotename)%00%(upstream:remoteref) refs/heads/main refs/remotes/main [22ms]
2026-09-29 18:18:45.928 [info] > git status -z -uall [42ms]
2026-09-29 18:18:45.948 [info] > git for-each-ref --sort -committerdate --format %(refname)%00%(objectname)%00%(*objectname) [22ms]
2026-09-29 18:18:51.044 [info] > git config --get commit.template [40ms]
2026-09-29 18:18:51.063 [info] > git for-each-ref --format=%(refname)%00%(upstream:short)%00%(objectname)%00%(upstream:track)%00%(upstream:remotename)%00%(upstream:remoteref) refs/heads/main refs/remotes/main [22ms]
2026-09-29 18:18:51.134 [info] > git status -z -uall [38ms]
2026-09-29 18:18:51.149 [info] > git for-each-ref --sort -committerdate --format %(refname)%00%(objectname)%00%(*objectname) [19ms]
2026-09-29 18:18:56.238 [info] > git config --get commit.template [40ms]
2026-09-29 18:18:56.253 [info] > git for-each-ref --format=%(refname)%00%(upstream:short)%00%(objectname)%00%(upstream:track)%00%(upstream:remotename)%00%(upstream:remoteref) refs/heads/main refs/remotes/main [19ms]
2026-09-29 18:18:56.326 [info] > git status -z -uall [34ms]
2026-09-29 18:18:56.343 [info] > git for-each-ref --sort -committerdate --format %(refname)%00%(objectname)%00%(*objectname) [19ms]
2026-09-29 18:19:01.445 [info] > git config --get commit.template [40ms]
2026-09-29 18:19:01.460 [info] > git for-each-ref --format=%(refname)%00%(upstream:short)%00%(objectname)%00%(upstream:track)%00%(upstream:remotename)%00%(upstream:remoteref) refs/heads/main refs/remotes/main [18ms]
2026-09-29 18:19:01.537 [info] > git status -z -uall [39ms]
2026-09-29 18:19:01.555 [info] > git for-each-ref --sort -committerdate --format %(refname)%00%(objectname)%00%(*objectname) [19ms]
2026-09-29 18:19:06.651 [info] > git config --get commit.template [45ms]
2026-09-29 18:19:06.661 [info] > git for-each-ref --format=%(refname)%00%(upstream:short)%00%(objectname)%00%(upstream:track)%00%(upstream:remotename)%00%(upstream:remoteref) refs/heads/main refs/remotes/main [20ms]
2026-09-29 18:19:06.736 [info] > git status -z -uall [40ms]
2026-09-29 18:19:06.748 [info] > git for-each-ref --sort -committerdate --format %(refname)%00%(objectname)%00%(*objectname) [17ms]
2026-09-29 18:19:11.836 [info] > git config --get commit.template [40ms]
2026-09-29 18:19:11.855 [info] > git for-each-ref --format=%(refname)%00%(upstream:short)%00%(objectname)%00%(upstream:track)%00%(upstream:remotename)%00%(upstream:remoteref) refs/heads/main refs/remotes/main [25ms]
2026-09-29 18:19:11.929 [info] > git status -z -uall [34ms]
2026-09-29 18:19:11.944 [info] > git for-each-ref --sort -committerdate --format %(refname)%00%(objectname)%00%(*objectname) [18ms]
2026-09-29 18:19:17.049 [info] > git config --get commit.template [39ms]
2026-09-29 18:19:17.063 [info] > git for-each-ref --format=%(refname)%00%(upstream:short)%00%(objectname)%00%(upstream:track)%00%(upstream:remotename)%00%(upstream:remoteref) refs/heads/main refs/remotes/main [17ms]
2026-09-29 18:19:17.136 [info] > git status -z -uall [39ms]
2026-09-29 18:19:17.153 [info] > git for-each-ref --sort -committerdate --format %(refname)%00%(objectname)%00%(*objectname) [20ms]
2026-09-29 18:19:22.240 [info] > git config --get commit.template [37ms]
2026-09-29 18:19:22.259 [info] > git for-each-ref --format=%(refname)%00%(upstream:short)%00%(objectname)%00%(upstream:track)%00%(upstream:remotename)%00%(upstream:remoteref) refs/heads/main refs/remotes/main [22ms]
2026-09-29 18:19:22.328 [info] > git status -z -uall [35ms]
2026-09-29 18:19:22.345 [info] > git for-each-ref --sort -committerdate --format %(refname)%00%(objectname)%00%(*objectname) [19ms]
2026-09-29 18:19:27.457 [info] > git config --get commit.template [46ms]
2026-09-29 18:19:27.475 [info] > git for-each-ref --format=%(refname)%00%(upstream:short)%00%(objectname)%00%(upstream:track)%00%(upstream:remotename)%00%(upstream:remoteref) refs/heads/main refs/remotes/main [24ms]
2026-09-29 18:19:27.567 [info] > git status -z -uall [46ms]
2026-09-29 18:19:27.584 [info] > git for-each-ref --sort -committerdate --format %(refname)%00%(objectname)%00%(*objectname) [28ms]
2026-09-29 18:19:32.685 [info] > git config --get commit.template [49ms]
2026-09-29 18:19:32.695 [info] > git for-each-ref --format=%(refname)%00%(upstream:short)%00%(objectname)%00%(upstream:track)%00%(upstream:remotename)%00%(upstream:remoteref) refs/heads/main refs/remotes/main [19ms]
2026-09-29 18:19:32.762 [info] > git status -z -uall [35ms]
2026-09-29 18:19:32.778 [info] > git for-each-ref --sort -committerdate --format %(refname)%00%(objectname)%00%(*objectname) [18ms]
2026-09-29 18:19:37.881 [info] > git config --get commit.template [40ms]
2026-09-29 18:19:37.895 [info] > git for-each-ref --format=%(refname)%00%(upstream:short)%00%(objectname)%00%(upstream:track)%00%(upstream:remotename)%00%(upstream:remoteref) refs/heads/main refs/remotes/main [18ms]
2026-09-29 18:19:37.965 [info] > git status -z -uall [38ms]
2026-09-29 18:19:37.984 [info] > git for-each-ref --sort -committerdate --format %(refname)%00%(objectname)%00%(*objectname) [21ms]
2026-09-29 18:19:43.084 [info] > git config --get commit.template [39ms]
2026-09-29 18:19:43.100 [info] > git for-each-ref --format=%(refname)%00%(upstream:short)%00%(objectname)%00%(upstream:track)%00%(upstream:remotename)%00%(upstream:remoteref) refs/heads/main refs/remotes/main [18ms]
2026-09-29 18:19:43.177 [info] > git status -z -uall [39ms]
2026-09-29 18:19:43.193 [info] > git for-each-ref --sort -committerdate --format %(refname)%00%(objectname)%00%(*objectname) [19ms]
2026-09-29 18:19:48.293 [info] > git config --get commit.template [38ms]
2026-09-29 18:19:48.308 [info] > git for-each-ref --format=%(refname)%00%(upstream:short)%00%(objectname)%00%(upstream:track)%00%(upstream:remotename)%00%(upstream:remoteref) refs/heads/main refs/remotes/main [18ms]
2026-09-29 18:19:48.394 [info] > git status -z -uall [43ms]
2026-09-29 18:19:48.410 [info] > git for-each-ref --sort -committerdate --format %(refname)%00%(objectname)%00%(*objectname) [19ms]
2026-09-29 18:19:53.505 [info] > git config --get commit.template [44ms]
2026-09-29 18:19:53.519 [info] > git for-each-ref --format=%(refname)%00%(upstream:short)%00%(objectname)%00%(upstream:track)%00%(upstream:remotename)%00%(upstream:remoteref) refs/heads/main refs/remotes/main [19ms]
2026-09-29 18:19:53.604 [info] > git status -z -uall [45ms]
2026-09-29 18:19:53.620 [info] > git for-each-ref --sort -committerdate --format %(refname)%00%(objectname)%00%(*objectname) [23ms]
2026-09-29 18:19:58.729 [info] > git config --get commit.template [41ms]
2026-09-29 18:19:58.744 [info] > git for-each-ref --format=%(refname)%00%(upstream:short)%00%(objectname)%00%(upstream:track)%00%(upstream:remotename)%00%(upstream:remoteref) refs/heads/main refs/remotes/main [19ms]
2026-09-29 18:19:58.824 [info] > git status -z -uall [42ms]
2026-09-29 18:19:58.837 [info] > git for-each-ref --sort -committerdate --format %(refname)%00%(objectname)%00%(*objectname) [20ms]
2026-09-29 18:20:03.941 [info] > git config --get commit.template [40ms]
2026-09-29 18:20:03.957 [info] > git for-each-ref --format=%(refname)%00%(upstream:short)%00%(objectname)%00%(upstream:track)%00%(upstream:remotename)%00%(upstream:remoteref) refs/heads/main refs/remotes/main [20ms]
2026-09-29 18:20:04.030 [info] > git status -z -uall [38ms]
2026-09-29 18:20:04.046 [info] > git for-each-ref --sort -committerdate --format %(refname)%00%(objectname)%00%(*objectname) [19ms]
2026-09-29 18:20:09.139 [info] > git config --get commit.template [40ms]
2026-09-29 18:20:09.164 [info] > git for-each-ref --format=%(refname)%00%(upstream:short)%00%(objectname)%00%(upstream:track)%00%(upstream:remotename)%00%(upstream:remoteref) refs/heads/main refs/remotes/main [28ms]
2026-09-29 18:20:09.236 [info] > git status -z -uall [38ms]
2026-09-29 18:20:09.256 [info] > git for-each-ref --sort -committerdate --format %(refname)%00%(objectname)%00%(*objectname) [23ms]
2026-09-29 18:20:14.356 [info] > git config --get commit.template [41ms]
2026-09-29 18:20:14.372 [info] > git for-each-ref --format=%(refname)%00%(upstream:short)%00%(objectname)%00%(upstream:track)%00%(upstream:remotename)%00%(upstream:remoteref) refs/heads/main refs/remotes/main [19ms]
2026-09-29 18:20:14.457 [info] > git status -z -uall [43ms]
2026-09-29 18:20:14.472 [info] > git for-each-ref --sort -committerdate --format %(refname)%00%(objectname)%00%(*objectname) [20ms]
2026-09-29 18:20:19.572 [info] > git config --get commit.template [41ms]
2026-09-29 18:20:19.587 [info] > git for-each-ref --format=%(refname)%00%(upstream:short)%00%(objectname)%00%(upstream:track)%00%(upstream:remotename)%00%(upstream:remoteref) refs/heads/main refs/remotes/main [18ms]
2026-09-29 18:20:19.660 [info] > git status -z -uall [39ms]
2026-09-29 18:20:19.677 [info] > git for-each-ref --sort -committerdate --format %(refname)%00%(objectname)%00%(*objectname) [21ms]
2026-09-29 18:20:24.776 [info] > git config --get commit.template [38ms]
2026-09-29 18:20:24.791 [info] > git for-each-ref --format=%(refname)%00%(upstream:short)%00%(objectname)%00%(upstream:track)%00%(upstream:remotename)%00%(upstream:remoteref) refs/heads/main refs/remotes/main [18ms]
2026-09-29 18:20:24.864 [info] > git status -z -uall [40ms]
2026-09-29 18:20:24.881 [info] > git for-each-ref --sort -committerdate --format %(refname)%00%(objectname)%00%(*objectname) [19ms]
2026-09-29 18:20:29.983 [info] > git config --get commit.template [40ms]
2026-09-29 18:20:30.001 [info] > git for-each-ref --format=%(refname)%00%(upstream:short)%00%(objectname)%00%(upstream:track)%00%(upstream:remotename)%00%(upstream:remoteref) refs/heads/main refs/remotes/main [20ms]
2026-09-29 18:20:30.072 [info] > git status -z -uall [38ms]
2026-09-29 18:20:30.090 [info] > git for-each-ref --sort -committerdate --format %(refname)%00%(objectname)%00%(*objectname) [19ms]
2026-09-29 18:20:35.201 [info] > git config --get commit.template [52ms]
2026-09-29 18:20:35.219 [info] > git for-each-ref --format=%(refname)%00%(upstream:short)%00%(objectname)%00%(upstream:track)%00%(upstream:remotename)%00%(upstream:remoteref) refs/heads/main refs/remotes/main [21ms]
2026-09-29 18:20:35.297 [info] > git status -z -uall [39ms]
2026-09-29 18:20:35.314 [info] > git for-each-ref --sort -committerdate --format %(refname)%00%(objectname)%00%(*objectname) [20ms]
2026-09-29 18:20:40.418 [info] > git config --get commit.template [40ms]
2026-09-29 18:20:40.433 [info] > git for-each-ref --format=%(refname)%00%(upstream:short)%00%(objectname)%00%(upstream:track)%00%(upstream:remotename)%00%(upstream:remoteref) refs/heads/main refs/remotes/main [18ms]
2026-09-29 18:20:40.509 [info] > git status -z -uall [40ms]
2026-09-29 18:20:40.521 [info] > git for-each-ref --sort -committerdate --format %(refname)%00%(objectname)%00%(*objectname) [18ms]
2026-09-29 18:20:45.625 [info] > git config --get commit.template [40ms]
2026-09-29 18:20:45.641 [info] > git for-each-ref --format=%(refname)%00%(upstream:short)%00%(objectname)%00%(upstream:track)%00%(upstream:remotename)%00%(upstream:remoteref) refs/heads/main refs/remotes/main [18ms]
2026-09-29 18:20:45.714 [info] > git status -z -uall [38ms]
2026-09-29 18:20:45.729 [info] > git for-each-ref --sort -committerdate --format %(refname)%00%(objectname)%00%(*objectname) [18ms]
2026-09-29 18:20:50.837 [info] > git config --get commit.template [43ms]
2026-09-29 18:20:50.851 [info] > git for-each-ref --format=%(refname)%00%(upstream:short)%00%(objectname)%00%(upstream:track)%00%(upstream:remotename)%00%(upstream:remoteref) refs/heads/main refs/remotes/main [17ms]
2026-09-29 18:20:50.933 [info] > git status -z -uall [42ms]
2026-09-29 18:20:50.946 [info] > git for-each-ref --sort -committerdate --format %(refname)%00%(objectname)%00%(*objectname) [21ms]
2026-09-29 18:20:56.057 [info] > git config --get commit.template [40ms]
2026-09-29 18:20:56.072 [info] > git for-each-ref --format=%(refname)%00%(upstream:short)%00%(objectname)%00%(upstream:track)%00%(upstream:remotename)%00%(upstream:remoteref) refs/heads/main refs/remotes/main [18ms]
2026-09-29 18:20:56.148 [info] > git status -z -uall [41ms]
2026-09-29 18:20:56.162 [info] > git for-each-ref --sort -committerdate --format %(refname)%00%(objectname)%00%(*objectname) [19ms]
2026-09-29 18:21:01.269 [info] > git config --get commit.template [41ms]
2026-09-29 18:21:01.285 [info] > git for-each-ref --format=%(refname)%00%(upstream:short)%00%(objectname)%00%(upstream:track)%00%(upstream:remotename)%00%(upstream:remoteref) refs/heads/main refs/remotes/main [19ms]
2026-09-29 18:21:01.365 [info] > git status -z -uall [37ms]
2026-09-29 18:21:01.382 [info] > git for-each-ref --sort -committerdate --format %(refname)%00%(objectname)%00%(*objectname) [20ms]
2026-09-29 18:21:06.484 [info] > git config --get commit.template [40ms]
2026-09-29 18:21:06.500 [info] > git for-each-ref --format=%(refname)%00%(upstream:short)%00%(objectname)%00%(upstream:track)%00%(upstream:remotename)%00%(upstream:remoteref) refs/heads/main refs/remotes/main [19ms]
2026-09-29 18:21:06.588 [info] > git status -z -uall [49ms]
2026-09-29 18:21:06.600 [info] > git for-each-ref --sort -committerdate --format %(refname)%00%(objectname)%00%(*objectname) [25ms]
2026-09-29 18:21:11.704 [info] > git config --get commit.template [38ms]
2026-09-29 18:21:11.718 [info] > git for-each-ref --format=%(refname)%00%(upstream:short)%00%(objectname)%00%(upstream:track)%00%(upstream:remotename)%00%(upstream:remoteref) refs/heads/main refs/remotes/main [17ms]
2026-09-29 18:21:11.791 [info] > git status -z -uall [38ms]
2026-09-29 18:21:11.809 [info] > git for-each-ref --sort -committerdate --format %(refname)%00%(objectname)%00%(*objectname) [21ms]
2026-09-29 18:21:16.911 [info] > git config --get commit.template [40ms]
2026-09-29 18:21:16.928 [info] > git for-each-ref --format=%(refname)%00%(upstream:short)%00%(objectname)%00%(upstream:track)%00%(upstream:remotename)%00%(upstream:remoteref) refs/heads/main refs/remotes/main [20ms]
2026-09-29 18:21:17.009 [info] > git status -z -uall [38ms]
2026-09-29 18:21:17.027 [info] > git for-each-ref --sort -committerdate --format %(refname)%00%(objectname)%00%(*objectname) [20ms]
2026-09-29 18:21:22.125 [info] > git config --get commit.template [43ms]
2026-09-29 18:21:22.139 [info] > git for-each-ref --format=%(refname)%00%(upstream:short)%00%(objectname)%00%(upstream:track)%00%(upstream:remotename)%00%(upstream:remoteref) refs/heads/main refs/remotes/main [17ms]
2026-09-29 18:21:22.213 [info] > git status -z -uall [37ms]
2026-09-29 18:21:22.231 [info] > git for-each-ref --sort -committerdate --format %(refname)%00%(objectname)%00%(*objectname) [21ms]
2026-09-29 18:21:27.339 [info] > git config --get commit.template [44ms]
2026-09-29 18:21:27.359 [info] > git for-each-ref --format=%(refname)%00%(upstream:short)%00%(objectname)%00%(upstream:track)%00%(upstream:remotename)%00%(upstream:remoteref) refs/heads/main refs/remotes/main [27ms]
2026-09-29 18:21:27.456 [info] > git status -z -uall [56ms]
2026-09-29 18:21:27.480 [info] > git for-each-ref --sort -committerdate --format %(refname)%00%(objectname)%00%(*objectname) [30ms]
2026-09-29 18:21:27.571 [info] > git config --get commit.template [39ms]
2026-09-29 18:21:27.721 [info] > git for-each-ref --format=%(refname)%00%(upstream:short)%00%(objectname)%00%(upstream:track)%00%(upstream:remotename)%00%(upstream:remoteref) refs/heads/main refs/remotes/main [154ms]
2026-09-29 18:21:27.799 [info] > git status -z -uall [42ms]
2026-09-29 18:21:27.813 [info] > git for-each-ref --sort -committerdate --format %(refname)%00%(objectname)%00%(*objectname) [19ms]
2026-09-29 18:21:32.585 [info] > git config --get commit.template [39ms]
2026-09-29 18:21:32.602 [info] > git for-each-ref --format=%(refname)%00%(upstream:short)%00%(objectname)%00%(upstream:track)%00%(upstream:remotename)%00%(upstream:remoteref) refs/heads/main refs/remotes/main [19ms]
2026-09-29 18:21:32.691 [info] > git status -z -uall [45ms]
2026-09-29 18:21:32.701 [info] > git for-each-ref --sort -committerdate --format %(refname)%00%(objectname)%00%(*objectname) [18ms]
2026-09-29 18:21:37.797 [info] > git config --get commit.template [40ms]
2026-09-29 18:21:37.813 [info] > git for-each-ref --format=%(refname)%00%(upstream:short)%00%(objectname)%00%(upstream:track)%00%(upstream:remotename)%00%(upstream:remoteref) refs/heads/main refs/remotes/main [19ms]
2026-09-29 18:21:37.895 [info] > git status -z -uall [42ms]
2026-09-29 18:21:37.907 [info] > git for-each-ref --sort -committerdate --format %(refname)%00%(objectname)%00%(*objectname) [18ms]
2026-09-29 18:21:43.006 [info] > git config --get commit.template [41ms]
2026-09-29 18:21:43.021 [info] > git for-each-ref --format=%(refname)%00%(upstream:short)%00%(objectname)%00%(upstream:track)%00%(upstream:remotename)%00%(upstream:remoteref) refs/heads/main refs/remotes/main [19ms]
2026-09-29 18:21:43.099 [info] > git status -z -uall [38ms]
2026-09-29 18:21:43.115 [info] > git for-each-ref --sort -committerdate --format %(refname)%00%(objectname)%00%(*objectname) [19ms]
2026-09-29 18:21:46.929 [info] > git config --get commit.template [44ms]
2026-09-29 18:21:46.942 [info] > git for-each-ref --format=%(refname)%00%(upstream:short)%00%(objectname)%00%(upstream:track)%00%(upstream:remotename)%00%(upstream:remoteref) refs/heads/main refs/remotes/main [19ms]
2026-09-29 18:21:47.016 [info] > git status -z -uall [41ms]
2026-09-29 18:21:47.037 [info] > git for-each-ref --sort -committerdate --format %(refname)%00%(objectname)%00%(*objectname) [23ms]
2026-09-29 18:21:47.107 [info] > git merge-base refs/heads/main refs/remotes/origin/main [17ms]
2026-09-29 18:21:47.274 [info] > git diff --raw --numstat --diff-filter=ADMR -z --find-renames=50% 246a631599c0dd27ee03efdef27bee492a09eab9...refs/remotes/origin/main -- [133ms]
2026-09-29 18:21:48.216 [info] > git config --get commit.template [36ms]
2026-09-29 18:21:48.232 [info] > git for-each-ref --format=%(refname)%00%(upstream:short)%00%(objectname)%00%(upstream:track)%00%(upstream:remotename)%00%(upstream:remoteref) refs/heads/main refs/remotes/main [19ms]
2026-09-29 18:21:48.307 [info] > git status -z -uall [37ms]
2026-09-29 18:21:48.325 [info] > git for-each-ref --sort -committerdate --format %(refname)%00%(objectname)%00%(*objectname) [20ms]
2026-09-29 18:21:53.444 [info] > git config --get commit.template [43ms]
2026-09-29 18:21:53.458 [info] > git for-each-ref --format=%(refname)%00%(upstream:short)%00%(objectname)%00%(upstream:track)%00%(upstream:remotename)%00%(upstream:remoteref) refs/heads/main refs/remotes/main [20ms]
2026-09-29 18:21:53.537 [info] > git status -z -uall [43ms]
2026-09-29 18:21:53.553 [info] > git for-each-ref --sort -committerdate --format %(refname)%00%(objectname)%00%(*objectname) [21ms]
2026-09-29 18:21:55.177 [info] > git config --get commit.template [50ms]
2026-09-29 18:21:55.195 [info] > git for-each-ref --format=%(refname)%00%(upstream:short)%00%(objectname)%00%(upstream:track)%00%(upstream:remotename)%00%(upstream:remoteref) refs/heads/main refs/remotes/main [21ms]
2026-09-29 18:21:55.263 [info] > git status -z -uall [31ms]
2026-09-29 18:21:55.278 [info] > git for-each-ref --sort -committerdate --format %(refname)%00%(objectname)%00%(*objectname) [18ms]
2026-09-29 18:21:55.346 [info] > git merge-base refs/heads/main refs/remotes/origin/main [19ms]
2026-09-29 18:21:55.501 [info] > git diff --raw --numstat --diff-filter=ADMR -z --find-renames=50% b5b349d5bf2df5b4388fa501b20001da31914b46...refs/remotes/origin/main -- [123ms]
2026-09-29 18:22:56.023 [info] > git config --get commit.template [67ms]
2026-09-29 18:22:56.042 [info] > git for-each-ref --format=%(refname)%00%(upstream:short)%00%(objectname)%00%(upstream:track)%00%(upstream:remotename)%00%(upstream:remoteref) refs/heads/main refs/remotes/main [26ms]
2026-09-29 18:22:56.161 [info] > git for-each-ref --sort -committerdate --format %(refname)%00%(objectname)%00%(*objectname) [27ms]
2026-09-29 18:22:56.418 [info] > git status -z -uall [330ms]
2026-09-29 18:23:01.522 [info] > git config --get commit.template [38ms]
2026-09-29 18:23:01.539 [info] > git for-each-ref --format=%(refname)%00%(upstream:short)%00%(objectname)%00%(upstream:track)%00%(upstream:remotename)%00%(upstream:remoteref) refs/heads/main refs/remotes/main [20ms]
2026-09-29 18:23:01.607 [info] > git status -z -uall [35ms]
2026-09-29 18:23:01.623 [info] > git for-each-ref --sort -committerdate --format %(refname)%00%(objectname)%00%(*objectname) [18ms]
2026-09-29 18:23:06.734 [info] > git config --get commit.template [47ms]
2026-09-29 18:23:06.749 [info] > git for-each-ref --format=%(refname)%00%(upstream:short)%00%(objectname)%00%(upstream:track)%00%(upstream:remotename)%00%(upstream:remoteref) refs/heads/main refs/remotes/main [21ms]
2026-09-29 18:23:06.833 [info] > git status -z -uall [43ms]
2026-09-29 18:23:06.855 [info] > git for-each-ref --sort -committerdate --format %(refname)%00%(objectname)%00%(*objectname) [25ms]
2026-09-29 18:23:11.951 [info] > git config --get commit.template [42ms]
2026-09-29 18:23:11.975 [info] > git for-each-ref --format=%(refname)%00%(upstream:short)%00%(objectname)%00%(upstream:track)%00%(upstream:remotename)%00%(upstream:remoteref) refs/heads/main refs/remotes/main [28ms]
2026-09-29 18:23:12.053 [info] > git status -z -uall [39ms]
2026-09-29 18:23:12.064 [info] > git for-each-ref --sort -committerdate --format %(refname)%00%(objectname)%00%(*objectname) [19ms]
2026-09-29 18:23:17.169 [info] > git config --get commit.template [44ms]
2026-09-29 18:23:17.187 [info] > git for-each-ref --format=%(refname)%00%(upstream:short)%00%(objectname)%00%(upstream:track)%00%(upstream:remotename)%00%(upstream:remoteref) refs/heads/main refs/remotes/main [22ms]
2026-09-29 18:23:17.272 [info] > git status -z -uall [41ms]
2026-09-29 18:23:17.287 [info] > git for-each-ref --sort -committerdate --format %(refname)%00%(objectname)%00%(*objectname) [20ms]
2026-09-29 18:23:22.387 [info] > git config --get commit.template [39ms]
2026-09-29 18:23:22.401 [info] > git for-each-ref --format=%(refname)%00%(upstream:short)%00%(objectname)%00%(upstream:track)%00%(upstream:remotename)%00%(upstream:remoteref) refs/heads/main refs/remotes/main [18ms]
2026-09-29 18:23:22.480 [info] > git status -z -uall [39ms]
2026-09-29 18:23:22.498 [info] > git for-each-ref --sort -committerdate --format %(refname)%00%(objectname)%00%(*objectname) [21ms]
2026-09-29 18:23:27.601 [info] > git config --get commit.template [43ms]
2026-09-29 18:23:27.618 [info] > git for-each-ref --format=%(refname)%00%(upstream:short)%00%(objectname)%00%(upstream:track)%00%(upstream:remotename)%00%(upstream:remoteref) refs/heads/main refs/remotes/main [20ms]
2026-09-29 18:23:27.700 [info] > git status -z -uall [41ms]
2026-09-29 18:23:27.723 [info] > git for-each-ref --sort -committerdate --format %(refname)%00%(objectname)%00%(*objectname) [26ms]
2026-09-29 18:23:32.827 [info] > git config --get commit.template [41ms]
2026-09-29 18:23:32.841 [info] > git for-each-ref --format=%(refname)%00%(upstream:short)%00%(objectname)%00%(upstream:track)%00%(upstream:remotename)%00%(upstream:remoteref) refs/heads/main refs/remotes/main [16ms]
2026-09-29 18:23:32.916 [info] > git status -z -uall [39ms]
2026-09-29 18:23:32.935 [info] > git for-each-ref --sort -committerdate --format %(refname)%00%(objectname)%00%(*objectname) [22ms]
2026-09-29 18:23:37.898 [info] > git config --get commit.template [42ms]
2026-09-29 18:23:37.915 [info] > git for-each-ref --format=%(refname)%00%(upstream:short)%00%(objectname)%00%(upstream:track)%00%(upstream:remotename)%00%(upstream:remoteref) refs/heads/main refs/remotes/main [21ms]
2026-09-29 18:23:37.988 [info] > git status -z -uall [39ms]
2026-09-29 18:23:37.998 [info] > git for-each-ref --sort -committerdate --format %(refname)%00%(objectname)%00%(*objectname) [17ms]
2026-09-29 18:23:38.078 [info] > git config --get commit.template [36ms]
2026-09-29 18:23:38.094 [info] > git for-each-ref --format=%(refname)%00%(upstream:short)%00%(objectname)%00%(upstream:track)%00%(upstream:remotename)%00%(upstream:remoteref) refs/heads/main refs/remotes/main [19ms]
2026-09-29 18:23:38.306 [info] > git status -z -uall [171ms]
2026-09-29 18:23:38.308 [info] > git for-each-ref --sort -committerdate --format %(refname)%00%(objectname)%00%(*objectname) [137ms]
2026-09-29 18:23:43.417 [info] > git config --get commit.template [40ms]
2026-09-29 18:23:43.433 [info] > git for-each-ref --format=%(refname)%00%(upstream:short)%00%(objectname)%00%(upstream:track)%00%(upstream:remotename)%00%(upstream:remoteref) refs/heads/main refs/remotes/main [19ms]
2026-09-29 18:23:43.510 [info] > git status -z -uall [37ms]
2026-09-29 18:23:43.529 [info] > git for-each-ref --sort -committerdate --format %(refname)%00%(objectname)%00%(*objectname) [21ms]
2026-09-29 18:23:48.630 [info] > git config --get commit.template [39ms]
2026-09-29 18:23:48.647 [info] > git for-each-ref --format=%(refname)%00%(upstream:short)%00%(objectname)%00%(upstream:track)%00%(upstream:remotename)%00%(upstream:remoteref) refs/heads/main refs/remotes/main [21ms]
2026-09-29 18:23:48.720 [info] > git status -z -uall [37ms]
2026-09-29 18:23:48.737 [info] > git for-each-ref --sort -committerdate --format %(refname)%00%(objectname)%00%(*objectname) [20ms]
2026-09-29 18:23:53.840 [info] > git config --get commit.template [47ms]
2026-09-29 18:23:53.854 [info] > git for-each-ref --format=%(refname)%00%(upstream:short)%00%(objectname)%00%(upstream:track)%00%(upstream:remotename)%00%(upstream:remoteref) refs/heads/main refs/remotes/main [19ms]
2026-09-29 18:23:53.932 [info] > git status -z -uall [38ms]
2026-09-29 18:23:53.951 [info] > git for-each-ref --sort -committerdate --format %(refname)%00%(objectname)%00%(*objectname) [20ms]
2026-09-29 18:23:57.890 [info] > git config --get commit.template [43ms]
2026-09-29 18:23:57.905 [info] > git for-each-ref --format=%(refname)%00%(upstream:short)%00%(objectname)%00%(upstream:track)%00%(upstream:remotename)%00%(upstream:remoteref) refs/heads/main refs/remotes/main [20ms]
2026-09-29 18:23:57.972 [info] > git status -z -uall [36ms]
2026-09-29 18:23:57.988 [info] > git for-each-ref --sort -committerdate --format %(refname)%00%(objectname)%00%(*objectname) [17ms]
2026-09-29 18:23:58.063 [info] > git merge-base refs/heads/main refs/remotes/origin/main [20ms]
2026-09-29 18:23:58.245 [info] > git diff --raw --numstat --diff-filter=ADMR -z --find-renames=50% b5b349d5bf2df5b4388fa501b20001da31914b46...refs/remotes/origin/main -- [139ms]
2026-09-29 18:23:59.061 [info] > git config --get commit.template [44ms]
2026-09-29 18:23:59.079 [info] > git for-each-ref --format=%(refname)%00%(upstream:short)%00%(objectname)%00%(upstream:track)%00%(upstream:remotename)%00%(upstream:remoteref) refs/heads/main refs/remotes/main [21ms]
2026-09-29 18:23:59.158 [info] > git status -z -uall [37ms]
2026-09-29 18:23:59.173 [info] > git for-each-ref --sort -committerdate --format %(refname)%00%(objectname)%00%(*objectname) [19ms]
2026-09-29 18:24:04.275 [info] > git config --get commit.template [41ms]
2026-09-29 18:24:04.291 [info] > git for-each-ref --format=%(refname)%00%(upstream:short)%00%(objectname)%00%(upstream:track)%00%(upstream:remotename)%00%(upstream:remoteref) refs/heads/main refs/remotes/main [20ms]
2026-09-29 18:24:04.370 [info] > git status -z -uall [40ms]
2026-09-29 18:24:04.389 [info] > git for-each-ref --sort -committerdate --format %(refname)%00%(objectname)%00%(*objectname) [22ms]
2026-09-29 18:24:04.716 [info] > git config --get commit.template [38ms]
2026-09-29 18:24:04.731 [info] > git for-each-ref --format=%(refname)%00%(upstream:short)%00%(objectname)%00%(upstream:track)%00%(upstream:remotename)%00%(upstream:remoteref) refs/heads/main refs/remotes/main [19ms]
2026-09-29 18:24:04.820 [info] > git status -z -uall [48ms]
2026-09-29 18:24:04.831 [info] > git for-each-ref --sort -committerdate --format %(refname)%00%(objectname)%00%(*objectname) [21ms]
2026-09-29 18:24:04.897 [info] > git merge-base refs/heads/main refs/remotes/origin/main [18ms]
2026-09-29 18:24:05.059 [info] > git diff --raw --numstat --diff-filter=ADMR -z --find-renames=50% 0edc6644aa6dc81c4a7c1aee658addd5697fba4e...refs/remotes/origin/main -- [127ms]
2026-09-29 18:27:16.205 [info] > git config --get commit.template [51ms]
2026-09-29 18:27:16.226 [info] > git for-each-ref --format=%(refname)%00%(upstream:short)%00%(objectname)%00%(upstream:track)%00%(upstream:remotename)%00%(upstream:remoteref) refs/heads/main refs/remotes/main [24ms]
2026-09-29 18:27:16.320 [info] > git status -z -uall [52ms]
2026-09-29 18:27:16.336 [info] > git for-each-ref --sort -committerdate --format %(refname)%00%(objectname)%00%(*objectname) [18ms]
2026-09-29 18:27:21.452 [info] > git config --get commit.template [44ms]
2026-09-29 18:27:21.469 [info] > git for-each-ref --format=%(refname)%00%(upstream:short)%00%(objectname)%00%(upstream:track)%00%(upstream:remotename)%00%(upstream:remoteref) refs/heads/main refs/remotes/main [21ms]
2026-09-29 18:27:21.541 [info] > git status -z -uall [35ms]
2026-09-29 18:27:21.555 [info] > git for-each-ref --sort -committerdate --format %(refname)%00%(objectname)%00%(*objectname) [18ms]
2026-09-29 18:27:26.664 [info] > git config --get commit.template [44ms]
2026-09-29 18:27:26.676 [info] > git for-each-ref --format=%(refname)%00%(upstream:short)%00%(objectname)%00%(upstream:track)%00%(upstream:remotename)%00%(upstream:remoteref) refs/heads/main refs/remotes/main [19ms]
2026-09-29 18:27:26.752 [info] > git status -z -uall [40ms]
2026-09-29 18:27:26.770 [info] > git for-each-ref --sort -committerdate --format %(refname)%00%(objectname)%00%(*objectname) [21ms]
2026-09-29 18:27:31.873 [info] > git config --get commit.template [39ms]
2026-09-29 18:27:31.889 [info] > git for-each-ref --format=%(refname)%00%(upstream:short)%00%(objectname)%00%(upstream:track)%00%(upstream:remotename)%00%(upstream:remoteref) refs/heads/main refs/remotes/main [18ms]
2026-09-29 18:27:31.969 [info] > git status -z -uall [39ms]
2026-09-29 18:27:31.983 [info] > git for-each-ref --sort -committerdate --format %(refname)%00%(objectname)%00%(*objectname) [19ms]
2026-09-29 18:27:37.092 [info] > git config --get commit.template [40ms]
2026-09-29 18:27:37.105 [info] > git for-each-ref --format=%(refname)%00%(upstream:short)%00%(objectname)%00%(upstream:track)%00%(upstream:remotename)%00%(upstream:remoteref) refs/heads/main refs/remotes/main [18ms]
2026-09-29 18:27:37.178 [info] > git status -z -uall [37ms]
2026-09-29 18:27:37.196 [info] > git for-each-ref --sort -committerdate --format %(refname)%00%(objectname)%00%(*objectname) [20ms]
2026-09-29 18:27:42.296 [info] > git config --get commit.template [38ms]
2026-09-29 18:27:42.311 [info] > git for-each-ref --format=%(refname)%00%(upstream:short)%00%(objectname)%00%(upstream:track)%00%(upstream:remotename)%00%(upstream:remoteref) refs/heads/main refs/remotes/main [18ms]
2026-09-29 18:27:42.385 [info] > git status -z -uall [38ms]
2026-09-29 18:27:42.404 [info] > git for-each-ref --sort -committerdate --format %(refname)%00%(objectname)%00%(*objectname) [21ms]
2026-09-29 18:27:47.517 [info] > git config --get commit.template [42ms]
2026-09-29 18:27:47.531 [info] > git for-each-ref --format=%(refname)%00%(upstream:short)%00%(objectname)%00%(upstream:track)%00%(upstream:remotename)%00%(upstream:remoteref) refs/heads/main refs/remotes/main [17ms]
2026-09-29 18:27:47.602 [info] > git status -z -uall [38ms]
2026-09-29 18:27:47.620 [info] > git for-each-ref --sort -committerdate --format %(refname)%00%(objectname)%00%(*objectname) [21ms]
2026-09-29 18:27:52.717 [info] > git config --get commit.template [36ms]
2026-09-29 18:27:52.731 [info] > git for-each-ref --format=%(refname)%00%(upstream:short)%00%(objectname)%00%(upstream:track)%00%(upstream:remotename)%00%(upstream:remoteref) refs/heads/main refs/remotes/main [17ms]
2026-09-29 18:27:52.805 [info] > git status -z -uall [37ms]
2026-09-29 18:27:52.821 [info] > git for-each-ref --sort -committerdate --format %(refname)%00%(objectname)%00%(*objectname) [19ms]
2026-09-29 18:27:57.929 [info] > git config --get commit.template [42ms]
2026-09-29 18:27:57.944 [info] > git for-each-ref --format=%(refname)%00%(upstream:short)%00%(objectname)%00%(upstream:track)%00%(upstream:remotename)%00%(upstream:remoteref) refs/heads/main refs/remotes/main [17ms]
2026-09-29 18:27:58.030 [info] > git status -z -uall [43ms]
2026-09-29 18:27:58.041 [info] > git for-each-ref --sort -committerdate --format %(refname)%00%(objectname)%00%(*objectname) [20ms]
2026-09-29 18:28:03.159 [info] > git config --get commit.template [46ms]
2026-09-29 18:28:03.177 [info] > git for-each-ref --format=%(refname)%00%(upstream:short)%00%(objectname)%00%(upstream:track)%00%(upstream:remotename)%00%(upstream:remoteref) refs/heads/main refs/remotes/main [23ms]
2026-09-29 18:28:03.273 [info] > git status -z -uall [45ms]
2026-09-29 18:28:03.291 [info] > git for-each-ref --sort -committerdate --format %(refname)%00%(objectname)%00%(*objectname) [21ms]
2026-09-29 18:28:08.404 [info] > git config --get commit.template [44ms]
2026-09-29 18:28:08.421 [info] > git for-each-ref --format=%(refname)%00%(upstream:short)%00%(objectname)%00%(upstream:track)%00%(upstream:remotename)%00%(upstream:remoteref) refs/heads/main refs/remotes/main [20ms]
2026-09-29 18:28:08.510 [info] > git status -z -uall [46ms]
2026-09-29 18:28:08.527 [info] > git for-each-ref --sort -committerdate --format %(refname)%00%(objectname)%00%(*objectname) [22ms]
2026-09-29 18:28:13.647 [info] > git config --get commit.template [46ms]
2026-09-29 18:28:13.656 [info] > git for-each-ref --format=%(refname)%00%(upstream:short)%00%(objectname)%00%(upstream:track)%00%(upstream:remotename)%00%(upstream:remoteref) refs/heads/main refs/remotes/main [18ms]
2026-09-29 18:28:13.733 [info] > git status -z -uall [39ms]
2026-09-29 18:28:13.756 [info] > git for-each-ref --sort -committerdate --format %(refname)%00%(objectname)%00%(*objectname) [28ms]
2026-09-29 18:28:18.862 [info] > git config --get commit.template [46ms]
2026-09-29 18:28:18.873 [info] > git for-each-ref --format=%(refname)%00%(upstream:short)%00%(objectname)%00%(upstream:track)%00%(upstream:remotename)%00%(upstream:remoteref) refs/heads/main refs/remotes/main [19ms]
2026-09-29 18:28:18.948 [info] > git status -z -uall [38ms]
2026-09-29 18:28:18.965 [info] > git for-each-ref --sort -committerdate --format %(refname)%00%(objectname)%00%(*objectname) [20ms]
2026-09-29 18:28:24.084 [info] > git config --get commit.template [52ms]
2026-09-29 18:28:24.100 [info] > git for-each-ref --format=%(refname)%00%(upstream:short)%00%(objectname)%00%(upstream:track)%00%(upstream:remotename)%00%(upstream:remoteref) refs/heads/main refs/remotes/main [23ms]
2026-09-29 18:28:24.183 [info] > git status -z -uall [43ms]
2026-09-29 18:28:24.198 [info] > git for-each-ref --sort -committerdate --format %(refname)%00%(objectname)%00%(*objectname) [20ms]
2026-09-29 18:28:29.312 [info] > git config --get commit.template [43ms]
2026-09-29 18:28:29.337 [info] > git for-each-ref --format=%(refname)%00%(upstream:short)%00%(objectname)%00%(upstream:track)%00%(upstream:remotename)%00%(upstream:remoteref) refs/heads/main refs/remotes/main [28ms]
2026-09-29 18:28:29.424 [info] > git status -z -uall [47ms]
2026-09-29 18:28:29.443 [info] > git for-each-ref --sort -committerdate --format %(refname)%00%(objectname)%00%(*objectname) [23ms]
2026-09-29 18:28:34.561 [info] > git config --get commit.template [44ms]
2026-09-29 18:28:34.578 [info] > git for-each-ref --format=%(refname)%00%(upstream:short)%00%(objectname)%00%(upstream:track)%00%(upstream:remotename)%00%(upstream:remoteref) refs/heads/main refs/remotes/main [20ms]
2026-09-29 18:28:34.665 [info] > git status -z -uall [46ms]
2026-09-29 18:28:34.680 [info] > git for-each-ref --sort -committerdate --format %(refname)%00%(objectname)%00%(*objectname) [21ms]
2026-09-29 18:28:39.770 [info] > git config --get commit.template [35ms]
2026-09-29 18:28:39.784 [info] > git for-each-ref --format=%(refname)%00%(upstream:short)%00%(objectname)%00%(upstream:track)%00%(upstream:remotename)%00%(upstream:remoteref) refs/heads/main refs/remotes/main [17ms]
2026-09-29 18:28:39.851 [info] > git status -z -uall [38ms]
2026-09-29 18:28:39.865 [info] > git for-each-ref --sort -committerdate --format %(refname)%00%(objectname)%00%(*objectname) [17ms]
2026-09-29 18:28:44.988 [info] > git config --get commit.template [55ms]
2026-09-29 18:28:45.004 [info] > git for-each-ref --format=%(refname)%00%(upstream:short)%00%(objectname)%00%(upstream:track)%00%(upstream:remotename)%00%(upstream:remoteref) refs/heads/main refs/remotes/main [21ms]
2026-09-29 18:28:45.095 [info] > git status -z -uall [46ms]
2026-09-29 18:28:45.115 [info] > git for-each-ref --sort -committerdate --format %(refname)%00%(objectname)%00%(*objectname) [23ms]
2026-09-29 18:28:50.232 [info] > git config --get commit.template [59ms]
2026-09-29 18:28:50.241 [info] > git for-each-ref --format=%(refname)%00%(upstream:short)%00%(objectname)%00%(upstream:track)%00%(upstream:remotename)%00%(upstream:remoteref) refs/heads/main refs/remotes/main [23ms]
2026-09-29 18:28:50.321 [info] > git status -z -uall [39ms]
2026-09-29 18:28:50.336 [info] > git for-each-ref --sort -committerdate --format %(refname)%00%(objectname)%00%(*objectname) [19ms]
2026-09-29 18:29:25.007 [info] > git config --get commit.template [48ms]
2026-09-29 18:29:25.021 [info] > git for-each-ref --format=%(refname)%00%(upstream:short)%00%(objectname)%00%(upstream:track)%00%(upstream:remotename)%00%(upstream:remoteref) refs/heads/main refs/remotes/main [18ms]
2026-09-29 18:29:25.107 [info] > git status -z -uall [46ms]
2026-09-29 18:29:25.125 [info] > git for-each-ref --sort -committerdate --format %(refname)%00%(objectname)%00%(*objectname) [20ms]
2026-09-29 18:29:30.253 [info] > git config --get commit.template [50ms]
2026-09-29 18:29:30.270 [info] > git for-each-ref --format=%(refname)%00%(upstream:short)%00%(objectname)%00%(upstream:track)%00%(upstream:remotename)%00%(upstream:remoteref) refs/heads/main refs/remotes/main [22ms]
2026-09-29 18:29:30.359 [info] > git status -z -uall [46ms]
2026-09-29 18:29:30.377 [info] > git for-each-ref --sort -committerdate --format %(refname)%00%(objectname)%00%(*objectname) [21ms]
2026-09-29 18:29:35.492 [info] > git config --get commit.template [44ms]
2026-09-29 18:29:35.510 [info] > git for-each-ref --format=%(refname)%00%(upstream:short)%00%(objectname)%00%(upstream:track)%00%(upstream:remotename)%00%(upstream:remoteref) refs/heads/main refs/remotes/main [21ms]
2026-09-29 18:29:35.595 [info] > git status -z -uall [42ms]
2026-09-29 18:29:35.615 [info] > git for-each-ref --sort -committerdate --format %(refname)%00%(objectname)%00%(*objectname) [23ms]
2026-09-29 18:30:06.106 [info] > git config --get commit.template [64ms]
2026-09-29 18:30:06.137 [info] > git for-each-ref --format=%(refname)%00%(upstream:short)%00%(objectname)%00%(upstream:track)%00%(upstream:remotename)%00%(upstream:remoteref) refs/heads/main refs/remotes/main [34ms]
2026-09-29 18:30:06.265 [info] > git status -z -uall [70ms]
2026-09-29 18:30:06.282 [info] > git for-each-ref --sort -committerdate --format %(refname)%00%(objectname)%00%(*objectname) [34ms]
2026-09-29 18:30:11.399 [info] > git config --get commit.template [34ms]
2026-09-29 18:30:11.413 [info] > git for-each-ref --format=%(refname)%00%(upstream:short)%00%(objectname)%00%(upstream:track)%00%(upstream:remotename)%00%(upstream:remoteref) refs/heads/main refs/remotes/main [18ms]
2026-09-29 18:30:11.478 [info] > git status -z -uall [32ms]
2026-09-29 18:30:11.493 [info] > git for-each-ref --sort -committerdate --format %(refname)%00%(objectname)%00%(*objectname) [17ms]
2026-09-29 18:30:16.610 [info] > git config --get commit.template [48ms]
2026-09-29 18:30:16.624 [info] > git for-each-ref --format=%(refname)%00%(upstream:short)%00%(objectname)%00%(upstream:track)%00%(upstream:remotename)%00%(upstream:remoteref) refs/heads/main refs/remotes/main [20ms]
2026-09-29 18:30:16.705 [info] > git status -z -uall [40ms]
2026-09-29 18:30:16.723 [info] > git for-each-ref --sort -committerdate --format %(refname)%00%(objectname)%00%(*objectname) [21ms]
2026-09-29 18:30:21.819 [info] > git config --get commit.template [42ms]
2026-09-29 18:30:21.834 [info] > git for-each-ref --format=%(refname)%00%(upstream:short)%00%(objectname)%00%(upstream:track)%00%(upstream:remotename)%00%(upstream:remoteref) refs/heads/main refs/remotes/main [18ms]
2026-09-29 18:30:21.921 [info] > git status -z -uall [49ms]
2026-09-29 18:30:21.934 [info] > git for-each-ref --sort -committerdate --format %(refname)%00%(objectname)%00%(*objectname) [20ms]
2026-09-29 18:30:27.047 [info] > git config --get commit.template [52ms]
2026-09-29 18:30:27.059 [info] > git for-each-ref --format=%(refname)%00%(upstream:short)%00%(objectname)%00%(upstream:track)%00%(upstream:remotename)%00%(upstream:remoteref) refs/heads/main refs/remotes/main [22ms]
2026-09-29 18:30:27.127 [info] > git status -z -uall [34ms]
2026-09-29 18:30:27.141 [info] > git for-each-ref --sort -committerdate --format %(refname)%00%(objectname)%00%(*objectname) [17ms]
2026-09-29 18:30:32.266 [info] > git config --get commit.template [46ms]
2026-09-29 18:30:32.284 [info] > git for-each-ref --format=%(refname)%00%(upstream:short)%00%(objectname)%00%(upstream:track)%00%(upstream:remotename)%00%(upstream:remoteref) refs/heads/main refs/remotes/main [24ms]
2026-09-29 18:30:32.372 [info] > git status -z -uall [47ms]
2026-09-29 18:30:32.391 [info] > git for-each-ref --sort -committerdate --format %(refname)%00%(objectname)%00%(*objectname) [22ms]
2026-09-29 18:30:37.512 [info] > git config --get commit.template [47ms]
2026-09-29 18:30:37.530 [info] > git for-each-ref --format=%(refname)%00%(upstream:short)%00%(objectname)%00%(upstream:track)%00%(upstream:remotename)%00%(upstream:remoteref) refs/heads/main refs/remotes/main [22ms]
2026-09-29 18:30:37.609 [info] > git status -z -uall [40ms]
2026-09-29 18:30:37.629 [info] > git for-each-ref --sort -committerdate --format %(refname)%00%(objectname)%00%(*objectname) [23ms]
2026-09-29 18:30:42.740 [info] > git config --get commit.template [49ms]
2026-09-29 18:30:42.759 [info] > git for-each-ref --format=%(refname)%00%(upstream:short)%00%(objectname)%00%(upstream:track)%00%(upstream:remotename)%00%(upstream:remoteref) refs/heads/main refs/remotes/main [23ms]
2026-09-29 18:30:42.879 [info] > git status -z -uall [64ms]
2026-09-29 18:30:42.905 [info] > git for-each-ref --sort -committerdate --format %(refname)%00%(objectname)%00%(*objectname) [32ms]
2026-09-29 18:30:48.012 [info] > git config --get commit.template [37ms]
2026-09-29 18:30:48.030 [info] > git for-each-ref --format=%(refname)%00%(upstream:short)%00%(objectname)%00%(upstream:track)%00%(upstream:remotename)%00%(upstream:remoteref) refs/heads/main refs/remotes/main [20ms]
2026-09-29 18:30:48.101 [info] > git status -z -uall [38ms]
2026-09-29 18:30:48.120 [info] > git for-each-ref --sort -committerdate --format %(refname)%00%(objectname)%00%(*objectname) [21ms]
2026-09-29 18:30:53.216 [info] > git config --get commit.template [38ms]
2026-09-29 18:30:53.233 [info] > git for-each-ref --format=%(refname)%00%(upstream:short)%00%(objectname)%00%(upstream:track)%00%(upstream:remotename)%00%(upstream:remoteref) refs/heads/main refs/remotes/main [21ms]
2026-09-29 18:30:53.315 [info] > git status -z -uall [43ms]
2026-09-29 18:30:53.327 [info] > git for-each-ref --sort -committerdate --format %(refname)%00%(objectname)%00%(*objectname) [19ms]
2026-09-29 18:30:58.429 [info] > git config --get commit.template [36ms]
2026-09-29 18:30:58.447 [info] > git for-each-ref --format=%(refname)%00%(upstream:short)%00%(objectname)%00%(upstream:track)%00%(upstream:remotename)%00%(upstream:remoteref) refs/heads/main refs/remotes/main [20ms]
2026-09-29 18:30:58.523 [info] > git status -z -uall [38ms]
2026-09-29 18:30:58.541 [info] > git for-each-ref --sort -committerdate --format %(refname)%00%(objectname)%00%(*objectname) [20ms]
2026-09-29 18:31:03.649 [info] > git config --get commit.template [38ms]
2026-09-29 18:31:03.665 [info] > git for-each-ref --format=%(refname)%00%(upstream:short)%00%(objectname)%00%(upstream:track)%00%(upstream:remotename)%00%(upstream:remoteref) refs/heads/main refs/remotes/main [19ms]
2026-09-29 18:31:03.743 [info] > git status -z -uall [43ms]
2026-09-29 18:31:03.753 [info] > git for-each-ref --sort -committerdate --format %(refname)%00%(objectname)%00%(*objectname) [18ms]
2026-09-29 18:31:08.880 [info] > git config --get commit.template [55ms]
2026-09-29 18:31:08.896 [info] > git for-each-ref --format=%(refname)%00%(upstream:short)%00%(objectname)%00%(upstream:track)%00%(upstream:remotename)%00%(upstream:remoteref) refs/heads/main refs/remotes/main [20ms]
2026-09-29 18:31:08.985 [info] > git status -z -uall [45ms]
2026-09-29 18:31:09.006 [info] > git for-each-ref --sort -committerdate --format %(refname)%00%(objectname)%00%(*objectname) [23ms]
2026-09-29 18:31:14.098 [info] > git config --get commit.template [37ms]
2026-09-29 18:31:14.112 [info] > git for-each-ref --format=%(refname)%00%(upstream:short)%00%(objectname)%00%(upstream:track)%00%(upstream:remotename)%00%(upstream:remoteref) refs/heads/main refs/remotes/main [18ms]
2026-09-29 18:31:14.181 [info] > git status -z -uall [37ms]
2026-09-29 18:31:14.205 [info] > git for-each-ref --sort -committerdate --format %(refname)%00%(objectname)%00%(*objectname) [26ms]
2026-09-29 18:31:17.800 [info] > git config --get commit.template [45ms]
2026-09-29 18:31:17.819 [info] > git for-each-ref --format=%(refname)%00%(upstream:short)%00%(objectname)%00%(upstream:track)%00%(upstream:remotename)%00%(upstream:remoteref) refs/heads/main refs/remotes/main [23ms]
2026-09-29 18:31:17.893 [info] > git status -z -uall [34ms]
2026-09-29 18:31:17.909 [info] > git for-each-ref --sort -committerdate --format %(refname)%00%(objectname)%00%(*objectname) [18ms]
2026-09-29 18:31:19.328 [info] > git config --get commit.template [50ms]
2026-09-29 18:31:19.335 [info] > git for-each-ref --format=%(refname)%00%(upstream:short)%00%(objectname)%00%(upstream:track)%00%(upstream:remotename)%00%(upstream:remoteref) refs/heads/main refs/remotes/main [17ms]
2026-09-29 18:31:19.399 [info] > git status -z -uall [33ms]
2026-09-29 18:31:19.414 [info] > git for-each-ref --sort -committerdate --format %(refname)%00%(objectname)%00%(*objectname) [18ms]
2026-09-29 18:31:24.533 [info] > git config --get commit.template [47ms]
2026-09-29 18:31:24.550 [info] > git for-each-ref --format=%(refname)%00%(upstream:short)%00%(objectname)%00%(upstream:track)%00%(upstream:remotename)%00%(upstream:remoteref) refs/heads/main refs/remotes/main [21ms]
2026-09-29 18:31:24.635 [info] > git status -z -uall [40ms]
2026-09-29 18:31:24.654 [info] > git for-each-ref --sort -committerdate --format %(refname)%00%(objectname)%00%(*objectname) [23ms]
2026-09-29 18:31:29.763 [info] > git config --get commit.template [41ms]
2026-09-29 18:31:29.776 [info] > git for-each-ref --format=%(refname)%00%(upstream:short)%00%(objectname)%00%(upstream:track)%00%(upstream:remotename)%00%(upstream:remoteref) refs/heads/main refs/remotes/main [17ms]
2026-09-29 18:31:29.843 [info] > git status -z -uall [33ms]
2026-09-29 18:31:29.858 [info] > git for-each-ref --sort -committerdate --format %(refname)%00%(objectname)%00%(*objectname) [18ms]
2026-09-29 18:31:32.233 [info] > git -c i18n.logOutputEncoding=UTF-8 log --format=%H%n%aN%n%aE%n%at%n%ct%n%P%n%D%n%B -z -n51 --shortstat --follow -- /data/data/com.termux/files/home/Main.java [34ms]
2026-09-29 18:31:32.302 [info] > git hash-object -t tree /dev/null [18ms]
2026-09-29 18:31:34.979 [info] > git config --get commit.template [49ms]
2026-09-29 18:31:34.991 [info] > git for-each-ref --format=%(refname)%00%(upstream:short)%00%(objectname)%00%(upstream:track)%00%(upstream:remotename)%00%(upstream:remoteref) refs/heads/main refs/remotes/main [17ms]
2026-09-29 18:31:35.060 [info] > git status -z -uall [33ms]
2026-09-29 18:31:35.077 [info] > git for-each-ref --sort -committerdate --format %(refname)%00%(objectname)%00%(*objectname) [19ms]
2026-09-29 18:31:40.184 [info] > git config --get commit.template [47ms]
2026-09-29 18:31:40.201 [info] > git for-each-ref --format=%(refname)%00%(upstream:short)%00%(objectname)%00%(upstream:track)%00%(upstream:remotename)%00%(upstream:remoteref) refs/heads/main refs/remotes/main [23ms]
2026-09-29 18:31:40.275 [info] > git status -z -uall [33ms]
2026-09-29 18:31:40.290 [info] > git for-each-ref --sort -committerdate --format %(refname)%00%(objectname)%00%(*objectname) [18ms]
2026-09-29 18:31:45.397 [info] > git config --get commit.template [40ms]
2026-09-29 18:31:45.410 [info] > git for-each-ref --format=%(refname)%00%(upstream:short)%00%(objectname)%00%(upstream:track)%00%(upstream:remotename)%00%(upstream:remoteref) refs/heads/main refs/remotes/main [17ms]
2026-09-29 18:31:45.488 [info] > git status -z -uall [35ms]
2026-09-29 18:31:45.503 [info] > git for-each-ref --sort -committerdate --format %(refname)%00%(objectname)%00%(*objectname) [18ms]
2026-09-29 18:31:50.602 [info] > git config --get commit.template [41ms]
2026-09-29 18:31:50.616 [info] > git for-each-ref --format=%(refname)%00%(upstream:short)%00%(objectname)%00%(upstream:track)%00%(upstream:remotename)%00%(upstream:remoteref) refs/heads/main refs/remotes/main [18ms]
2026-09-29 18:31:50.683 [info] > git status -z -uall [35ms]
2026-09-29 18:31:50.701 [info] > git for-each-ref --sort -committerdate --format %(refname)%00%(objectname)%00%(*objectname) [19ms]
2026-09-29 18:31:55.807 [info] > git config --get commit.template [42ms]
2026-09-29 18:31:55.822 [info] > git for-each-ref --format=%(refname)%00%(upstream:short)%00%(objectname)%00%(upstream:track)%00%(upstream:remotename)%00%(upstream:remoteref) refs/heads/main refs/remotes/main [19ms]
2026-09-29 18:31:55.911 [info] > git status -z -uall [47ms]
2026-09-29 18:31:55.922 [info] > git for-each-ref --sort -committerdate --format %(refname)%00%(objectname)%00%(*objectname) [20ms]
2026-09-29 18:32:01.015 [info] > git config --get commit.template [36ms]
2026-09-29 18:32:01.030 [info] > git for-each-ref --format=%(refname)%00%(upstream:short)%00%(objectname)%00%(upstream:track)%00%(upstream:remotename)%00%(upstream:remoteref) refs/heads/main refs/remotes/main [18ms]
2026-09-29 18:32:01.109 [info] > git status -z -uall [42ms]
2026-09-29 18:32:01.120 [info] > git for-each-ref --sort -committerdate --format %(refname)%00%(objectname)%00%(*objectname) [19ms]
2026-09-29 18:32:06.224 [info] > git config --get commit.template [38ms]
2026-09-29 18:32:06.239 [info] > git for-each-ref --format=%(refname)%00%(upstream:short)%00%(objectname)%00%(upstream:track)%00%(upstream:remotename)%00%(upstream:remoteref) refs/heads/main refs/remotes/main [18ms]
2026-09-29 18:32:06.318 [info] > git status -z -uall [37ms]
2026-09-29 18:32:06.335 [info] > git for-each-ref --sort -committerdate --format %(refname)%00%(objectname)%00%(*objectname) [18ms]
2026-09-29 18:33:11.629 [info] > git config --get commit.template [66ms]
2026-09-29 18:33:11.682 [info] > git for-each-ref --format=%(refname)%00%(upstream:short)%00%(objectname)%00%(upstream:track)%00%(upstream:remotename)%00%(upstream:remoteref) refs/heads/main refs/remotes/main [57ms]
2026-09-29 18:33:11.834 [info] > git status -z -uall [80ms]
2026-09-29 18:33:11.871 [info] > git for-each-ref --sort -committerdate --format %(refname)%00%(objectname)%00%(*objectname) [50ms]
