0 verbose cli /data/data/com.termux/files/usr/bin/node /data/data/com.termux/files/usr/bin/npm
1 info using npm@11.20.0
2 info using node@v26.4.0
3 silly config load:file:/data/data/com.termux/files/usr/lib/node_modules/npm/npmrc
4 silly config load:file:/data/data/com.termux/files/home/todo-frontend/.npmrc
5 silly config load:file:/data/data/com.termux/files/home/.npmrc
6 silly config load:file:/data/data/com.termux/files/usr/etc/npmrc
7 verbose title npm install
8 verbose argv "install"
9 verbose logfile logs-max:10 dir:/data/data/com.termux/files/home/.npm/_logs/2026-10-02T04_53_39_518Z-
10 verbose logfile /data/data/com.termux/files/home/.npm/_logs/2026-10-02T04_53_39_518Z-debug-0.log
11 silly logfile done cleaning log files
12 silly packumentCache heap:1174405120 maxSize:293601280 maxEntrySize:146800640
13 silly idealTree buildDeps
14 silly fetch manifest react@^19.2.8
15 silly packumentCache full:https://registry.npmjs.org/react cache-miss
16 http fetch GET 200 https://registry.npmjs.org/react 3286ms (cache miss)
17 silly packumentCache full:https://registry.npmjs.org/react set size:undefined disposed:false
18 silly fetch manifest react-dom@^19.2.8
19 silly packumentCache full:https://registry.npmjs.org/react-dom cache-miss
20 http fetch GET 200 https://registry.npmjs.org/react-dom 2387ms (cache miss)
21 silly packumentCache full:https://registry.npmjs.org/react-dom set size:undefined disposed:false
22 silly fetch manifest @eslint/js@^10.0.1
23 silly packumentCache full:https://registry.npmjs.org/@eslint%2fjs cache-miss
24 http fetch GET 200 https://registry.npmjs.org/@eslint%2fjs 259ms (cache miss)
25 silly packumentCache full:https://registry.npmjs.org/@eslint%2fjs set size:undefined disposed:false
26 silly fetch manifest eslint@^10.10.0
27 silly packumentCache full:https://registry.npmjs.org/eslint cache-miss
28 http fetch GET 200 https://registry.npmjs.org/eslint 389ms (cache miss)
29 silly packumentCache full:https://registry.npmjs.org/eslint set size:undefined disposed:false
30 silly fetch manifest @types/react@^19.2.18
31 silly packumentCache full:https://registry.npmjs.org/@types%2freact cache-miss
32 http fetch GET 200 https://registry.npmjs.org/@types%2freact 14228ms (cache miss)
33 silly packumentCache full:https://registry.npmjs.org/@types%2freact set size:undefined disposed:false
34 silly fetch manifest @types/react-dom@^19.2.7
35 silly packumentCache full:https://registry.npmjs.org/@types%2freact-dom cache-miss
36 http fetch GET 200 https://registry.npmjs.org/@types%2freact-dom 184ms (cache miss)
37 silly packumentCache full:https://registry.npmjs.org/@types%2freact-dom set size:undefined disposed:false
38 silly fetch manifest @vitejs/plugin-react@^6.1.1
39 silly packumentCache full:https://registry.npmjs.org/@vitejs%2fplugin-react cache-miss
40 http fetch GET 200 https://registry.npmjs.org/@vitejs%2fplugin-react 438ms (cache miss)
41 silly packumentCache full:https://registry.npmjs.org/@vitejs%2fplugin-react set size:undefined disposed:false
42 silly fetch manifest vite@^8.3.0
43 silly packumentCache full:https://registry.npmjs.org/vite cache-miss
44 http fetch GET 200 https://registry.npmjs.org/vite 135630ms (cache miss)
45 silly packumentCache full:https://registry.npmjs.org/vite set size:undefined disposed:false
46 silly fetch manifest eslint-plugin-react-hooks@^7.1.1
47 silly packumentCache full:https://registry.npmjs.org/eslint-plugin-react-hooks cache-miss
48 http fetch GET 200 https://registry.npmjs.org/eslint-plugin-react-hooks 1692ms (cache miss)
49 silly packumentCache full:https://registry.npmjs.org/eslint-plugin-react-hooks set size:undefined disposed:false
50 silly fetch manifest eslint-plugin-react-refresh@^0.5.6
51 silly packumentCache full:https://registry.npmjs.org/eslint-plugin-react-refresh cache-miss
52 http fetch GET 200 https://registry.npmjs.org/eslint-plugin-react-refresh 724ms (cache miss)
53 silly packumentCache full:https://registry.npmjs.org/eslint-plugin-react-refresh set size:undefined disposed:false
54 silly fetch manifest globals@^17.12.0
55 silly packumentCache full:https://registry.npmjs.org/globals cache-miss
56 http fetch GET 200 https://registry.npmjs.org/globals 165ms (cache miss)
57 silly packumentCache full:https://registry.npmjs.org/globals set size:undefined disposed:false
58 silly placeDep ROOT @eslint/js@10.0.1 OK for: todo-frontend@0.0.0 want: ^10.0.1
59 silly placeDep ROOT @types/react@19.3.0 OK for: todo-frontend@0.0.0 want: ^19.2.18
60 silly placeDep ROOT @types/react-dom@19.3.0 OK for: todo-frontend@0.0.0 want: ^19.2.7
61 silly placeDep ROOT @vitejs/plugin-react@6.1.1 OK for: todo-frontend@0.0.0 want: ^6.1.1
62 silly placeDep ROOT vite@8.3.2 OK for: @vitejs/plugin-react@6.1.1 want: ^8.0.0
63 silly placeDep ROOT eslint@10.11.0 OK for: todo-frontend@0.0.0 want: ^10.10.0
64 silly placeDep ROOT eslint-plugin-react-hooks@7.1.1 OK for: todo-frontend@0.0.0 want: ^7.1.1
65 silly placeDep ROOT eslint-plugin-react-refresh@0.5.7 OK for: todo-frontend@0.0.0 want: ^0.5.6
66 silly placeDep ROOT globals@17.13.0 OK for: todo-frontend@0.0.0 want: ^17.12.0
67 silly placeDep ROOT react@19.3.0 OK for: todo-frontend@0.0.0 want: ^19.2.8
68 silly placeDep ROOT react-dom@19.3.0 OK for: todo-frontend@0.0.0 want: ^19.2.8
69 silly fetch manifest csstype@^3.2.2
70 silly packumentCache full:https://registry.npmjs.org/csstype cache-miss
71 silly fetch manifest @rolldown/pluginutils@^1.0.1
72 silly packumentCache full:https://registry.npmjs.org/@rolldown%2fpluginutils cache-miss
73 silly fetch manifest postcss@^8.5.28
74 silly packumentCache full:https://registry.npmjs.org/postcss cache-miss
75 silly fetch manifest rolldown@~1.2.11
76 silly packumentCache full:https://registry.npmjs.org/rolldown cache-miss
77 silly fetch manifest picomatch@^4.0.7
78 silly packumentCache full:https://registry.npmjs.org/picomatch cache-miss
79 silly fetch manifest tinyglobby@^0.2.17
80 silly packumentCache full:https://registry.npmjs.org/tinyglobby cache-miss
81 silly fetch manifest lightningcss@^1.33.0
82 silly packumentCache full:https://registry.npmjs.org/lightningcss cache-miss
83 http fetch GET 200 https://registry.npmjs.org/csstype 143ms (cache miss)
84 silly packumentCache full:https://registry.npmjs.org/csstype set size:undefined disposed:false
85 silly fetch manifest fsevents@~2.3.3
86 silly packumentCache full:https://registry.npmjs.org/fsevents cache-miss
87 http fetch GET 200 https://registry.npmjs.org/fsevents 151ms (cache miss)
88 silly packumentCache full:https://registry.npmjs.org/fsevents set size:undefined disposed:false
89 silly fetch manifest ajv@^6.14.0
90 silly packumentCache full:https://registry.npmjs.org/ajv cache-miss
91 http fetch GET 200 https://registry.npmjs.org/@rolldown%2fpluginutils 450ms (cache miss)
92 silly packumentCache full:https://registry.npmjs.org/@rolldown%2fpluginutils set size:undefined disposed:false
93 silly fetch manifest debug@^4.3.2
94 silly packumentCache full:https://registry.npmjs.org/debug cache-miss
95 http fetch GET 200 https://registry.npmjs.org/tinyglobby 478ms (cache miss)
96 silly packumentCache full:https://registry.npmjs.org/tinyglobby set size:undefined disposed:false
97 silly fetch manifest espree@^11.2.0
98 silly packumentCache full:https://registry.npmjs.org/espree cache-miss
99 http fetch GET 200 https://registry.npmjs.org/lightningcss 513ms (cache miss)
100 silly packumentCache full:https://registry.npmjs.org/lightningcss set size:undefined disposed:false
101 silly fetch manifest ignore@^5.2.0
102 silly packumentCache full:https://registry.npmjs.org/ignore cache-miss
103 http fetch GET 200 https://registry.npmjs.org/postcss 580ms (cache miss)
104 silly packumentCache full:https://registry.npmjs.org/postcss set size:undefined disposed:false
105 silly fetch manifest esquery@^1.7.0
106 silly packumentCache full:https://registry.npmjs.org/esquery cache-miss
107 http fetch GET 200 https://registry.npmjs.org/ajv 433ms (cache miss)
108 silly packumentCache full:https://registry.npmjs.org/ajv set size:undefined disposed:false
109 silly fetch manifest esutils@^2.0.2
110 silly packumentCache full:https://registry.npmjs.org/esutils cache-miss
111 http fetch GET 200 https://registry.npmjs.org/debug 422ms (cache miss)
112 silly packumentCache full:https://registry.npmjs.org/debug set size:undefined disposed:false
113 silly fetch manifest find-up@^5.0.0
114 silly packumentCache full:https://registry.npmjs.org/find-up cache-miss
115 http fetch GET 200 https://registry.npmjs.org/esquery 317ms (cache miss)
116 silly packumentCache full:https://registry.npmjs.org/esquery set size:undefined disposed:false
117 silly fetch manifest is-glob@^4.0.0
118 silly packumentCache full:https://registry.npmjs.org/is-glob cache-miss
119 http fetch GET 200 https://registry.npmjs.org/esutils 131ms (cache miss)
120 silly packumentCache full:https://registry.npmjs.org/esutils set size:undefined disposed:false
121 silly fetch manifest minimatch@^10.2.5
122 silly packumentCache full:https://registry.npmjs.org/minimatch cache-miss
123 http fetch GET 200 https://registry.npmjs.org/espree 503ms (cache miss)
124 silly packumentCache full:https://registry.npmjs.org/espree set size:undefined disposed:false
125 silly fetch manifest optionator@^0.9.3
126 silly packumentCache full:https://registry.npmjs.org/optionator cache-miss
127 http fetch GET 200 https://registry.npmjs.org/picomatch 1047ms (cache miss)
128 silly packumentCache full:https://registry.npmjs.org/picomatch set size:undefined disposed:false
129 silly fetch manifest cross-spawn@^7.0.6
130 silly packumentCache full:https://registry.npmjs.org/cross-spawn cache-miss
131 http fetch GET 200 https://registry.npmjs.org/ignore 538ms (cache miss)
132 silly packumentCache full:https://registry.npmjs.org/ignore set size:undefined disposed:false
133 silly fetch manifest glob-parent@^6.0.2
134 silly packumentCache full:https://registry.npmjs.org/glob-parent cache-miss
135 http fetch GET 200 https://registry.npmjs.org/find-up 223ms (cache miss)
136 silly packumentCache full:https://registry.npmjs.org/find-up set size:undefined disposed:false
137 silly fetch manifest imurmurhash@^0.1.4
138 silly packumentCache full:https://registry.npmjs.org/imurmurhash cache-miss
139 http fetch GET 200 https://registry.npmjs.org/is-glob 202ms (cache miss)
140 silly packumentCache full:https://registry.npmjs.org/is-glob set size:undefined disposed:false
141 silly fetch manifest @eslint/core@^1.2.1
142 silly packumentCache full:https://registry.npmjs.org/@eslint%2fcore cache-miss
143 http fetch GET 200 https://registry.npmjs.org/optionator 168ms (cache miss)
144 silly packumentCache full:https://registry.npmjs.org/optionator set size:undefined disposed:false
145 silly fetch manifest eslint-scope@^9.1.2
146 silly packumentCache full:https://registry.npmjs.org/eslint-scope cache-miss
147 http fetch GET 200 https://registry.npmjs.org/cross-spawn 217ms (cache miss)
148 silly packumentCache full:https://registry.npmjs.org/cross-spawn set size:undefined disposed:false
149 silly fetch manifest @humanfs/node@^0.16.6
150 silly packumentCache full:https://registry.npmjs.org/@humanfs%2fnode cache-miss
151 http fetch GET 200 https://registry.npmjs.org/glob-parent 200ms (cache miss)
152 silly packumentCache full:https://registry.npmjs.org/glob-parent set size:undefined disposed:false
153 silly fetch manifest @types/estree@^1.0.6
154 silly packumentCache full:https://registry.npmjs.org/@types%2festree cache-miss
155 http fetch GET 200 https://registry.npmjs.org/imurmurhash 176ms (cache miss)
156 silly packumentCache full:https://registry.npmjs.org/imurmurhash set size:undefined disposed:false
157 silly fetch manifest fast-deep-equal@^3.1.3
158 silly packumentCache full:https://registry.npmjs.org/fast-deep-equal cache-miss
159 http fetch GET 200 https://registry.npmjs.org/eslint-scope 163ms (cache miss)
160 silly packumentCache full:https://registry.npmjs.org/eslint-scope set size:undefined disposed:false
161 silly fetch manifest natural-compare@^1.4.0
162 silly packumentCache full:https://registry.npmjs.org/natural-compare cache-miss
163 http fetch GET 200 https://registry.npmjs.org/rolldown 1413ms (cache miss)
164 silly packumentCache full:https://registry.npmjs.org/rolldown set size:undefined disposed:false
165 silly fetch manifest file-entry-cache@11.1.5 || >11.1.6 <12
166 silly packumentCache full:https://registry.npmjs.org/file-entry-cache cache-miss
167 http fetch GET 200 https://registry.npmjs.org/fast-deep-equal 260ms (cache miss)
168 silly packumentCache full:https://registry.npmjs.org/fast-deep-equal set size:undefined disposed:false
169 silly fetch manifest @eslint/plugin-kit@^0.7.3
170 silly packumentCache full:https://registry.npmjs.org/@eslint%2fplugin-kit cache-miss
171 http fetch GET 200 https://registry.npmjs.org/@types%2festree 296ms (cache miss)
172 silly packumentCache full:https://registry.npmjs.org/@types%2festree set size:undefined disposed:false
173 silly fetch manifest eslint-visitor-keys@^5.0.1
174 silly packumentCache full:https://registry.npmjs.org/eslint-visitor-keys cache-miss
175 http fetch GET 200 https://registry.npmjs.org/natural-compare 252ms (cache miss)
176 silly packumentCache full:https://registry.npmjs.org/natural-compare set size:undefined disposed:false
177 silly fetch manifest @eslint/config-array@^0.23.5
178 silly packumentCache full:https://registry.npmjs.org/@eslint%2fconfig-array cache-miss
179 http fetch GET 200 https://registry.npmjs.org/minimatch 662ms (cache miss)
180 silly packumentCache full:https://registry.npmjs.org/minimatch set size:undefined disposed:false
181 silly fetch manifest @humanwhocodes/retry@^0.4.2
182 silly packumentCache full:https://registry.npmjs.org/@humanwhocodes%2fretry cache-miss
183 http fetch GET 200 https://registry.npmjs.org/@humanfs%2fnode 399ms (cache miss)
184 silly packumentCache full:https://registry.npmjs.org/@humanfs%2fnode set size:undefined disposed:false
185 silly fetch manifest escape-string-regexp@^4.0.0
186 silly packumentCache full:https://registry.npmjs.org/escape-string-regexp cache-miss
187 http fetch GET 200 https://registry.npmjs.org/file-entry-cache 153ms (cache miss)
188 silly packumentCache full:https://registry.npmjs.org/file-entry-cache set size:undefined disposed:false
189 silly fetch manifest @eslint/config-helpers@^0.7.0
190 silly packumentCache full:https://registry.npmjs.org/@eslint%2fconfig-helpers cache-miss
191 http fetch GET 200 https://registry.npmjs.org/eslint-visitor-keys 142ms (cache miss)
192 silly packumentCache full:https://registry.npmjs.org/eslint-visitor-keys set size:undefined disposed:false
193 silly fetch manifest @eslint-community/regexpp@^4.12.2
194 silly packumentCache full:https://registry.npmjs.org/@eslint-community%2fregexpp cache-miss
195 http fetch GET 200 https://registry.npmjs.org/@eslint%2fconfig-helpers 115ms (cache miss)
196 silly packumentCache full:https://registry.npmjs.org/@eslint%2fconfig-helpers set size:undefined disposed:false
197 silly fetch manifest @eslint-community/eslint-utils@^4.8.0
198 silly packumentCache full:https://registry.npmjs.org/@eslint-community%2feslint-utils cache-miss
199 http fetch GET 200 https://registry.npmjs.org/@eslint%2fcore 689ms (cache miss)
200 silly packumentCache full:https://registry.npmjs.org/@eslint%2fcore set size:undefined disposed:false
201 silly fetch manifest @humanwhocodes/module-importer@^1.0.1
202 silly packumentCache full:https://registry.npmjs.org/@humanwhocodes%2fmodule-importer cache-miss
203 http fetch GET 200 https://registry.npmjs.org/@eslint%2fconfig-array 244ms (cache miss)
204 silly packumentCache full:https://registry.npmjs.org/@eslint%2fconfig-array set size:undefined disposed:false
205 silly fetch manifest json-stable-stringify-without-jsonify@^1.0.1
206 silly packumentCache full:https://registry.npmjs.org/json-stable-stringify-without-jsonify cache-miss
207 http fetch GET 200 https://registry.npmjs.org/@eslint-community%2fregexpp 152ms (cache miss)
208 silly packumentCache full:https://registry.npmjs.org/@eslint-community%2fregexpp set size:undefined disposed:false
209 silly fetch manifest zod@^3.25.0 || ^4.0.0
210 silly packumentCache full:https://registry.npmjs.org/zod cache-miss
211 http fetch GET 200 https://registry.npmjs.org/@eslint%2fplugin-kit 342ms (cache miss)
212 silly packumentCache full:https://registry.npmjs.org/@eslint%2fplugin-kit set size:undefined disposed:false
213 silly fetch manifest @babel/core@^7.24.4
214 silly packumentCache full:https://registry.npmjs.org/@babel%2fcore cache-miss
215 http fetch GET 200 https://registry.npmjs.org/json-stable-stringify-without-jsonify 99ms (cache miss)
216 silly packumentCache full:https://registry.npmjs.org/json-stable-stringify-without-jsonify set size:undefined disposed:false
217 silly fetch manifest @babel/parser@^7.24.4
218 silly packumentCache full:https://registry.npmjs.org/@babel%2fparser cache-miss
219 http fetch GET 200 https://registry.npmjs.org/@humanwhocodes%2fretry 332ms (cache miss)
220 silly packumentCache full:https://registry.npmjs.org/@humanwhocodes%2fretry set size:undefined disposed:false
221 silly fetch manifest hermes-parser@^0.25.1
222 silly packumentCache full:https://registry.npmjs.org/hermes-parser cache-miss
223 http fetch GET 200 https://registry.npmjs.org/escape-string-regexp 420ms (cache miss)
224 silly packumentCache full:https://registry.npmjs.org/escape-string-regexp set size:undefined disposed:false
225 silly fetch manifest zod-validation-error@^3.5.0 || ^4.0.0
226 silly packumentCache full:https://registry.npmjs.org/zod-validation-error cache-miss
227 http fetch GET 200 https://registry.npmjs.org/hermes-parser 239ms (cache miss)
228 silly packumentCache full:https://registry.npmjs.org/hermes-parser set size:undefined disposed:false
229 silly fetch manifest scheduler@^0.28.0
230 silly packumentCache full:https://registry.npmjs.org/scheduler cache-miss
231 http fetch GET 200 https://registry.npmjs.org/@babel%2fcore 339ms (cache miss)
232 silly packumentCache full:https://registry.npmjs.org/@babel%2fcore set size:undefined disposed:false
233 http fetch GET 200 https://registry.npmjs.org/@eslint-community%2feslint-utils 519ms (cache miss)
234 silly packumentCache full:https://registry.npmjs.org/@eslint-community%2feslint-utils set size:undefined disposed:false
235 http fetch GET 200 https://registry.npmjs.org/@babel%2fparser 532ms (cache miss)
236 silly packumentCache full:https://registry.npmjs.org/@babel%2fparser set size:undefined disposed:false
237 http fetch GET 200 https://registry.npmjs.org/@humanwhocodes%2fmodule-importer 734ms (cache miss)
238 silly packumentCache full:https://registry.npmjs.org/@humanwhocodes%2fmodule-importer set size:undefined disposed:false
239 http fetch GET 200 https://registry.npmjs.org/zod-validation-error 487ms (cache miss)
240 silly packumentCache full:https://registry.npmjs.org/zod-validation-error set size:undefined disposed:false
241 http fetch GET 200 https://registry.npmjs.org/zod 998ms (cache miss)
242 silly packumentCache full:https://registry.npmjs.org/zod set size:undefined disposed:false
243 http fetch GET 200 https://registry.npmjs.org/scheduler 1154ms (cache miss)
244 silly packumentCache full:https://registry.npmjs.org/scheduler set size:undefined disposed:false
245 silly placeDep ROOT csstype@3.2.3 OK for: @types/react@19.3.0 want: ^3.2.2
246 silly placeDep ROOT @rolldown/pluginutils@1.0.1 OK for: @vitejs/plugin-react@6.1.1 want: ^1.0.1
247 silly fetch manifest eslint@^6.0.0 || ^7.0.0 || >=8.0.0
248 silly packumentCache full:https://registry.npmjs.org/eslint cache-miss
249 http cache https://registry.npmjs.org/eslint 95ms (cache hit)
250 silly packumentCache full:https://registry.npmjs.org/eslint set size:2085131 disposed:false
251 silly fetch manifest jiti@*
252 silly packumentCache full:https://registry.npmjs.org/jiti cache-miss
253 http fetch GET 200 https://registry.npmjs.org/jiti 391ms (cache miss)
254 silly packumentCache full:https://registry.npmjs.org/jiti set size:undefined disposed:false
255 silly placeDep ROOT @eslint-community/eslint-utils@4.10.1 OK for: eslint@10.11.0 want: ^4.8.0
256 silly placeDep ROOT @eslint-community/regexpp@4.12.2 OK for: eslint@10.11.0 want: ^4.12.2
257 silly placeDep ROOT @eslint/config-array@0.23.5 OK for: eslint@10.11.0 want: ^0.23.5
258 silly placeDep ROOT @eslint/config-helpers@0.7.0 OK for: eslint@10.11.0 want: ^0.7.0
259 silly placeDep ROOT @eslint/core@1.2.1 OK for: eslint@10.11.0 want: ^1.2.1
260 silly placeDep ROOT @eslint/plugin-kit@0.7.3 OK for: eslint@10.11.0 want: ^0.7.3
261 silly placeDep ROOT @humanfs/node@0.16.8 OK for: eslint@10.11.0 want: ^0.16.6
262 silly placeDep ROOT @humanwhocodes/module-importer@1.0.1 OK for: eslint@10.11.0 want: ^1.0.1
263 silly placeDep ROOT @humanwhocodes/retry@0.4.3 OK for: eslint@10.11.0 want: ^0.4.2
264 silly placeDep ROOT @types/estree@1.0.9 OK for: eslint@10.11.0 want: ^1.0.6
265 silly placeDep ROOT ajv@6.15.0 OK for: eslint@10.11.0 want: ^6.14.0
266 silly placeDep ROOT cross-spawn@7.0.6 OK for: eslint@10.11.0 want: ^7.0.6
267 silly placeDep ROOT debug@4.4.3 OK for: eslint@10.11.0 want: ^4.3.2
268 silly placeDep ROOT escape-string-regexp@4.0.0 OK for: eslint@10.11.0 want: ^4.0.0
269 silly placeDep ROOT eslint-scope@9.1.2 OK for: eslint@10.11.0 want: ^9.1.2
270 silly placeDep ROOT eslint-visitor-keys@5.0.1 OK for: eslint@10.11.0 want: ^5.0.1
271 silly placeDep ROOT espree@11.2.0 OK for: eslint@10.11.0 want: ^11.2.0
272 silly placeDep ROOT esquery@1.7.0 OK for: eslint@10.11.0 want: ^1.7.0
273 silly placeDep ROOT esutils@2.0.3 OK for: eslint@10.11.0 want: ^2.0.2
274 silly placeDep ROOT fast-deep-equal@3.1.3 OK for: eslint@10.11.0 want: ^3.1.3
275 silly placeDep ROOT file-entry-cache@11.1.5 OK for: eslint@10.11.0 want: 11.1.5 || >11.1.6 <12
276 silly placeDep ROOT find-up@5.0.0 OK for: eslint@10.11.0 want: ^5.0.0
277 silly placeDep ROOT glob-parent@6.0.2 OK for: eslint@10.11.0 want: ^6.0.2
278 silly placeDep ROOT ignore@5.3.2 OK for: eslint@10.11.0 want: ^5.2.0
279 silly placeDep ROOT imurmurhash@0.1.4 OK for: eslint@10.11.0 want: ^0.1.4
280 silly placeDep ROOT is-glob@4.0.3 OK for: eslint@10.11.0 want: ^4.0.0
281 silly placeDep ROOT json-stable-stringify-without-jsonify@1.0.1 OK for: eslint@10.11.0 want: ^1.0.1
282 silly placeDep ROOT minimatch@10.2.6 OK for: eslint@10.11.0 want: ^10.2.5
283 silly placeDep ROOT natural-compare@1.4.0 OK for: eslint@10.11.0 want: ^1.4.0
284 silly placeDep ROOT optionator@0.9.4 OK for: eslint@10.11.0 want: ^0.9.3
285 silly fetch manifest eslint-visitor-keys@^3.4.3
286 silly packumentCache full:https://registry.npmjs.org/eslint-visitor-keys cache-miss
287 silly fetch manifest @eslint/object-schema@^3.0.5
288 silly packumentCache full:https://registry.npmjs.org/@eslint%2fobject-schema cache-miss
289 silly fetch manifest debug@^4.3.1
290 silly packumentCache full:https://registry.npmjs.org/debug cache-miss
291 silly fetch manifest minimatch@^10.2.4
292 silly packumentCache full:https://registry.npmjs.org/minimatch cache-miss
293 silly fetch manifest @types/json-schema@^7.0.15
294 silly packumentCache full:https://registry.npmjs.org/@types%2fjson-schema cache-miss
295 silly fetch manifest levn@^0.4.1
296 silly packumentCache full:https://registry.npmjs.org/levn cache-miss
297 silly fetch manifest @humanfs/core@^0.19.2
298 silly packumentCache full:https://registry.npmjs.org/@humanfs%2fcore cache-miss
299 http cache https://registry.npmjs.org/debug 60ms (cache hit)
300 silly packumentCache full:https://registry.npmjs.org/debug set size:195840 disposed:false
301 silly fetch manifest @humanfs/types@^0.15.0
302 silly packumentCache full:https://registry.npmjs.org/@humanfs%2ftypes cache-miss
303 http cache https://registry.npmjs.org/eslint-visitor-keys 96ms (cache hit)
304 silly packumentCache full:https://registry.npmjs.org/eslint-visitor-keys set size:69949 disposed:false
305 silly fetch manifest @humanwhocodes/retry@^0.4.0
306 silly packumentCache full:https://registry.npmjs.org/@humanwhocodes%2fretry cache-miss
307 http cache https://registry.npmjs.org/minimatch 110ms (cache hit)
308 silly packumentCache full:https://registry.npmjs.org/minimatch set size:377924 disposed:false
309 silly fetch manifest uri-js@^4.2.2
310 silly packumentCache full:https://registry.npmjs.org/uri-js cache-miss
311 http cache https://registry.npmjs.org/@humanwhocodes%2fretry 594ms (cache hit)
312 silly packumentCache full:https://registry.npmjs.org/@humanwhocodes%2fretry set size:42348 disposed:false
313 silly fetch manifest fast-deep-equal@^3.1.1
314 silly packumentCache full:https://registry.npmjs.org/fast-deep-equal cache-miss
315 http fetch GET 200 https://registry.npmjs.org/@types%2fjson-schema 709ms (cache miss)
316 silly packumentCache full:https://registry.npmjs.org/@types%2fjson-schema set size:undefined disposed:false
317 silly fetch manifest json-schema-traverse@^0.4.1
318 silly packumentCache full:https://registry.npmjs.org/json-schema-traverse cache-miss
319 http fetch GET 200 https://registry.npmjs.org/@humanfs%2fcore 717ms (cache miss)
320 silly packumentCache full:https://registry.npmjs.org/@humanfs%2fcore set size:undefined disposed:false
321 silly fetch manifest fast-json-stable-stringify@^2.0.0
322 silly packumentCache full:https://registry.npmjs.org/fast-json-stable-stringify cache-miss
323 http fetch GET 200 https://registry.npmjs.org/@eslint%2fobject-schema 742ms (cache miss)
324 silly packumentCache full:https://registry.npmjs.org/@eslint%2fobject-schema set size:undefined disposed:false
325 silly fetch manifest which@^2.0.1
326 silly packumentCache full:https://registry.npmjs.org/which cache-miss
327 http fetch GET 200 https://registry.npmjs.org/levn 776ms (cache miss)
328 silly packumentCache full:https://registry.npmjs.org/levn set size:undefined disposed:false
329 silly fetch manifest path-key@^3.1.0
330 silly packumentCache full:https://registry.npmjs.org/path-key cache-miss
331 http cache https://registry.npmjs.org/fast-deep-equal 105ms (cache hit)
332 silly packumentCache full:https://registry.npmjs.org/fast-deep-equal set size:48634 disposed:false
333 silly fetch manifest shebang-command@^2.0.0
334 silly packumentCache full:https://registry.npmjs.org/shebang-command cache-miss
335 http fetch GET 200 https://registry.npmjs.org/uri-js 211ms (cache miss)
336 silly packumentCache full:https://registry.npmjs.org/uri-js set size:undefined disposed:false
337 silly fetch manifest ms@^2.1.3
338 silly packumentCache full:https://registry.npmjs.org/ms cache-miss
339 http fetch GET 200 https://registry.npmjs.org/@humanfs%2ftypes 803ms (cache miss)
340 silly packumentCache full:https://registry.npmjs.org/@humanfs%2ftypes set size:undefined disposed:false
341 silly fetch manifest @types/esrecurse@^4.3.1
342 silly packumentCache full:https://registry.npmjs.org/@types%2fesrecurse cache-miss
343 http fetch GET 200 https://registry.npmjs.org/json-schema-traverse 177ms (cache miss)
344 silly packumentCache full:https://registry.npmjs.org/json-schema-traverse set size:undefined disposed:false
345 silly fetch manifest esrecurse@^4.3.0
346 silly packumentCache full:https://registry.npmjs.org/esrecurse cache-miss
347 http fetch GET 200 https://registry.npmjs.org/fast-json-stable-stringify 185ms (cache miss)
348 silly packumentCache full:https://registry.npmjs.org/fast-json-stable-stringify set size:undefined disposed:false
349 silly fetch manifest estraverse@^5.2.0
350 silly packumentCache full:https://registry.npmjs.org/estraverse cache-miss
351 http fetch GET 200 https://registry.npmjs.org/which 189ms (cache miss)
352 silly packumentCache full:https://registry.npmjs.org/which set size:undefined disposed:false
353 silly fetch manifest acorn@^8.16.0
354 silly packumentCache full:https://registry.npmjs.org/acorn cache-miss
355 http fetch GET 200 https://registry.npmjs.org/path-key 164ms (cache miss)
356 silly packumentCache full:https://registry.npmjs.org/path-key set size:undefined disposed:false
357 silly fetch manifest acorn-jsx@^5.3.2
358 silly packumentCache full:https://registry.npmjs.org/acorn-jsx cache-miss
359 http fetch GET 200 https://registry.npmjs.org/@types%2fesrecurse 98ms (cache miss)
360 silly packumentCache full:https://registry.npmjs.org/@types%2fesrecurse set size:undefined disposed:false
361 silly fetch manifest estraverse@^5.1.0
362 silly packumentCache full:https://registry.npmjs.org/estraverse cache-miss
363 http fetch GET 200 https://registry.npmjs.org/esrecurse 143ms (cache miss)
364 silly packumentCache full:https://registry.npmjs.org/esrecurse set size:undefined disposed:false
365 silly fetch manifest flat-cache@^6.1.23
366 silly packumentCache full:https://registry.npmjs.org/flat-cache cache-miss
367 http fetch GET 200 https://registry.npmjs.org/estraverse 139ms (cache miss)
368 silly packumentCache full:https://registry.npmjs.org/estraverse set size:undefined disposed:false
369 silly fetch manifest locate-path@^6.0.0
370 silly packumentCache full:https://registry.npmjs.org/locate-path cache-miss
371 http fetch GET 200 https://registry.npmjs.org/acorn 169ms (cache miss)
372 silly packumentCache full:https://registry.npmjs.org/acorn set size:undefined disposed:false
373 silly fetch manifest path-exists@^4.0.0
374 silly packumentCache full:https://registry.npmjs.org/path-exists cache-miss
375 http fetch GET 200 https://registry.npmjs.org/estraverse 164ms (cache miss)
376 silly packumentCache full:https://registry.npmjs.org/estraverse set size:undefined disposed:false
377 silly fetch manifest is-glob@^4.0.3
378 silly packumentCache full:https://registry.npmjs.org/is-glob cache-miss
379 http fetch GET 200 https://registry.npmjs.org/acorn-jsx 230ms (cache miss)
380 silly packumentCache full:https://registry.npmjs.org/acorn-jsx set size:undefined disposed:false
381 silly fetch manifest is-extglob@^2.1.1
382 silly packumentCache full:https://registry.npmjs.org/is-extglob cache-miss
383 http cache https://registry.npmjs.org/is-glob 49ms (cache hit)
384 silly packumentCache full:https://registry.npmjs.org/is-glob set size:40530 disposed:false
385 silly fetch manifest brace-expansion@^5.0.8
386 silly packumentCache full:https://registry.npmjs.org/brace-expansion cache-miss
387 http fetch GET 200 https://registry.npmjs.org/locate-path 167ms (cache miss)
388 silly packumentCache full:https://registry.npmjs.org/locate-path set size:undefined disposed:false
389 silly fetch manifest prelude-ls@^1.2.1
390 silly packumentCache full:https://registry.npmjs.org/prelude-ls cache-miss
391 http fetch GET 200 https://registry.npmjs.org/flat-cache 196ms (cache miss)
392 silly packumentCache full:https://registry.npmjs.org/flat-cache set size:undefined disposed:false
393 silly fetch manifest deep-is@^0.1.3
394 silly packumentCache full:https://registry.npmjs.org/deep-is cache-miss
395 http fetch GET 200 https://registry.npmjs.org/shebang-command 444ms (cache miss)
396 silly packumentCache full:https://registry.npmjs.org/shebang-command set size:undefined disposed:false
397 silly fetch manifest word-wrap@^1.2.5
398 silly packumentCache full:https://registry.npmjs.org/word-wrap cache-miss
399 http fetch GET 200 https://registry.npmjs.org/word-wrap 383ms (cache miss)
400 silly packumentCache full:https://registry.npmjs.org/word-wrap set size:undefined disposed:false
401 silly fetch manifest type-check@^0.4.0
402 silly packumentCache full:https://registry.npmjs.org/type-check cache-miss
403 http fetch GET 200 https://registry.npmjs.org/path-exists 521ms (cache miss)
404 silly packumentCache full:https://registry.npmjs.org/path-exists set size:undefined disposed:false
405 silly fetch manifest fast-levenshtein@^2.0.6
406 silly packumentCache full:https://registry.npmjs.org/fast-levenshtein cache-miss
407 http fetch GET 200 https://registry.npmjs.org/prelude-ls 434ms (cache miss)
408 silly packumentCache full:https://registry.npmjs.org/prelude-ls set size:undefined disposed:false
409 http fetch GET 200 https://registry.npmjs.org/is-extglob 489ms (cache miss)
410 silly packumentCache full:https://registry.npmjs.org/is-extglob set size:undefined disposed:false
411 http fetch GET 200 https://registry.npmjs.org/ms 842ms (cache miss)
412 silly packumentCache full:https://registry.npmjs.org/ms set size:undefined disposed:false
413 http fetch GET 200 https://registry.npmjs.org/deep-is 446ms (cache miss)
414 silly packumentCache full:https://registry.npmjs.org/deep-is set size:undefined disposed:false
415 http fetch GET 200 https://registry.npmjs.org/brace-expansion 535ms (cache miss)
416 silly packumentCache full:https://registry.npmjs.org/brace-expansion set size:undefined disposed:false
417 http fetch GET 200 https://registry.npmjs.org/type-check 31684ms (cache miss)
418 silly packumentCache full:https://registry.npmjs.org/type-check set size:undefined disposed:false
419 http fetch GET 200 https://registry.npmjs.org/fast-levenshtein 31689ms (cache miss)
420 silly packumentCache full:https://registry.npmjs.org/fast-levenshtein set size:undefined disposed:false
421 silly placeDep node_modules/@eslint-community/eslint-utils eslint-visitor-keys@3.4.3 OK for: @eslint-community/eslint-utils@4.10.1 want: ^3.4.3
422 silly placeDep ROOT @eslint/object-schema@3.0.5 OK for: @eslint/config-array@0.23.5 want: ^3.0.5
423 silly placeDep ROOT @types/json-schema@7.0.15 OK for: @eslint/core@1.2.1 want: ^7.0.15
424 silly placeDep ROOT levn@0.4.1 OK for: @eslint/plugin-kit@0.7.3 want: ^0.4.1
425 silly fetch manifest type-check@~0.4.0
426 silly packumentCache full:https://registry.npmjs.org/type-check cache-miss
427 http cache https://registry.npmjs.org/type-check 19ms (cache hit)
428 silly packumentCache full:https://registry.npmjs.org/type-check set size:21221 disposed:false
429 silly placeDep ROOT @humanfs/core@0.19.2 OK for: @humanfs/node@0.16.8 want: ^0.19.2
430 silly placeDep ROOT @humanfs/types@0.15.0 OK for: @humanfs/node@0.16.8 want: ^0.15.0
431 silly placeDep ROOT fast-json-stable-stringify@2.1.0 OK for: ajv@6.15.0 want: ^2.0.0
432 silly placeDep ROOT json-schema-traverse@0.4.1 OK for: ajv@6.15.0 want: ^0.4.1
433 silly placeDep ROOT uri-js@4.4.1 OK for: ajv@6.15.0 want: ^4.2.2
434 silly fetch manifest punycode@^2.1.0
435 silly packumentCache full:https://registry.npmjs.org/punycode cache-miss
436 http fetch GET 200 https://registry.npmjs.org/punycode 12697ms (cache miss)
437 silly packumentCache full:https://registry.npmjs.org/punycode set size:undefined disposed:false
438 silly placeDep ROOT path-key@3.1.1 OK for: cross-spawn@7.0.6 want: ^3.1.0
439 silly placeDep ROOT shebang-command@2.0.0 OK for: cross-spawn@7.0.6 want: ^2.0.0
440 silly placeDep ROOT which@2.0.2 OK for: cross-spawn@7.0.6 want: ^2.0.1
441 silly fetch manifest shebang-regex@^3.0.0
442 silly packumentCache full:https://registry.npmjs.org/shebang-regex cache-miss
443 silly fetch manifest isexe@^2.0.0
444 silly packumentCache full:https://registry.npmjs.org/isexe cache-miss
445 http fetch GET 200 https://registry.npmjs.org/shebang-regex 100ms (cache miss)
446 silly packumentCache full:https://registry.npmjs.org/shebang-regex set size:undefined disposed:false
447 http fetch GET 200 https://registry.npmjs.org/isexe 104ms (cache miss)
448 silly packumentCache full:https://registry.npmjs.org/isexe set size:undefined disposed:false
449 silly placeDep ROOT ms@2.1.3 OK for: debug@4.4.3 want: ^2.1.3
450 silly placeDep ROOT @babel/core@7.29.7 OK for: eslint-plugin-react-hooks@7.1.1 want: ^7.24.4
451 silly placeDep ROOT @babel/parser@7.29.9 OK for: eslint-plugin-react-hooks@7.1.1 want: ^7.24.4
452 silly placeDep ROOT hermes-parser@0.25.1 OK for: eslint-plugin-react-hooks@7.1.1 want: ^0.25.1
453 silly placeDep ROOT zod@4.6.5 OK for: eslint-plugin-react-hooks@7.1.1 want: ^3.25.0 || ^4.0.0
454 silly placeDep ROOT zod-validation-error@4.0.2 OK for: eslint-plugin-react-hooks@7.1.1 want: ^3.5.0 || ^4.0.0
455 silly fetch manifest json5@^2.2.3
456 silly packumentCache full:https://registry.npmjs.org/json5 cache-miss
457 silly fetch manifest semver@^6.3.1
458 silly packumentCache full:https://registry.npmjs.org/semver cache-miss
459 silly fetch manifest gensync@^1.0.0-beta.2
460 silly packumentCache full:https://registry.npmjs.org/gensync cache-miss
461 silly fetch manifest @babel/types@^7.29.7
462 silly packumentCache full:https://registry.npmjs.org/@babel%2ftypes cache-miss
463 silly fetch manifest @babel/parser@^7.29.7
464 silly packumentCache full:https://registry.npmjs.org/@babel%2fparser cache-miss
465 silly fetch manifest @babel/helpers@^7.29.7
466 silly packumentCache full:https://registry.npmjs.org/@babel%2fhelpers cache-miss
467 silly fetch manifest @babel/template@^7.29.7
468 silly packumentCache full:https://registry.npmjs.org/@babel%2ftemplate cache-miss
469 http cache https://registry.npmjs.org/@babel%2fparser 107ms (cache hit)
470 silly packumentCache full:https://registry.npmjs.org/@babel%2fparser set size:745724 disposed:false
471 silly fetch manifest @babel/traverse@^7.29.7
472 silly packumentCache full:https://registry.npmjs.org/@babel%2ftraverse cache-miss
473 http fetch GET 200 https://registry.npmjs.org/json5 288ms (cache miss)
474 silly packumentCache full:https://registry.npmjs.org/json5 set size:undefined disposed:false
475 silly fetch manifest @babel/generator@^7.29.7
476 silly packumentCache full:https://registry.npmjs.org/@babel%2fgenerator cache-miss
477 http fetch GET 200 https://registry.npmjs.org/semver 315ms (cache miss)
478 silly packumentCache full:https://registry.npmjs.org/semver set size:undefined disposed:false
479 silly fetch manifest @babel/code-frame@^7.29.7
480 silly packumentCache full:https://registry.npmjs.org/@babel%2fcode-frame cache-miss
481 http fetch GET 200 https://registry.npmjs.org/@babel%2ftemplate 331ms (cache miss)
482 silly packumentCache full:https://registry.npmjs.org/@babel%2ftemplate set size:undefined disposed:false
483 silly fetch manifest convert-source-map@^2.0.0
484 silly packumentCache full:https://registry.npmjs.org/convert-source-map cache-miss
485 http fetch GET 200 https://registry.npmjs.org/gensync 739ms (cache miss)
486 silly packumentCache full:https://registry.npmjs.org/gensync set size:undefined disposed:false
487 silly fetch manifest @jridgewell/remapping@^2.3.5
488 silly packumentCache full:https://registry.npmjs.org/@jridgewell%2fremapping cache-miss
489 http fetch GET 200 https://registry.npmjs.org/convert-source-map 393ms (cache miss)
490 silly packumentCache full:https://registry.npmjs.org/convert-source-map set size:undefined disposed:false
491 silly fetch manifest @babel/helper-module-transforms@^7.29.7
492 silly packumentCache full:https://registry.npmjs.org/@babel%2fhelper-module-transforms cache-miss
493 http fetch GET 200 https://registry.npmjs.org/@babel%2fcode-frame 497ms (cache miss)
494 silly packumentCache full:https://registry.npmjs.org/@babel%2fcode-frame set size:undefined disposed:false
495 silly fetch manifest @babel/helper-compilation-targets@^7.29.7
496 silly packumentCache full:https://registry.npmjs.org/@babel%2fhelper-compilation-targets cache-miss
497 http fetch GET 200 https://registry.npmjs.org/@babel%2fhelpers 1200ms (cache miss)
498 silly packumentCache full:https://registry.npmjs.org/@babel%2fhelpers set size:undefined disposed:false
499 silly fetch manifest @babel/types@^7.29.8
500 silly packumentCache full:https://registry.npmjs.org/@babel%2ftypes cache-miss
501 http fetch GET 200 https://registry.npmjs.org/@jridgewell%2fremapping 532ms (cache miss)
502 silly packumentCache full:https://registry.npmjs.org/@jridgewell%2fremapping set size:undefined disposed:false
503 silly fetch manifest hermes-estree@0.25.1
504 silly packumentCache full:https://registry.npmjs.org/hermes-estree cache-miss
505 http fetch GET 200 https://registry.npmjs.org/@babel%2ftypes 1298ms (cache miss)
506 silly packumentCache full:https://registry.npmjs.org/@babel%2ftypes set size:undefined disposed:false
507 http fetch GET 200 https://registry.npmjs.org/@babel%2ftraverse 1226ms (cache miss)
508 silly packumentCache full:https://registry.npmjs.org/@babel%2ftraverse set size:undefined disposed:false
509 http fetch GET 200 https://registry.npmjs.org/@babel%2fhelper-compilation-targets 962ms (cache miss)
510 silly packumentCache full:https://registry.npmjs.org/@babel%2fhelper-compilation-targets set size:undefined disposed:false
511 http fetch GET 200 https://registry.npmjs.org/@babel%2fhelper-module-transforms 1084ms (cache miss)
512 silly packumentCache full:https://registry.npmjs.org/@babel%2fhelper-module-transforms set size:undefined disposed:false
513 http fetch GET 200 https://registry.npmjs.org/hermes-estree 586ms (cache miss)
514 silly packumentCache full:https://registry.npmjs.org/hermes-estree set size:undefined disposed:false
515 http fetch GET 200 https://registry.npmjs.org/@babel%2fgenerator 1610ms (cache miss)
516 silly packumentCache full:https://registry.npmjs.org/@babel%2fgenerator set size:undefined disposed:false
517 http fetch GET 200 https://registry.npmjs.org/@babel%2ftypes 706ms (cache miss)
518 silly packumentCache full:https://registry.npmjs.org/@babel%2ftypes set size:undefined disposed:false
519 silly fetch manifest @babel/core@^7.0.0
520 silly packumentCache full:https://registry.npmjs.org/@babel%2fcore cache-miss
521 http cache https://registry.npmjs.org/@babel%2fcore 6918ms (cache hit)
522 silly packumentCache full:https://registry.npmjs.org/@babel%2fcore set size:797193 disposed:false
523 silly placeDep ROOT @babel/code-frame@7.29.7 OK for: @babel/core@7.29.7 want: ^7.29.7
524 silly placeDep ROOT @babel/generator@7.29.8 OK for: @babel/core@7.29.7 want: ^7.29.7
525 silly placeDep ROOT @babel/helper-compilation-targets@7.29.7 OK for: @babel/core@7.29.7 want: ^7.29.7
526 silly placeDep ROOT @babel/helper-module-transforms@7.29.7 OK for: @babel/core@7.29.7 want: ^7.29.7
527 silly placeDep ROOT @babel/helpers@7.29.7 OK for: @babel/core@7.29.7 want: ^7.29.7
528 silly placeDep ROOT @babel/template@7.29.7 OK for: @babel/core@7.29.7 want: ^7.29.7
529 silly placeDep ROOT @babel/traverse@7.29.8 OK for: @babel/core@7.29.7 want: ^7.29.7
530 silly placeDep ROOT @babel/types@7.29.8 OK for: @babel/core@7.29.7 want: ^7.29.7
531 silly placeDep ROOT @jridgewell/remapping@2.3.5 OK for: @babel/core@7.29.7 want: ^2.3.5
532 silly placeDep ROOT convert-source-map@2.0.0 OK for: @babel/core@7.29.7 want: ^2.0.0
533 silly placeDep ROOT gensync@1.0.0-beta.2 OK for: @babel/core@7.29.7 want: ^1.0.0-beta.2
534 silly placeDep ROOT json5@2.2.3 OK for: @babel/core@7.29.7 want: ^2.2.3
535 silly placeDep ROOT semver@6.3.1 OK for: @babel/core@7.29.7 want: ^6.3.1
536 silly fetch manifest js-tokens@^4.0.0
537 silly packumentCache full:https://registry.npmjs.org/js-tokens cache-miss
538 silly fetch manifest picocolors@^1.1.1
539 silly packumentCache full:https://registry.npmjs.org/picocolors cache-miss
540 silly fetch manifest @babel/helper-validator-identifier@^7.29.7
541 silly packumentCache full:https://registry.npmjs.org/@babel%2fhelper-validator-identifier cache-miss
542 silly fetch manifest jsesc@^3.0.2
543 silly packumentCache full:https://registry.npmjs.org/jsesc cache-miss
544 silly fetch manifest @jridgewell/gen-mapping@^0.3.12
545 silly packumentCache full:https://registry.npmjs.org/@jridgewell%2fgen-mapping cache-miss
546 silly fetch manifest @jridgewell/trace-mapping@^0.3.28
547 silly packumentCache full:https://registry.npmjs.org/@jridgewell%2ftrace-mapping cache-miss
548 silly fetch manifest lru-cache@^5.1.1
549 silly packumentCache full:https://registry.npmjs.org/lru-cache cache-miss
550 http fetch GET 200 https://registry.npmjs.org/picocolors 127ms (cache miss)
551 silly packumentCache full:https://registry.npmjs.org/picocolors set size:undefined disposed:false
552 silly fetch manifest browserslist@^4.24.0
553 silly packumentCache full:https://registry.npmjs.org/browserslist cache-miss
554 http fetch GET 200 https://registry.npmjs.org/js-tokens 148ms (cache miss)
555 silly packumentCache full:https://registry.npmjs.org/js-tokens set size:undefined disposed:false
556 silly fetch manifest @babel/compat-data@^7.29.7
557 silly packumentCache full:https://registry.npmjs.org/@babel%2fcompat-data cache-miss
558 http fetch GET 200 https://registry.npmjs.org/jsesc 185ms (cache miss)
559 silly packumentCache full:https://registry.npmjs.org/jsesc set size:undefined disposed:false
560 silly fetch manifest @babel/helper-validator-option@^7.29.7
561 silly packumentCache full:https://registry.npmjs.org/@babel%2fhelper-validator-option cache-miss
562 http fetch GET 200 https://registry.npmjs.org/@babel%2fhelper-validator-identifier 259ms (cache miss)
563 silly packumentCache full:https://registry.npmjs.org/@babel%2fhelper-validator-identifier set size:undefined disposed:false
564 silly fetch manifest @babel/helper-module-imports@^7.29.7
565 silly packumentCache full:https://registry.npmjs.org/@babel%2fhelper-module-imports cache-miss
566 http fetch GET 200 https://registry.npmjs.org/@jridgewell%2ftrace-mapping 281ms (cache miss)
567 silly packumentCache full:https://registry.npmjs.org/@jridgewell%2ftrace-mapping set size:undefined disposed:false
568 silly fetch manifest @babel/helper-globals@^7.29.7
569 silly packumentCache full:https://registry.npmjs.org/@babel%2fhelper-globals cache-miss
570 http fetch GET 200 https://registry.npmjs.org/@jridgewell%2fgen-mapping 312ms (cache miss)
571 silly packumentCache full:https://registry.npmjs.org/@jridgewell%2fgen-mapping set size:undefined disposed:false
572 silly fetch manifest @babel/helper-string-parser@^7.29.7
573 silly packumentCache full:https://registry.npmjs.org/@babel%2fhelper-string-parser cache-miss
574 http fetch GET 200 https://registry.npmjs.org/lru-cache 360ms (cache miss)
575 silly packumentCache full:https://registry.npmjs.org/lru-cache set size:undefined disposed:false
576 silly fetch manifest @jridgewell/gen-mapping@^0.3.5
577 silly packumentCache full:https://registry.npmjs.org/@jridgewell%2fgen-mapping cache-miss
578 http fetch GET 200 https://registry.npmjs.org/@babel%2fhelper-validator-option 218ms (cache miss)
579 silly packumentCache full:https://registry.npmjs.org/@babel%2fhelper-validator-option set size:undefined disposed:false
580 silly fetch manifest @jridgewell/trace-mapping@^0.3.24
581 silly packumentCache full:https://registry.npmjs.org/@jridgewell%2ftrace-mapping cache-miss
582 http fetch GET 200 https://registry.npmjs.org/browserslist 351ms (cache miss)
583 silly packumentCache full:https://registry.npmjs.org/browserslist set size:undefined disposed:false
584 http fetch GET 200 https://registry.npmjs.org/@babel%2fcompat-data 414ms (cache miss)
585 silly packumentCache full:https://registry.npmjs.org/@babel%2fcompat-data set size:undefined disposed:false
586 http cache https://registry.npmjs.org/@jridgewell%2fgen-mapping 174ms (cache hit)
587 silly packumentCache full:https://registry.npmjs.org/@jridgewell%2fgen-mapping set size:75941 disposed:false
588 http cache https://registry.npmjs.org/@jridgewell%2ftrace-mapping 168ms (cache hit)
589 silly packumentCache full:https://registry.npmjs.org/@jridgewell%2ftrace-mapping set size:170909 disposed:false
590 http fetch GET 200 https://registry.npmjs.org/@babel%2fhelper-globals 305ms (cache miss)
591 silly packumentCache full:https://registry.npmjs.org/@babel%2fhelper-globals set size:undefined disposed:false
592 http fetch GET 200 https://registry.npmjs.org/@babel%2fhelper-module-imports 347ms (cache miss)
593 silly packumentCache full:https://registry.npmjs.org/@babel%2fhelper-module-imports set size:undefined disposed:false
594 http fetch GET 200 https://registry.npmjs.org/@babel%2fhelper-string-parser 307ms (cache miss)
595 silly packumentCache full:https://registry.npmjs.org/@babel%2fhelper-string-parser set size:undefined disposed:false
596 silly placeDep ROOT @babel/helper-validator-identifier@7.29.7 OK for: @babel/code-frame@7.29.7 want: ^7.29.7
597 silly placeDep ROOT js-tokens@4.0.0 OK for: @babel/code-frame@7.29.7 want: ^4.0.0
598 silly placeDep ROOT picocolors@1.1.1 OK for: @babel/code-frame@7.29.7 want: ^1.1.1
599 silly placeDep ROOT @jridgewell/gen-mapping@0.3.13 OK for: @babel/generator@7.29.8 want: ^0.3.12
600 silly placeDep ROOT @jridgewell/trace-mapping@0.3.31 OK for: @babel/generator@7.29.8 want: ^0.3.28
601 silly placeDep ROOT jsesc@3.1.0 OK for: @babel/generator@7.29.8 want: ^3.0.2
602 silly fetch manifest @jridgewell/sourcemap-codec@^1.5.0
603 silly packumentCache full:https://registry.npmjs.org/@jridgewell%2fsourcemap-codec cache-miss
604 silly fetch manifest @jridgewell/resolve-uri@^3.1.0
605 silly packumentCache full:https://registry.npmjs.org/@jridgewell%2fresolve-uri cache-miss
606 silly fetch manifest @jridgewell/sourcemap-codec@^1.4.14
607 silly packumentCache full:https://registry.npmjs.org/@jridgewell%2fsourcemap-codec cache-miss
608 http fetch GET 200 https://registry.npmjs.org/@jridgewell%2fsourcemap-codec 336ms (cache miss)
609 silly packumentCache full:https://registry.npmjs.org/@jridgewell%2fsourcemap-codec set size:undefined disposed:false
610 http fetch GET 200 https://registry.npmjs.org/@jridgewell%2fsourcemap-codec 354ms (cache miss)
611 silly packumentCache full:https://registry.npmjs.org/@jridgewell%2fsourcemap-codec set size:undefined disposed:false
612 http fetch GET 200 https://registry.npmjs.org/@jridgewell%2fresolve-uri 361ms (cache miss)
613 silly packumentCache full:https://registry.npmjs.org/@jridgewell%2fresolve-uri set size:undefined disposed:false
614 silly placeDep ROOT @babel/compat-data@7.29.7 OK for: @babel/helper-compilation-targets@7.29.7 want: ^7.29.7
615 silly placeDep ROOT @babel/helper-validator-option@7.29.7 OK for: @babel/helper-compilation-targets@7.29.7 want: ^7.29.7
616 silly placeDep ROOT browserslist@4.29.3 OK for: @babel/helper-compilation-targets@7.29.7 want: ^4.24.0
617 silly placeDep ROOT lru-cache@5.1.1 OK for: @babel/helper-compilation-targets@7.29.7 want: ^5.1.1
618 silly fetch manifest caniuse-lite@^1.0.30001813
619 silly packumentCache full:https://registry.npmjs.org/caniuse-lite cache-miss
620 silly fetch manifest node-releases@^2.0.57
621 silly packumentCache full:https://registry.npmjs.org/node-releases cache-miss
622 silly fetch manifest electron-to-chromium@^1.5.439
623 silly packumentCache full:https://registry.npmjs.org/electron-to-chromium cache-miss
624 silly fetch manifest update-browserslist-db@^1.3.3
625 silly packumentCache full:https://registry.npmjs.org/update-browserslist-db cache-miss
626 silly fetch manifest baseline-browser-mapping@^2.11.26
627 silly packumentCache full:https://registry.npmjs.org/baseline-browser-mapping cache-miss
628 silly fetch manifest yallist@^3.0.2
629 silly packumentCache full:https://registry.npmjs.org/yallist cache-miss
630 http fetch GET 200 https://registry.npmjs.org/yallist 484ms (cache miss)
631 silly packumentCache full:https://registry.npmjs.org/yallist set size:undefined disposed:false
632 http fetch GET 200 https://registry.npmjs.org/update-browserslist-db 500ms (cache miss)
633 silly packumentCache full:https://registry.npmjs.org/update-browserslist-db set size:undefined disposed:false
634 http fetch GET 200 https://registry.npmjs.org/node-releases 597ms (cache miss)
635 silly packumentCache full:https://registry.npmjs.org/node-releases set size:undefined disposed:false
636 http fetch GET 200 https://registry.npmjs.org/baseline-browser-mapping 965ms (cache miss)
637 silly packumentCache full:https://registry.npmjs.org/baseline-browser-mapping set size:undefined disposed:false
638 http fetch GET 200 https://registry.npmjs.org/caniuse-lite 1174ms (cache miss)
639 silly packumentCache full:https://registry.npmjs.org/caniuse-lite set size:undefined disposed:false
640 http fetch GET 200 https://registry.npmjs.org/electron-to-chromium 2282ms (cache miss)
641 silly packumentCache full:https://registry.npmjs.org/electron-to-chromium set size:undefined disposed:false
642 silly placeDep ROOT @babel/helper-module-imports@7.29.7 OK for: @babel/helper-module-transforms@7.29.7 want: ^7.29.7
643 silly placeDep ROOT @babel/helper-globals@7.29.7 OK for: @babel/traverse@7.29.8 want: ^7.29.7
644 silly placeDep ROOT @babel/helper-string-parser@7.29.7 OK for: @babel/types@7.29.8 want: ^7.29.7
645 silly placeDep ROOT @jridgewell/sourcemap-codec@1.6.0 OK for: @jridgewell/gen-mapping@0.3.13 want: ^1.5.0
646 silly placeDep ROOT @jridgewell/resolve-uri@3.1.2 OK for: @jridgewell/trace-mapping@0.3.31 want: ^3.1.0
647 silly fetch manifest browserslist@>= 4.21.0
648 silly packumentCache full:https://registry.npmjs.org/browserslist cache-miss
649 http cache https://registry.npmjs.org/browserslist 27ms (cache hit)
650 silly packumentCache full:https://registry.npmjs.org/browserslist set size:530436 disposed:false
651 silly placeDep ROOT baseline-browser-mapping@2.11.27 OK for: browserslist@4.29.3 want: ^2.11.26
652 silly placeDep ROOT caniuse-lite@1.0.30001814 OK for: browserslist@4.29.3 want: ^1.0.30001813
653 silly placeDep ROOT electron-to-chromium@1.5.444 OK for: browserslist@4.29.3 want: ^1.5.439
654 silly placeDep ROOT node-releases@2.0.57 OK for: browserslist@4.29.3 want: ^2.0.57
655 silly placeDep ROOT update-browserslist-db@1.3.3 OK for: browserslist@4.29.3 want: ^1.3.3
656 silly fetch manifest escalade@^3.2.0
657 silly packumentCache full:https://registry.npmjs.org/escalade cache-miss
658 http fetch GET 200 https://registry.npmjs.org/escalade 187ms (cache miss)
659 silly packumentCache full:https://registry.npmjs.org/escalade set size:undefined disposed:false
660 silly placeDep ROOT @types/esrecurse@4.3.1 OK for: eslint-scope@9.1.2 want: ^4.3.1
661 silly placeDep ROOT esrecurse@4.3.0 OK for: eslint-scope@9.1.2 want: ^4.3.0
662 silly placeDep ROOT estraverse@5.3.0 OK for: eslint-scope@9.1.2 want: ^5.2.0
663 silly placeDep ROOT acorn@8.18.0 OK for: espree@11.2.0 want: ^8.16.0
664 silly placeDep ROOT acorn-jsx@5.3.2 OK for: espree@11.2.0 want: ^5.3.2
665 silly placeDep ROOT flat-cache@6.1.23 OK for: file-entry-cache@11.1.5 want: ^6.1.23
666 silly fetch manifest flatted@^3.4.2
667 silly packumentCache full:https://registry.npmjs.org/flatted cache-miss
668 silly fetch manifest cacheable@^2.5.0
669 silly packumentCache full:https://registry.npmjs.org/cacheable cache-miss
670 silly fetch manifest hookified@^1.15.0
671 silly packumentCache full:https://registry.npmjs.org/hookified cache-miss
672 http fetch GET 200 https://registry.npmjs.org/flatted 166ms (cache miss)
673 silly packumentCache full:https://registry.npmjs.org/flatted set size:undefined disposed:false
674 http fetch GET 200 https://registry.npmjs.org/hookified 414ms (cache miss)
675 silly packumentCache full:https://registry.npmjs.org/hookified set size:undefined disposed:false
676 http fetch GET 200 https://registry.npmjs.org/cacheable 433ms (cache miss)
677 silly packumentCache full:https://registry.npmjs.org/cacheable set size:undefined disposed:false
678 silly placeDep ROOT locate-path@6.0.0 OK for: find-up@5.0.0 want: ^6.0.0
679 silly placeDep ROOT path-exists@4.0.0 OK for: find-up@5.0.0 want: ^4.0.0
680 silly fetch manifest p-locate@^5.0.0
681 silly packumentCache full:https://registry.npmjs.org/p-locate cache-miss
682 http fetch GET 200 https://registry.npmjs.org/p-locate 99ms (cache miss)
683 silly packumentCache full:https://registry.npmjs.org/p-locate set size:undefined disposed:false
684 silly placeDep ROOT cacheable@2.5.0 OK for: flat-cache@6.1.23 want: ^2.5.0
685 silly placeDep ROOT flatted@3.4.4 OK for: flat-cache@6.1.23 want: ^3.4.2
686 silly placeDep ROOT hookified@1.15.1 OK for: flat-cache@6.1.23 want: ^1.15.0
687 silly fetch manifest keyv@^5.6.0
688 silly packumentCache full:https://registry.npmjs.org/keyv cache-miss
689 silly fetch manifest qified@^0.10.1
690 silly packumentCache full:https://registry.npmjs.org/qified cache-miss
691 silly fetch manifest @cacheable/utils@^2.5.0
692 silly packumentCache full:https://registry.npmjs.org/@cacheable%2futils cache-miss
693 silly fetch manifest @cacheable/memory@^2.2.0
694 silly packumentCache full:https://registry.npmjs.org/@cacheable%2fmemory cache-miss
695 http fetch GET 200 https://registry.npmjs.org/keyv 192ms (cache miss)
696 silly packumentCache full:https://registry.npmjs.org/keyv set size:undefined disposed:false
697 http fetch GET 200 https://registry.npmjs.org/qified 33433ms (cache miss)
698 silly packumentCache full:https://registry.npmjs.org/qified set size:undefined disposed:false
699 http fetch GET 200 https://registry.npmjs.org/@cacheable%2fmemory 33442ms (cache miss)
700 silly packumentCache full:https://registry.npmjs.org/@cacheable%2fmemory set size:undefined disposed:false
701 http fetch GET 200 https://registry.npmjs.org/@cacheable%2futils 33452ms (cache miss)
702 silly packumentCache full:https://registry.npmjs.org/@cacheable%2futils set size:undefined disposed:false
703 silly placeDep ROOT @cacheable/memory@2.2.0 OK for: cacheable@2.5.0 want: ^2.2.0
704 silly placeDep ROOT @cacheable/utils@2.5.0 OK for: cacheable@2.5.0 want: ^2.5.0
705 silly placeDep ROOT keyv@5.6.0 OK for: cacheable@2.5.0 want: ^5.6.0
706 silly placeDep ROOT qified@0.10.1 OK for: cacheable@2.5.0 want: ^0.10.1
707 silly fetch manifest @keyv/bigmap@^1.3.1
708 silly packumentCache full:https://registry.npmjs.org/@keyv%2fbigmap cache-miss
709 silly fetch manifest hashery@^1.5.1
710 silly packumentCache full:https://registry.npmjs.org/hashery cache-miss
711 silly fetch manifest @keyv/serialize@^1.1.1
712 silly packumentCache full:https://registry.npmjs.org/@keyv%2fserialize cache-miss
713 silly fetch manifest hookified@^2.1.1
714 silly packumentCache full:https://registry.npmjs.org/hookified cache-miss
715 http cache https://registry.npmjs.org/hookified 86ms (cache hit)
716 silly packumentCache full:https://registry.npmjs.org/hookified set size:167463 disposed:false
717 http fetch GET 200 https://registry.npmjs.org/hashery 105ms (cache miss)
718 silly packumentCache full:https://registry.npmjs.org/hashery set size:undefined disposed:false
719 http fetch GET 200 https://registry.npmjs.org/@keyv%2fbigmap 604ms (cache miss)
720 silly packumentCache full:https://registry.npmjs.org/@keyv%2fbigmap set size:undefined disposed:false
721 http fetch GET 200 https://registry.npmjs.org/@keyv%2fserialize 1239ms (cache miss)
722 silly packumentCache full:https://registry.npmjs.org/@keyv%2fserialize set size:undefined disposed:false
723 silly placeDep ROOT @keyv/bigmap@1.3.1 OK for: @cacheable/memory@2.2.0 want: ^1.3.1
724 silly fetch manifest hashery@^1.4.0
725 silly packumentCache full:https://registry.npmjs.org/hashery cache-miss
726 http cache https://registry.npmjs.org/hashery 17ms (cache hit)
727 silly packumentCache full:https://registry.npmjs.org/hashery set size:32683 disposed:false
728 silly placeDep ROOT hashery@1.5.1 OK for: @cacheable/utils@2.5.0 want: ^1.5.1
729 silly placeDep ROOT hermes-estree@0.25.1 OK for: hermes-parser@0.25.1 want: 0.25.1
730 silly placeDep ROOT is-extglob@2.1.1 OK for: is-glob@4.0.3 want: ^2.1.1
731 silly placeDep ROOT @keyv/serialize@1.1.1 OK for: keyv@5.6.0 want: ^1.1.1
732 silly placeDep ROOT prelude-ls@1.2.1 OK for: levn@0.4.1 want: ^1.2.1
733 silly placeDep ROOT type-check@0.4.0 OK for: levn@0.4.1 want: ~0.4.0
734 silly placeDep ROOT p-locate@5.0.0 OK for: locate-path@6.0.0 want: ^5.0.0
735 silly fetch manifest p-limit@^3.0.2
736 silly packumentCache full:https://registry.npmjs.org/p-limit cache-miss
737 http fetch GET 200 https://registry.npmjs.org/p-limit 115ms (cache miss)
738 silly packumentCache full:https://registry.npmjs.org/p-limit set size:undefined disposed:false
739 silly placeDep ROOT yallist@3.1.1 OK for: lru-cache@5.1.1 want: ^3.0.2
740 silly placeDep ROOT brace-expansion@5.0.12 OK for: minimatch@10.2.6 want: ^5.0.8
741 silly fetch manifest balanced-match@^4.0.2
742 silly packumentCache full:https://registry.npmjs.org/balanced-match cache-miss
743 http fetch GET 200 https://registry.npmjs.org/balanced-match 97ms (cache miss)
744 silly packumentCache full:https://registry.npmjs.org/balanced-match set size:undefined disposed:false
745 silly placeDep ROOT balanced-match@4.0.4 OK for: brace-expansion@5.0.12 want: ^4.0.2
746 silly placeDep ROOT deep-is@0.1.4 OK for: optionator@0.9.4 want: ^0.1.3
747 silly placeDep ROOT fast-levenshtein@2.0.6 OK for: optionator@0.9.4 want: ^2.0.6
748 silly placeDep ROOT word-wrap@1.2.5 OK for: optionator@0.9.4 want: ^1.2.5
749 silly placeDep ROOT p-limit@3.1.0 OK for: p-locate@5.0.0 want: ^3.0.2
750 silly fetch manifest yocto-queue@^0.1.0
751 silly packumentCache full:https://registry.npmjs.org/yocto-queue cache-miss
752 http fetch GET 200 https://registry.npmjs.org/yocto-queue 173ms (cache miss)
753 silly packumentCache full:https://registry.npmjs.org/yocto-queue set size:undefined disposed:false
754 silly placeDep ROOT yocto-queue@0.1.0 OK for: p-limit@3.1.0 want: ^0.1.0
755 silly placeDep node_modules/qified hookified@2.2.0 OK for: qified@0.10.1 want: ^2.1.1
756 silly placeDep ROOT scheduler@0.28.0 OK for: react-dom@19.3.0 want: ^0.28.0
757 silly placeDep ROOT shebang-regex@3.0.0 OK for: shebang-command@2.0.0 want: ^3.0.0
758 silly placeDep ROOT escalade@3.2.0 OK for: update-browserslist-db@1.3.3 want: ^3.2.0
759 silly placeDep ROOT punycode@2.3.1 OK for: uri-js@4.4.1 want: ^2.1.0
760 silly placeDep ROOT fsevents@2.3.3 OK for: vite@8.3.2 want: ~2.3.3
761 silly placeDep ROOT lightningcss@1.33.0 OK for: vite@8.3.2 want: ^1.33.0
762 silly placeDep ROOT picomatch@4.0.7 OK for: vite@8.3.2 want: ^4.0.7
763 silly placeDep ROOT postcss@8.5.28 OK for: vite@8.3.2 want: ^8.5.28
764 silly placeDep ROOT rolldown@1.2.12 OK for: vite@8.3.2 want: ~1.2.11
765 silly placeDep ROOT tinyglobby@0.2.17 OK for: vite@8.3.2 want: ^0.2.17
766 silly fetch manifest detect-libc@^2.0.3
767 silly packumentCache full:https://registry.npmjs.org/detect-libc cache-miss
768 silly fetch manifest lightningcss-darwin-x64@1.33.0
769 silly packumentCache full:https://registry.npmjs.org/lightningcss-darwin-x64 cache-miss
770 silly fetch manifest lightningcss-linux-x64-gnu@1.33.0
771 silly packumentCache full:https://registry.npmjs.org/lightningcss-linux-x64-gnu cache-miss
772 silly fetch manifest lightningcss-win32-x64-msvc@1.33.0
773 silly packumentCache full:https://registry.npmjs.org/lightningcss-win32-x64-msvc cache-miss
774 silly fetch manifest lightningcss-win32-arm64-msvc@1.33.0
775 silly packumentCache full:https://registry.npmjs.org/lightningcss-win32-arm64-msvc cache-miss
776 silly fetch manifest lightningcss-darwin-arm64@1.33.0
777 silly packumentCache full:https://registry.npmjs.org/lightningcss-darwin-arm64 cache-miss
778 silly fetch manifest lightningcss-linux-arm64-gnu@1.33.0
779 silly packumentCache full:https://registry.npmjs.org/lightningcss-linux-arm64-gnu cache-miss
780 http fetch GET 200 https://registry.npmjs.org/detect-libc 125ms (cache miss)
781 silly packumentCache full:https://registry.npmjs.org/detect-libc set size:undefined disposed:false
782 silly fetch manifest lightningcss-linux-arm-gnueabihf@1.33.0
783 silly packumentCache full:https://registry.npmjs.org/lightningcss-linux-arm-gnueabihf cache-miss
784 http fetch GET 200 https://registry.npmjs.org/lightningcss-win32-arm64-msvc 197ms (cache miss)
785 silly packumentCache full:https://registry.npmjs.org/lightningcss-win32-arm64-msvc set size:undefined disposed:false
786 silly fetch manifest lightningcss-linux-arm64-musl@1.33.0
787 silly packumentCache full:https://registry.npmjs.org/lightningcss-linux-arm64-musl cache-miss
788 http fetch GET 200 https://registry.npmjs.org/lightningcss-linux-x64-gnu 209ms (cache miss)
789 silly packumentCache full:https://registry.npmjs.org/lightningcss-linux-x64-gnu set size:undefined disposed:false
790 silly fetch manifest lightningcss-linux-x64-musl@1.33.0
791 silly packumentCache full:https://registry.npmjs.org/lightningcss-linux-x64-musl cache-miss
792 http fetch GET 200 https://registry.npmjs.org/lightningcss-win32-x64-msvc 228ms (cache miss)
793 silly packumentCache full:https://registry.npmjs.org/lightningcss-win32-x64-msvc set size:undefined disposed:false
794 silly fetch manifest lightningcss-freebsd-x64@1.33.0
795 silly packumentCache full:https://registry.npmjs.org/lightningcss-freebsd-x64 cache-miss
796 http fetch GET 200 https://registry.npmjs.org/lightningcss-darwin-x64 252ms (cache miss)
797 silly packumentCache full:https://registry.npmjs.org/lightningcss-darwin-x64 set size:undefined disposed:false
798 silly fetch manifest lightningcss-android-arm64@1.33.0
799 silly packumentCache full:https://registry.npmjs.org/lightningcss-android-arm64 cache-miss
800 http fetch GET 200 https://registry.npmjs.org/lightningcss-darwin-arm64 270ms (cache miss)
801 silly packumentCache full:https://registry.npmjs.org/lightningcss-darwin-arm64 set size:undefined disposed:false
802 silly fetch manifest nanoid@^3.3.18
803 silly packumentCache full:https://registry.npmjs.org/nanoid cache-miss
804 http fetch GET 200 https://registry.npmjs.org/lightningcss-linux-arm64-gnu 282ms (cache miss)
805 silly packumentCache full:https://registry.npmjs.org/lightningcss-linux-arm64-gnu set size:undefined disposed:false
806 silly fetch manifest source-map-js@^1.2.1
807 silly packumentCache full:https://registry.npmjs.org/source-map-js cache-miss
808 http fetch GET 200 https://registry.npmjs.org/lightningcss-linux-arm-gnueabihf 176ms (cache miss)
809 silly packumentCache full:https://registry.npmjs.org/lightningcss-linux-arm-gnueabihf set size:undefined disposed:false
810 silly fetch manifest @oxc-project/types@=0.152.0
811 silly packumentCache full:https://registry.npmjs.org/@oxc-project%2ftypes cache-miss
812 http fetch GET 200 https://registry.npmjs.org/lightningcss-freebsd-x64 128ms (cache miss)
813 silly packumentCache full:https://registry.npmjs.org/lightningcss-freebsd-x64 set size:undefined disposed:false
814 silly fetch manifest @rolldown/binding-darwin-x64@1.2.12
815 silly packumentCache full:https://registry.npmjs.org/@rolldown%2fbinding-darwin-x64 cache-miss
816 http fetch GET 200 https://registry.npmjs.org/lightningcss-android-arm64 116ms (cache miss)
817 silly packumentCache full:https://registry.npmjs.org/lightningcss-android-arm64 set size:undefined disposed:false
818 silly fetch manifest @rolldown/binding-freebsd-x64@1.2.12
819 silly packumentCache full:https://registry.npmjs.org/@rolldown%2fbinding-freebsd-x64 cache-miss
820 http fetch GET 200 https://registry.npmjs.org/lightningcss-linux-x64-musl 179ms (cache miss)
821 silly packumentCache full:https://registry.npmjs.org/lightningcss-linux-x64-musl set size:undefined disposed:false
822 silly fetch manifest @rolldown/binding-darwin-arm64@1.2.12
823 silly packumentCache full:https://registry.npmjs.org/@rolldown%2fbinding-darwin-arm64 cache-miss
824 http fetch GET 200 https://registry.npmjs.org/lightningcss-linux-arm64-musl 505ms (cache miss)
825 silly packumentCache full:https://registry.npmjs.org/lightningcss-linux-arm64-musl set size:undefined disposed:false
826 silly fetch manifest @rolldown/binding-android-arm64@1.2.12
827 silly packumentCache full:https://registry.npmjs.org/@rolldown%2fbinding-android-arm64 cache-miss
828 http fetch GET 200 https://registry.npmjs.org/source-map-js 516ms (cache miss)
829 silly packumentCache full:https://registry.npmjs.org/source-map-js set size:undefined disposed:false
830 silly fetch manifest @rolldown/binding-linux-x64-gnu@1.2.12
831 silly packumentCache full:https://registry.npmjs.org/@rolldown%2fbinding-linux-x64-gnu cache-miss
832 http fetch GET 200 https://registry.npmjs.org/nanoid 647ms (cache miss)
833 silly packumentCache full:https://registry.npmjs.org/nanoid set size:undefined disposed:false
834 silly fetch manifest @rolldown/binding-linux-x64-musl@1.2.12
835 silly packumentCache full:https://registry.npmjs.org/@rolldown%2fbinding-linux-x64-musl cache-miss
836 http fetch GET 200 https://registry.npmjs.org/@oxc-project%2ftypes 636ms (cache miss)
837 silly packumentCache full:https://registry.npmjs.org/@oxc-project%2ftypes set size:undefined disposed:false
838 silly fetch manifest @rolldown/binding-win32-x64-msvc@1.2.12
839 silly packumentCache full:https://registry.npmjs.org/@rolldown%2fbinding-win32-x64-msvc cache-miss
840 http fetch GET 200 https://registry.npmjs.org/@rolldown%2fbinding-android-arm64 627ms (cache miss)
841 silly packumentCache full:https://registry.npmjs.org/@rolldown%2fbinding-android-arm64 set size:undefined disposed:false
842 silly fetch manifest @rolldown/binding-linux-arm64-gnu@1.2.12
843 silly packumentCache full:https://registry.npmjs.org/@rolldown%2fbinding-linux-arm64-gnu cache-miss
844 http fetch GET 200 https://registry.npmjs.org/@rolldown%2fbinding-freebsd-x64 1062ms (cache miss)
845 silly packumentCache full:https://registry.npmjs.org/@rolldown%2fbinding-freebsd-x64 set size:undefined disposed:false
846 silly fetch manifest @rolldown/binding-linux-ppc64-gnu@1.2.12
847 silly packumentCache full:https://registry.npmjs.org/@rolldown%2fbinding-linux-ppc64-gnu cache-miss
848 http fetch GET 200 https://registry.npmjs.org/@rolldown%2fbinding-darwin-x64 1189ms (cache miss)
849 silly packumentCache full:https://registry.npmjs.org/@rolldown%2fbinding-darwin-x64 set size:undefined disposed:false
850 silly fetch manifest @rolldown/binding-linux-s390x-gnu@1.2.12
851 silly packumentCache full:https://registry.npmjs.org/@rolldown%2fbinding-linux-s390x-gnu cache-miss
852 http fetch GET 200 https://registry.npmjs.org/@rolldown%2fbinding-darwin-arm64 1505ms (cache miss)
853 silly packumentCache full:https://registry.npmjs.org/@rolldown%2fbinding-darwin-arm64 set size:undefined disposed:false
854 silly fetch manifest @rolldown/binding-android-arm-eabi@1.2.12
855 silly packumentCache full:https://registry.npmjs.org/@rolldown%2fbinding-android-arm-eabi cache-miss
856 http fetch GET 200 https://registry.npmjs.org/@rolldown%2fbinding-linux-ppc64-gnu 509ms (cache miss)
857 silly packumentCache full:https://registry.npmjs.org/@rolldown%2fbinding-linux-ppc64-gnu set size:undefined disposed:false
858 silly fetch manifest @rolldown/binding-linux-arm64-musl@1.2.12
859 silly packumentCache full:https://registry.npmjs.org/@rolldown%2fbinding-linux-arm64-musl cache-miss
860 http fetch GET 200 https://registry.npmjs.org/@rolldown%2fbinding-linux-x64-gnu 1204ms (cache miss)
861 silly packumentCache full:https://registry.npmjs.org/@rolldown%2fbinding-linux-x64-gnu set size:undefined disposed:false
862 silly fetch manifest @rolldown/binding-win32-arm64-msvc@1.2.12
863 silly packumentCache full:https://registry.npmjs.org/@rolldown%2fbinding-win32-arm64-msvc cache-miss
864 http fetch GET 200 https://registry.npmjs.org/@rolldown%2fbinding-linux-x64-musl 1492ms (cache miss)
865 silly packumentCache full:https://registry.npmjs.org/@rolldown%2fbinding-linux-x64-musl set size:undefined disposed:false
866 silly fetch manifest @rolldown/binding-openharmony-arm64@1.2.12
867 silly packumentCache full:https://registry.npmjs.org/@rolldown%2fbinding-openharmony-arm64 cache-miss
868 http fetch GET 200 https://registry.npmjs.org/@rolldown%2fbinding-android-arm-eabi 843ms (cache miss)
869 silly packumentCache full:https://registry.npmjs.org/@rolldown%2fbinding-android-arm-eabi set size:undefined disposed:false
870 silly fetch manifest @rolldown/binding-linux-arm-gnueabihf@1.2.12
871 silly packumentCache full:https://registry.npmjs.org/@rolldown%2fbinding-linux-arm-gnueabihf cache-miss
872 http fetch GET 200 https://registry.npmjs.org/@rolldown%2fbinding-linux-s390x-gnu 932ms (cache miss)
873 silly packumentCache full:https://registry.npmjs.org/@rolldown%2fbinding-linux-s390x-gnu set size:undefined disposed:false
874 silly fetch manifest fdir@^6.5.0
875 silly packumentCache full:https://registry.npmjs.org/fdir cache-miss
876 http fetch GET 200 https://registry.npmjs.org/@rolldown%2fbinding-win32-x64-msvc 1860ms (cache miss)
877 silly packumentCache full:https://registry.npmjs.org/@rolldown%2fbinding-win32-x64-msvc set size:undefined disposed:false
878 http fetch GET 200 https://registry.npmjs.org/@rolldown%2fbinding-openharmony-arm64 417ms (cache miss)
879 silly packumentCache full:https://registry.npmjs.org/@rolldown%2fbinding-openharmony-arm64 set size:undefined disposed:false
880 http fetch GET 200 https://registry.npmjs.org/@rolldown%2fbinding-linux-arm64-gnu 1854ms (cache miss)
881 silly packumentCache full:https://registry.npmjs.org/@rolldown%2fbinding-linux-arm64-gnu set size:undefined disposed:false
882 http fetch GET 200 https://registry.npmjs.org/fdir 446ms (cache miss)
883 silly packumentCache full:https://registry.npmjs.org/fdir set size:undefined disposed:false
884 http fetch GET 200 https://registry.npmjs.org/@rolldown%2fbinding-linux-arm64-musl 1385ms (cache miss)
885 silly packumentCache full:https://registry.npmjs.org/@rolldown%2fbinding-linux-arm64-musl set size:undefined disposed:false
886 http fetch GET 200 https://registry.npmjs.org/@rolldown%2fbinding-win32-arm64-msvc 3558ms (cache miss)
887 silly packumentCache full:https://registry.npmjs.org/@rolldown%2fbinding-win32-arm64-msvc set size:undefined disposed:false
888 http fetch GET 200 https://registry.npmjs.org/@rolldown%2fbinding-linux-arm-gnueabihf 3200ms (cache miss)
889 silly packumentCache full:https://registry.npmjs.org/@rolldown%2fbinding-linux-arm-gnueabihf set size:undefined disposed:false
890 silly placeDep ROOT detect-libc@2.1.2 OK for: lightningcss@1.33.0 want: ^2.0.3
891 silly placeDep ROOT lightningcss-android-arm64@1.33.0 OK for: lightningcss@1.33.0 want: 1.33.0
892 silly placeDep ROOT lightningcss-darwin-arm64@1.33.0 OK for: lightningcss@1.33.0 want: 1.33.0
893 silly placeDep ROOT lightningcss-darwin-x64@1.33.0 OK for: lightningcss@1.33.0 want: 1.33.0
894 silly placeDep ROOT lightningcss-freebsd-x64@1.33.0 OK for: lightningcss@1.33.0 want: 1.33.0
895 silly placeDep ROOT lightningcss-linux-arm-gnueabihf@1.33.0 OK for: lightningcss@1.33.0 want: 1.33.0
896 silly placeDep ROOT lightningcss-linux-arm64-gnu@1.33.0 OK for: lightningcss@1.33.0 want: 1.33.0
897 silly placeDep ROOT lightningcss-linux-arm64-musl@1.33.0 OK for: lightningcss@1.33.0 want: 1.33.0
898 silly placeDep ROOT lightningcss-linux-x64-gnu@1.33.0 OK for: lightningcss@1.33.0 want: 1.33.0
899 silly placeDep ROOT lightningcss-linux-x64-musl@1.33.0 OK for: lightningcss@1.33.0 want: 1.33.0
900 silly placeDep ROOT lightningcss-win32-arm64-msvc@1.33.0 OK for: lightningcss@1.33.0 want: 1.33.0
901 silly placeDep ROOT lightningcss-win32-x64-msvc@1.33.0 OK for: lightningcss@1.33.0 want: 1.33.0
902 silly placeDep ROOT nanoid@3.3.19 OK for: postcss@8.5.28 want: ^3.3.18
903 silly placeDep ROOT source-map-js@1.2.2 OK for: postcss@8.5.28 want: ^1.2.1
904 silly placeDep ROOT @oxc-project/types@0.152.0 OK for: rolldown@1.2.12 want: =0.152.0
905 silly placeDep ROOT @rolldown/binding-android-arm-eabi@1.2.12 OK for: rolldown@1.2.12 want: 1.2.12
906 silly placeDep ROOT @rolldown/binding-android-arm64@1.2.12 OK for: rolldown@1.2.12 want: 1.2.12
907 silly placeDep ROOT @rolldown/binding-darwin-arm64@1.2.12 OK for: rolldown@1.2.12 want: 1.2.12
908 silly placeDep ROOT @rolldown/binding-darwin-x64@1.2.12 OK for: rolldown@1.2.12 want: 1.2.12
909 silly placeDep ROOT @rolldown/binding-freebsd-x64@1.2.12 OK for: rolldown@1.2.12 want: 1.2.12
910 silly placeDep ROOT @rolldown/binding-linux-arm-gnueabihf@1.2.12 OK for: rolldown@1.2.12 want: 1.2.12
911 silly placeDep ROOT @rolldown/binding-linux-arm64-gnu@1.2.12 OK for: rolldown@1.2.12 want: 1.2.12
912 silly placeDep ROOT @rolldown/binding-linux-arm64-musl@1.2.12 OK for: rolldown@1.2.12 want: 1.2.12
913 silly placeDep ROOT @rolldown/binding-linux-ppc64-gnu@1.2.12 OK for: rolldown@1.2.12 want: 1.2.12
914 silly placeDep ROOT @rolldown/binding-linux-s390x-gnu@1.2.12 OK for: rolldown@1.2.12 want: 1.2.12
915 silly placeDep ROOT @rolldown/binding-linux-x64-gnu@1.2.12 OK for: rolldown@1.2.12 want: 1.2.12
916 silly placeDep ROOT @rolldown/binding-linux-x64-musl@1.2.12 OK for: rolldown@1.2.12 want: 1.2.12
917 silly placeDep ROOT @rolldown/binding-openharmony-arm64@1.2.12 OK for: rolldown@1.2.12 want: 1.2.12
918 silly placeDep ROOT @rolldown/binding-win32-arm64-msvc@1.2.12 OK for: rolldown@1.2.12 want: 1.2.12
919 silly placeDep ROOT @rolldown/binding-win32-x64-msvc@1.2.12 OK for: rolldown@1.2.12 want: 1.2.12
920 silly fetch manifest picomatch@^4.0.4
921 silly packumentCache full:https://registry.npmjs.org/picomatch cache-miss
922 http cache https://registry.npmjs.org/picomatch 16ms (cache hit)
923 silly packumentCache full:https://registry.npmjs.org/picomatch set size:134451 disposed:false
924 silly placeDep ROOT fdir@6.5.0 OK for: tinyglobby@0.2.17 want: ^6.5.0
925 silly placeDep ROOT isexe@2.0.0 OK for: which@2.0.2 want: ^2.0.0
926 silly reify moves {}
927 silly audit bulk request {
927 silly audit   '@eslint/js': [ '10.0.1' ],
927 silly audit   '@types/react': [ '19.3.0' ],
927 silly audit   '@types/react-dom': [ '19.3.0' ],
927 silly audit   '@vitejs/plugin-react': [ '6.1.1' ],
927 silly audit   vite: [ '8.3.2' ],
927 silly audit   eslint: [ '10.11.0' ],
927 silly audit   'eslint-plugin-react-hooks': [ '7.1.1' ],
927 silly audit   'eslint-plugin-react-refresh': [ '0.5.7' ],
927 silly audit   globals: [ '17.13.0' ],
927 silly audit   react: [ '19.3.0' ],
927 silly audit   'react-dom': [ '19.3.0' ],
927 silly audit   csstype: [ '3.2.3' ],
927 silly audit   '@rolldown/pluginutils': [ '1.0.1' ],
927 silly audit   '@eslint-community/eslint-utils': [ '4.10.1' ],
927 silly audit   '@eslint-community/regexpp': [ '4.12.2' ],
927 silly audit   '@eslint/config-array': [ '0.23.5' ],
927 silly audit   '@eslint/config-helpers': [ '0.7.0' ],
927 silly audit   '@eslint/core': [ '1.2.1' ],
927 silly audit   '@eslint/plugin-kit': [ '0.7.3' ],
927 silly audit   '@humanfs/node': [ '0.16.8' ],
927 silly audit   '@humanwhocodes/module-importer': [ '1.0.1' ],
927 silly audit   '@humanwhocodes/retry': [ '0.4.3' ],
927 silly audit   '@types/estree': [ '1.0.9' ],
927 silly audit   ajv: [ '6.15.0' ],
927 silly audit   'cross-spawn': [ '7.0.6' ],
927 silly audit   debug: [ '4.4.3' ],
927 silly audit   'escape-string-regexp': [ '4.0.0' ],
927 silly audit   'eslint-scope': [ '9.1.2' ],
927 silly audit   'eslint-visitor-keys': [ '5.0.1', '3.4.3' ],
927 silly audit   espree: [ '11.2.0' ],
927 silly audit   esquery: [ '1.7.0' ],
927 silly audit   esutils: [ '2.0.3' ],
927 silly audit   'fast-deep-equal': [ '3.1.3' ],
927 silly audit   'file-entry-cache': [ '11.1.5' ],
927 silly audit   'find-up': [ '5.0.0' ],
927 silly audit   'glob-parent': [ '6.0.2' ],
927 silly audit   ignore: [ '5.3.2' ],
927 silly audit   imurmurhash: [ '0.1.4' ],
927 silly audit   'is-glob': [ '4.0.3' ],
927 silly audit   'json-stable-stringify-without-jsonify': [ '1.0.1' ],
927 silly audit   minimatch: [ '10.2.6' ],
927 silly audit   'natural-compare': [ '1.4.0' ],
927 silly audit   optionator: [ '0.9.4' ],
927 silly audit   '@eslint/object-schema': [ '3.0.5' ],
927 silly audit   '@types/json-schema': [ '7.0.15' ],
927 silly audit   levn: [ '0.4.1' ],
927 silly audit   '@humanfs/core': [ '0.19.2' ],
927 silly audit   '@humanfs/types': [ '0.15.0' ],
927 silly audit   'fast-json-stable-stringify': [ '2.1.0' ],
927 silly audit   'json-schema-traverse': [ '0.4.1' ],
927 silly audit   'uri-js': [ '4.4.1' ],
927 silly audit   'path-key': [ '3.1.1' ],
927 silly audit   'shebang-command': [ '2.0.0' ],
927 silly audit   which: [ '2.0.2' ],
927 silly audit   ms: [ '2.1.3' ],
927 silly audit   '@babel/core': [ '7.29.7' ],
927 silly audit   '@babel/parser': [ '7.29.9' ],
927 silly audit   'hermes-parser': [ '0.25.1' ],
927 silly audit   zod: [ '4.6.5' ],
927 silly audit   'zod-validation-error': [ '4.0.2' ],
927 silly audit   '@babel/code-frame': [ '7.29.7' ],
927 silly audit   '@babel/generator': [ '7.29.8' ],
927 silly audit   '@babel/helper-compilation-targets': [ '7.29.7' ],
927 silly audit   '@babel/helper-module-transforms': [ '7.29.7' ],
927 silly audit   '@babel/helpers': [ '7.29.7' ],
927 silly audit   '@babel/template': [ '7.29.7' ],
927 silly audit   '@babel/traverse': [ '7.29.8' ],
927 silly audit   '@babel/types': [ '7.29.8' ],
927 silly audit   '@jridgewell/remapping': [ '2.3.5' ],
927 silly audit   'convert-source-map': [ '2.0.0' ],
927 silly audit   gensync: [ '1.0.0-beta.2' ],
927 silly audit   json5: [ '2.2.3' ],
927 silly audit   semver: [ '6.3.1' ],
927 silly audit   '@babel/helper-validator-identifier': [ '7.29.7' ],
927 silly audit   'js-tokens': [ '4.0.0' ],
927 silly audit   picocolors: [ '1.1.1' ],
927 silly audit   '@jridgewell/gen-mapping': [ '0.3.13' ],
927 silly audit   '@jridgewell/trace-mapping': [ '0.3.31' ],
927 silly audit   jsesc: [ '3.1.0' ],
927 silly audit   '@babel/compat-data': [ '7.29.7' ],
927 silly audit   '@babel/helper-validator-option': [ '7.29.7' ],
927 silly audit   browserslist: [ '4.29.3' ],
927 silly audit   'lru-cache': [ '5.1.1' ],
927 silly audit   '@babel/helper-module-imports': [ '7.29.7' ],
927 silly audit   '@babel/helper-globals': [ '7.29.7' ],
927 silly audit   '@babel/helper-string-parser': [ '7.29.7' ],
927 silly audit   '@jridgewell/sourcemap-codec': [ '1.6.0' ],
927 silly audit   '@jridgewell/resolve-uri': [ '3.1.2' ],
927 silly audit   'baseline-browser-mapping': [ '2.11.27' ],
927 silly audit   'caniuse-lite': [ '1.0.30001814' ],
927 silly audit   'electron-to-chromium': [ '1.5.444' ],
927 silly audit   'node-releases': [ '2.0.57' ],
927 silly audit   'update-browserslist-db': [ '1.3.3' ],
927 silly audit   '@types/esrecurse': [ '4.3.1' ],
927 silly audit   esrecurse: [ '4.3.0' ],
927 silly audit   estraverse: [ '5.3.0' ],
927 silly audit   acorn: [ '8.18.0' ],
927 silly audit   'acorn-jsx': [ '5.3.2' ],
927 silly audit   'flat-cache': [ '6.1.23' ],
927 silly audit   'locate-path': [ '6.0.0' ],
927 silly audit   'path-exists': [ '4.0.0' ],
927 silly audit   cacheable: [ '2.5.0' ],
927 silly audit   flatted: [ '3.4.4' ],
927 silly audit   hookified: [ '1.15.1', '2.2.0' ],
927 silly audit   '@cacheable/memory': [ '2.2.0' ],
927 silly audit   '@cacheable/utils': [ '2.5.0' ],
927 silly audit   keyv: [ '5.6.0' ],
927 silly audit   qified: [ '0.10.1' ],
927 silly audit   '@keyv/bigmap': [ '1.3.1' ],
927 silly audit   hashery: [ '1.5.1' ],
927 silly audit   'hermes-estree': [ '0.25.1' ],
927 silly audit   'is-extglob': [ '2.1.1' ],
927 silly audit   '@keyv/serialize': [ '1.1.1' ],
927 silly audit   'prelude-ls': [ '1.2.1' ],
927 silly audit   'type-check': [ '0.4.0' ],
927 silly audit   'p-locate': [ '5.0.0' ],
927 silly audit   yallist: [ '3.1.1' ],
927 silly audit   'brace-expansion': [ '5.0.12' ],
927 silly audit   'balanced-match': [ '4.0.4' ],
927 silly audit   'deep-is': [ '0.1.4' ],
927 silly audit   'fast-levenshtein': [ '2.0.6' ],
927 silly audit   'word-wrap': [ '1.2.5' ],
927 silly audit   'p-limit': [ '3.1.0' ],
927 silly audit   'yocto-queue': [ '0.1.0' ],
927 silly audit   scheduler: [ '0.28.0' ],
927 silly audit   'shebang-regex': [ '3.0.0' ],
927 silly audit   escalade: [ '3.2.0' ],
927 silly audit   punycode: [ '2.3.1' ],
927 silly audit   fsevents: [ '2.3.3' ],
927 silly audit   lightningcss: [ '1.33.0' ],
927 silly audit   picomatch: [ '4.0.7' ],
927 silly audit   postcss: [ '8.5.28' ],
927 silly audit   rolldown: [ '1.2.12' ],
927 silly audit   tinyglobby: [ '0.2.17' ],
927 silly audit   'detect-libc': [ '2.1.2' ],
927 silly audit   'lightningcss-android-arm64': [ '1.33.0' ],
927 silly audit   'lightningcss-darwin-arm64': [ '1.33.0' ],
927 silly audit   'lightningcss-darwin-x64': [ '1.33.0' ],
927 silly audit   'lightningcss-freebsd-x64': [ '1.33.0' ],
927 silly audit   'lightningcss-linux-arm-gnueabihf': [ '1.33.0' ],
927 silly audit   'lightningcss-linux-arm64-gnu': [ '1.33.0' ],
927 silly audit   'lightningcss-linux-arm64-musl': [ '1.33.0' ],
927 silly audit   'lightningcss-linux-x64-gnu': [ '1.33.0' ],
927 silly audit   'lightningcss-linux-x64-musl': [ '1.33.0' ],
927 silly audit   'lightningcss-win32-arm64-msvc': [ '1.33.0' ],
927 silly audit   'lightningcss-win32-x64-msvc': [ '1.33.0' ],
927 silly audit   nanoid: [ '3.3.19' ],
927 silly audit   'source-map-js': [ '1.2.2' ],
927 silly audit   '@oxc-project/types': [ '0.152.0' ],
927 silly audit   '@rolldown/binding-android-arm-eabi': [ '1.2.12' ],
927 silly audit   '@rolldown/binding-android-arm64': [ '1.2.12' ],
927 silly audit   '@rolldown/binding-darwin-arm64': [ '1.2.12' ],
927 silly audit   '@rolldown/binding-darwin-x64': [ '1.2.12' ],
927 silly audit   '@rolldown/binding-freebsd-x64': [ '1.2.12' ],
927 silly audit   '@rolldown/binding-linux-arm-gnueabihf': [ '1.2.12' ],
927 silly audit   '@rolldown/binding-linux-arm64-gnu': [ '1.2.12' ],
927 silly audit   '@rolldown/binding-linux-arm64-musl': [ '1.2.12' ],
927 silly audit   '@rolldown/binding-linux-ppc64-gnu': [ '1.2.12' ],
927 silly audit   '@rolldown/binding-linux-s390x-gnu': [ '1.2.12' ],
927 silly audit   '@rolldown/binding-linux-x64-gnu': [ '1.2.12' ],
927 silly audit   '@rolldown/binding-linux-x64-musl': [ '1.2.12' ],
927 silly audit   '@rolldown/binding-openharmony-arm64': [ '1.2.12' ],
927 silly audit   '@rolldown/binding-win32-arm64-msvc': [ '1.2.12' ],
927 silly audit   '@rolldown/binding-win32-x64-msvc': [ '1.2.12' ],
927 silly audit   fdir: [ '6.5.0' ],
927 silly audit   isexe: [ '2.0.0' ]
927 silly audit }
928 http cache isexe@https://registry.npmjs.org/isexe/-/isexe-2.0.0.tgz 0ms (cache hit)
929 http cache fdir@https://registry.npmjs.org/fdir/-/fdir-6.5.0.tgz 0ms (cache hit)
930 http cache @rolldown/binding-android-arm64@https://registry.npmjs.org/@rolldown/binding-android-arm64/-/binding-android-arm64-1.2.12.tgz 0ms (cache hit)
931 http cache @oxc-project/types@https://registry.npmjs.org/@oxc-project/types/-/types-0.152.0.tgz 0ms (cache hit)
932 http cache source-map-js@https://registry.npmjs.org/source-map-js/-/source-map-js-1.2.2.tgz 0ms (cache hit)
933 http cache nanoid@https://registry.npmjs.org/nanoid/-/nanoid-3.3.19.tgz 0ms (cache hit)
934 http cache lightningcss-android-arm64@https://registry.npmjs.org/lightningcss-android-arm64/-/lightningcss-android-arm64-1.33.0.tgz 0ms (cache hit)
935 http cache detect-libc@https://registry.npmjs.org/detect-libc/-/detect-libc-2.1.2.tgz 0ms (cache hit)
936 http cache tinyglobby@https://registry.npmjs.org/tinyglobby/-/tinyglobby-0.2.17.tgz 0ms (cache hit)
937 http cache rolldown@https://registry.npmjs.org/rolldown/-/rolldown-1.2.12.tgz 1ms (cache hit)
938 http cache postcss@https://registry.npmjs.org/postcss/-/postcss-8.5.28.tgz 0ms (cache hit)
939 http cache picomatch@https://registry.npmjs.org/picomatch/-/picomatch-4.0.7.tgz 0ms (cache hit)
940 http cache lightningcss@https://registry.npmjs.org/lightningcss/-/lightningcss-1.33.0.tgz 0ms (cache hit)
941 http cache punycode@https://registry.npmjs.org/punycode/-/punycode-2.3.1.tgz 0ms (cache hit)
942 http cache escalade@https://registry.npmjs.org/escalade/-/escalade-3.2.0.tgz 0ms (cache hit)
943 http cache shebang-regex@https://registry.npmjs.org/shebang-regex/-/shebang-regex-3.0.0.tgz 0ms (cache hit)
944 http cache scheduler@https://registry.npmjs.org/scheduler/-/scheduler-0.28.0.tgz 0ms (cache hit)
945 http cache yocto-queue@https://registry.npmjs.org/yocto-queue/-/yocto-queue-0.1.0.tgz 0ms (cache hit)
946 http cache p-limit@https://registry.npmjs.org/p-limit/-/p-limit-3.1.0.tgz 0ms (cache hit)
947 http cache word-wrap@https://registry.npmjs.org/word-wrap/-/word-wrap-1.2.5.tgz 1ms (cache hit)
948 http cache fast-levenshtein@https://registry.npmjs.org/fast-levenshtein/-/fast-levenshtein-2.0.6.tgz 0ms (cache hit)
949 http cache deep-is@https://registry.npmjs.org/deep-is/-/deep-is-0.1.4.tgz 0ms (cache hit)
950 http cache balanced-match@https://registry.npmjs.org/balanced-match/-/balanced-match-4.0.4.tgz 0ms (cache hit)
951 http cache brace-expansion@https://registry.npmjs.org/brace-expansion/-/brace-expansion-5.0.12.tgz 0ms (cache hit)
952 http cache yallist@https://registry.npmjs.org/yallist/-/yallist-3.1.1.tgz 0ms (cache hit)
953 http cache p-locate@https://registry.npmjs.org/p-locate/-/p-locate-5.0.0.tgz 0ms (cache hit)
954 http cache type-check@https://registry.npmjs.org/type-check/-/type-check-0.4.0.tgz 0ms (cache hit)
955 http cache prelude-ls@https://registry.npmjs.org/prelude-ls/-/prelude-ls-1.2.1.tgz 1ms (cache hit)
956 http cache @keyv/serialize@https://registry.npmjs.org/@keyv/serialize/-/serialize-1.1.1.tgz 0ms (cache hit)
957 http cache is-extglob@https://registry.npmjs.org/is-extglob/-/is-extglob-2.1.1.tgz 0ms (cache hit)
958 http cache hermes-estree@https://registry.npmjs.org/hermes-estree/-/hermes-estree-0.25.1.tgz 0ms (cache hit)
959 http cache hashery@https://registry.npmjs.org/hashery/-/hashery-1.5.1.tgz 0ms (cache hit)
960 http cache @keyv/bigmap@https://registry.npmjs.org/@keyv/bigmap/-/bigmap-1.3.1.tgz 0ms (cache hit)
961 http cache qified@https://registry.npmjs.org/qified/-/qified-0.10.1.tgz 0ms (cache hit)
962 http cache keyv@https://registry.npmjs.org/keyv/-/keyv-5.6.0.tgz 0ms (cache hit)
963 http cache @cacheable/utils@https://registry.npmjs.org/@cacheable/utils/-/utils-2.5.0.tgz 0ms (cache hit)
964 http cache @cacheable/memory@https://registry.npmjs.org/@cacheable/memory/-/memory-2.2.0.tgz 1ms (cache hit)
965 http cache hookified@https://registry.npmjs.org/hookified/-/hookified-1.15.1.tgz 0ms (cache hit)
966 http cache flatted@https://registry.npmjs.org/flatted/-/flatted-3.4.4.tgz 0ms (cache hit)
967 http cache cacheable@https://registry.npmjs.org/cacheable/-/cacheable-2.5.0.tgz 0ms (cache hit)
968 http cache path-exists@https://registry.npmjs.org/path-exists/-/path-exists-4.0.0.tgz 0ms (cache hit)
969 http cache locate-path@https://registry.npmjs.org/locate-path/-/locate-path-6.0.0.tgz 0ms (cache hit)
970 http cache flat-cache@https://registry.npmjs.org/flat-cache/-/flat-cache-6.1.23.tgz 0ms (cache hit)
971 http cache acorn-jsx@https://registry.npmjs.org/acorn-jsx/-/acorn-jsx-5.3.2.tgz 0ms (cache hit)
972 http cache acorn@https://registry.npmjs.org/acorn/-/acorn-8.18.0.tgz 0ms (cache hit)
973 http cache estraverse@https://registry.npmjs.org/estraverse/-/estraverse-5.3.0.tgz 0ms (cache hit)
974 http cache esrecurse@https://registry.npmjs.org/esrecurse/-/esrecurse-4.3.0.tgz 0ms (cache hit)
975 http cache @types/esrecurse@https://registry.npmjs.org/@types/esrecurse/-/esrecurse-4.3.1.tgz 0ms (cache hit)
976 http cache update-browserslist-db@https://registry.npmjs.org/update-browserslist-db/-/update-browserslist-db-1.3.3.tgz 0ms (cache hit)
977 http cache node-releases@https://registry.npmjs.org/node-releases/-/node-releases-2.0.57.tgz 0ms (cache hit)
978 http cache electron-to-chromium@https://registry.npmjs.org/electron-to-chromium/-/electron-to-chromium-1.5.444.tgz 0ms (cache hit)
979 http cache caniuse-lite@https://registry.npmjs.org/caniuse-lite/-/caniuse-lite-1.0.30001814.tgz 0ms (cache hit)
980 http cache baseline-browser-mapping@https://registry.npmjs.org/baseline-browser-mapping/-/baseline-browser-mapping-2.11.27.tgz 0ms (cache hit)
981 http cache @jridgewell/resolve-uri@https://registry.npmjs.org/@jridgewell/resolve-uri/-/resolve-uri-3.1.2.tgz 0ms (cache hit)
982 http cache @jridgewell/sourcemap-codec@https://registry.npmjs.org/@jridgewell/sourcemap-codec/-/sourcemap-codec-1.6.0.tgz 0ms (cache hit)
983 http cache @babel/helper-string-parser@https://registry.npmjs.org/@babel/helper-string-parser/-/helper-string-parser-7.29.7.tgz 0ms (cache hit)
984 http cache @babel/helper-globals@https://registry.npmjs.org/@babel/helper-globals/-/helper-globals-7.29.7.tgz 0ms (cache hit)
985 http cache lru-cache@https://registry.npmjs.org/lru-cache/-/lru-cache-5.1.1.tgz 0ms (cache hit)
986 http cache @babel/helper-module-imports@https://registry.npmjs.org/@babel/helper-module-imports/-/helper-module-imports-7.29.7.tgz 0ms (cache hit)
987 http cache browserslist@https://registry.npmjs.org/browserslist/-/browserslist-4.29.3.tgz 0ms (cache hit)
988 http cache @babel/helper-validator-option@https://registry.npmjs.org/@babel/helper-validator-option/-/helper-validator-option-7.29.7.tgz 0ms (cache hit)
989 http cache @babel/compat-data@https://registry.npmjs.org/@babel/compat-data/-/compat-data-7.29.7.tgz 0ms (cache hit)
990 http cache jsesc@https://registry.npmjs.org/jsesc/-/jsesc-3.1.0.tgz 0ms (cache hit)
991 http cache @jridgewell/trace-mapping@https://registry.npmjs.org/@jridgewell/trace-mapping/-/trace-mapping-0.3.31.tgz 1ms (cache hit)
992 http cache @jridgewell/gen-mapping@https://registry.npmjs.org/@jridgewell/gen-mapping/-/gen-mapping-0.3.13.tgz 0ms (cache hit)
993 http cache picocolors@https://registry.npmjs.org/picocolors/-/picocolors-1.1.1.tgz 0ms (cache hit)
994 http cache js-tokens@https://registry.npmjs.org/js-tokens/-/js-tokens-4.0.0.tgz 0ms (cache hit)
995 http cache @babel/helper-validator-identifier@https://registry.npmjs.org/@babel/helper-validator-identifier/-/helper-validator-identifier-7.29.7.tgz 0ms (cache hit)
996 http cache semver@https://registry.npmjs.org/semver/-/semver-6.3.1.tgz 0ms (cache hit)
997 http cache json5@https://registry.npmjs.org/json5/-/json5-2.2.3.tgz 0ms (cache hit)
998 http cache gensync@https://registry.npmjs.org/gensync/-/gensync-1.0.0-beta.2.tgz 0ms (cache hit)
999 http cache convert-source-map@https://registry.npmjs.org/convert-source-map/-/convert-source-map-2.0.0.tgz 0ms (cache hit)
1000 http cache @jridgewell/remapping@https://registry.npmjs.org/@jridgewell/remapping/-/remapping-2.3.5.tgz 0ms (cache hit)
1001 http cache @babel/types@https://registry.npmjs.org/@babel/types/-/types-7.29.8.tgz 0ms (cache hit)
1002 http cache @babel/traverse@https://registry.npmjs.org/@babel/traverse/-/traverse-7.29.8.tgz 1ms (cache hit)
1003 http cache @babel/template@https://registry.npmjs.org/@babel/template/-/template-7.29.7.tgz 0ms (cache hit)
1004 http cache @babel/helpers@https://registry.npmjs.org/@babel/helpers/-/helpers-7.29.7.tgz 0ms (cache hit)
1005 http cache @babel/helper-module-transforms@https://registry.npmjs.org/@babel/helper-module-transforms/-/helper-module-transforms-7.29.7.tgz 1ms (cache hit)
1006 http cache @babel/helper-compilation-targets@https://registry.npmjs.org/@babel/helper-compilation-targets/-/helper-compilation-targets-7.29.7.tgz 0ms (cache hit)
1007 http cache @babel/generator@https://registry.npmjs.org/@babel/generator/-/generator-7.29.8.tgz 0ms (cache hit)
1008 http cache @babel/code-frame@https://registry.npmjs.org/@babel/code-frame/-/code-frame-7.29.7.tgz 0ms (cache hit)
1009 http cache zod-validation-error@https://registry.npmjs.org/zod-validation-error/-/zod-validation-error-4.0.2.tgz 0ms (cache hit)
1010 http cache zod@https://registry.npmjs.org/zod/-/zod-4.6.5.tgz 1ms (cache hit)
1011 http cache hermes-parser@https://registry.npmjs.org/hermes-parser/-/hermes-parser-0.25.1.tgz 0ms (cache hit)
1012 http cache @babel/parser@https://registry.npmjs.org/@babel/parser/-/parser-7.29.9.tgz 0ms (cache hit)
1013 http cache @babel/core@https://registry.npmjs.org/@babel/core/-/core-7.29.7.tgz 0ms (cache hit)
1014 http cache ms@https://registry.npmjs.org/ms/-/ms-2.1.3.tgz 0ms (cache hit)
1015 http cache which@https://registry.npmjs.org/which/-/which-2.0.2.tgz 0ms (cache hit)
1016 http cache shebang-command@https://registry.npmjs.org/shebang-command/-/shebang-command-2.0.0.tgz 0ms (cache hit)
1017 http cache path-key@https://registry.npmjs.org/path-key/-/path-key-3.1.1.tgz 0ms (cache hit)
1018 http cache uri-js@https://registry.npmjs.org/uri-js/-/uri-js-4.4.1.tgz 0ms (cache hit)
1019 http cache json-schema-traverse@https://registry.npmjs.org/json-schema-traverse/-/json-schema-traverse-0.4.1.tgz 0ms (cache hit)
1020 http cache fast-json-stable-stringify@https://registry.npmjs.org/fast-json-stable-stringify/-/fast-json-stable-stringify-2.1.0.tgz 0ms (cache hit)
1021 http cache @humanfs/types@https://registry.npmjs.org/@humanfs/types/-/types-0.15.0.tgz 0ms (cache hit)
1022 http cache @humanfs/core@https://registry.npmjs.org/@humanfs/core/-/core-0.19.2.tgz 0ms (cache hit)
1023 http cache levn@https://registry.npmjs.org/levn/-/levn-0.4.1.tgz 0ms (cache hit)
1024 http cache @types/json-schema@https://registry.npmjs.org/@types/json-schema/-/json-schema-7.0.15.tgz 1ms (cache hit)
1025 http cache @eslint/object-schema@https://registry.npmjs.org/@eslint/object-schema/-/object-schema-3.0.5.tgz 0ms (cache hit)
1026 http cache optionator@https://registry.npmjs.org/optionator/-/optionator-0.9.4.tgz 0ms (cache hit)
1027 http cache natural-compare@https://registry.npmjs.org/natural-compare/-/natural-compare-1.4.0.tgz 0ms (cache hit)
1028 http cache minimatch@https://registry.npmjs.org/minimatch/-/minimatch-10.2.6.tgz 0ms (cache hit)
1029 http cache json-stable-stringify-without-jsonify@https://registry.npmjs.org/json-stable-stringify-without-jsonify/-/json-stable-stringify-without-jsonify-1.0.1.tgz 0ms (cache hit)
1030 http cache imurmurhash@https://registry.npmjs.org/imurmurhash/-/imurmurhash-0.1.4.tgz 0ms (cache hit)
1031 http cache ignore@https://registry.npmjs.org/ignore/-/ignore-5.3.2.tgz 0ms (cache hit)
1032 http cache is-glob@https://registry.npmjs.org/is-glob/-/is-glob-4.0.3.tgz 0ms (cache hit)
1033 http cache glob-parent@https://registry.npmjs.org/glob-parent/-/glob-parent-6.0.2.tgz 0ms (cache hit)
1034 http cache find-up@https://registry.npmjs.org/find-up/-/find-up-5.0.0.tgz 0ms (cache hit)
1035 http cache file-entry-cache@https://registry.npmjs.org/file-entry-cache/-/file-entry-cache-11.1.5.tgz 0ms (cache hit)
1036 http cache fast-deep-equal@https://registry.npmjs.org/fast-deep-equal/-/fast-deep-equal-3.1.3.tgz 0ms (cache hit)
1037 http cache esutils@https://registry.npmjs.org/esutils/-/esutils-2.0.3.tgz 0ms (cache hit)
1038 http cache esquery@https://registry.npmjs.org/esquery/-/esquery-1.7.0.tgz 1ms (cache hit)
1039 http cache espree@https://registry.npmjs.org/espree/-/espree-11.2.0.tgz 0ms (cache hit)
1040 http cache eslint-visitor-keys@https://registry.npmjs.org/eslint-visitor-keys/-/eslint-visitor-keys-5.0.1.tgz 0ms (cache hit)
1041 http cache eslint-scope@https://registry.npmjs.org/eslint-scope/-/eslint-scope-9.1.2.tgz 0ms (cache hit)
1042 http cache escape-string-regexp@https://registry.npmjs.org/escape-string-regexp/-/escape-string-regexp-4.0.0.tgz 0ms (cache hit)
1043 http cache cross-spawn@https://registry.npmjs.org/cross-spawn/-/cross-spawn-7.0.6.tgz 0ms (cache hit)
1044 http cache debug@https://registry.npmjs.org/debug/-/debug-4.4.3.tgz 0ms (cache hit)
1045 http cache ajv@https://registry.npmjs.org/ajv/-/ajv-6.15.0.tgz 0ms (cache hit)
1046 http cache @types/estree@https://registry.npmjs.org/@types/estree/-/estree-1.0.9.tgz 0ms (cache hit)
1047 http cache @humanwhocodes/module-importer@https://registry.npmjs.org/@humanwhocodes/module-importer/-/module-importer-1.0.1.tgz 0ms (cache hit)
1048 http cache @humanwhocodes/retry@https://registry.npmjs.org/@humanwhocodes/retry/-/retry-0.4.3.tgz 0ms (cache hit)
1049 http cache @humanfs/node@https://registry.npmjs.org/@humanfs/node/-/node-0.16.8.tgz 0ms (cache hit)
1050 http cache @eslint/plugin-kit@https://registry.npmjs.org/@eslint/plugin-kit/-/plugin-kit-0.7.3.tgz 0ms (cache hit)
1051 http cache @eslint/core@https://registry.npmjs.org/@eslint/core/-/core-1.2.1.tgz 0ms (cache hit)
1052 http cache @eslint/config-helpers@https://registry.npmjs.org/@eslint/config-helpers/-/config-helpers-0.7.0.tgz 0ms (cache hit)
1053 http cache @eslint/config-array@https://registry.npmjs.org/@eslint/config-array/-/config-array-0.23.5.tgz 0ms (cache hit)
1054 http cache @eslint-community/regexpp@https://registry.npmjs.org/@eslint-community/regexpp/-/regexpp-4.12.2.tgz 1ms (cache hit)
1055 http cache @eslint-community/eslint-utils@https://registry.npmjs.org/@eslint-community/eslint-utils/-/eslint-utils-4.10.1.tgz 0ms (cache hit)
1056 http cache @rolldown/pluginutils@https://registry.npmjs.org/@rolldown/pluginutils/-/pluginutils-1.0.1.tgz 0ms (cache hit)
1057 http cache csstype@https://registry.npmjs.org/csstype/-/csstype-3.2.3.tgz 0ms (cache hit)
1058 http cache react-dom@https://registry.npmjs.org/react-dom/-/react-dom-19.3.0.tgz 0ms (cache hit)
1059 http cache react@https://registry.npmjs.org/react/-/react-19.3.0.tgz 1ms (cache hit)
1060 http cache globals@https://registry.npmjs.org/globals/-/globals-17.13.0.tgz 0ms (cache hit)
1061 http cache eslint-plugin-react-refresh@https://registry.npmjs.org/eslint-plugin-react-refresh/-/eslint-plugin-react-refresh-0.5.7.tgz 0ms (cache hit)
1062 http cache eslint-plugin-react-hooks@https://registry.npmjs.org/eslint-plugin-react-hooks/-/eslint-plugin-react-hooks-7.1.1.tgz 0ms (cache hit)
1063 http cache eslint@https://registry.npmjs.org/eslint/-/eslint-10.11.0.tgz 0ms (cache hit)
1064 http cache vite@https://registry.npmjs.org/vite/-/vite-8.3.2.tgz 0ms (cache hit)
1065 http cache @vitejs/plugin-react@https://registry.npmjs.org/@vitejs/plugin-react/-/plugin-react-6.1.1.tgz 0ms (cache hit)
1066 http cache @types/react-dom@https://registry.npmjs.org/@types/react-dom/-/react-dom-19.3.0.tgz 0ms (cache hit)
1067 http cache @types/react@https://registry.npmjs.org/@types/react/-/react-19.3.0.tgz 0ms (cache hit)
1068 http cache @eslint/js@https://registry.npmjs.org/@eslint/js/-/js-10.0.1.tgz 0ms (cache hit)
1069 http cache hookified@https://registry.npmjs.org/hookified/-/hookified-2.2.0.tgz 0ms (cache hit)
1070 http cache eslint-visitor-keys@https://registry.npmjs.org/eslint-visitor-keys/-/eslint-visitor-keys-3.4.3.tgz 0ms (cache hit)
1071 silly tarball no local data for isexe@https://registry.npmjs.org/isexe/-/isexe-2.0.0.tgz. Extracting by manifest.
1072 silly tarball no local data for fdir@https://registry.npmjs.org/fdir/-/fdir-6.5.0.tgz. Extracting by manifest.
1073 silly tarball no local data for @rolldown/binding-android-arm64@https://registry.npmjs.org/@rolldown/binding-android-arm64/-/binding-android-arm64-1.2.12.tgz. Extracting by manifest.
1074 silly tarball no local data for @oxc-project/types@https://registry.npmjs.org/@oxc-project/types/-/types-0.152.0.tgz. Extracting by manifest.
1075 silly tarball no local data for source-map-js@https://registry.npmjs.org/source-map-js/-/source-map-js-1.2.2.tgz. Extracting by manifest.
1076 silly tarball no local data for nanoid@https://registry.npmjs.org/nanoid/-/nanoid-3.3.19.tgz. Extracting by manifest.
1077 silly tarball no local data for lightningcss-android-arm64@https://registry.npmjs.org/lightningcss-android-arm64/-/lightningcss-android-arm64-1.33.0.tgz. Extracting by manifest.
1078 silly tarball no local data for detect-libc@https://registry.npmjs.org/detect-libc/-/detect-libc-2.1.2.tgz. Extracting by manifest.
1079 silly tarball no local data for tinyglobby@https://registry.npmjs.org/tinyglobby/-/tinyglobby-0.2.17.tgz. Extracting by manifest.
1080 silly tarball no local data for rolldown@https://registry.npmjs.org/rolldown/-/rolldown-1.2.12.tgz. Extracting by manifest.
1081 silly tarball no local data for postcss@https://registry.npmjs.org/postcss/-/postcss-8.5.28.tgz. Extracting by manifest.
1082 silly tarball no local data for picomatch@https://registry.npmjs.org/picomatch/-/picomatch-4.0.7.tgz. Extracting by manifest.
1083 silly tarball no local data for lightningcss@https://registry.npmjs.org/lightningcss/-/lightningcss-1.33.0.tgz. Extracting by manifest.
1084 silly tarball no local data for punycode@https://registry.npmjs.org/punycode/-/punycode-2.3.1.tgz. Extracting by manifest.
1085 silly tarball no local data for escalade@https://registry.npmjs.org/escalade/-/escalade-3.2.0.tgz. Extracting by manifest.
1086 silly tarball no local data for shebang-regex@https://registry.npmjs.org/shebang-regex/-/shebang-regex-3.0.0.tgz. Extracting by manifest.
1087 silly tarball no local data for scheduler@https://registry.npmjs.org/scheduler/-/scheduler-0.28.0.tgz. Extracting by manifest.
1088 silly tarball no local data for yocto-queue@https://registry.npmjs.org/yocto-queue/-/yocto-queue-0.1.0.tgz. Extracting by manifest.
1089 silly tarball no local data for p-limit@https://registry.npmjs.org/p-limit/-/p-limit-3.1.0.tgz. Extracting by manifest.
1090 silly tarball no local data for word-wrap@https://registry.npmjs.org/word-wrap/-/word-wrap-1.2.5.tgz. Extracting by manifest.
1091 silly tarball no local data for fast-levenshtein@https://registry.npmjs.org/fast-levenshtein/-/fast-levenshtein-2.0.6.tgz. Extracting by manifest.
1092 silly tarball no local data for deep-is@https://registry.npmjs.org/deep-is/-/deep-is-0.1.4.tgz. Extracting by manifest.
1093 silly tarball no local data for balanced-match@https://registry.npmjs.org/balanced-match/-/balanced-match-4.0.4.tgz. Extracting by manifest.
1094 silly tarball no local data for brace-expansion@https://registry.npmjs.org/brace-expansion/-/brace-expansion-5.0.12.tgz. Extracting by manifest.
1095 silly tarball no local data for yallist@https://registry.npmjs.org/yallist/-/yallist-3.1.1.tgz. Extracting by manifest.
1096 silly tarball no local data for p-locate@https://registry.npmjs.org/p-locate/-/p-locate-5.0.0.tgz. Extracting by manifest.
1097 silly tarball no local data for type-check@https://registry.npmjs.org/type-check/-/type-check-0.4.0.tgz. Extracting by manifest.
1098 silly tarball no local data for prelude-ls@https://registry.npmjs.org/prelude-ls/-/prelude-ls-1.2.1.tgz. Extracting by manifest.
1099 silly tarball no local data for @keyv/serialize@https://registry.npmjs.org/@keyv/serialize/-/serialize-1.1.1.tgz. Extracting by manifest.
1100 silly tarball no local data for is-extglob@https://registry.npmjs.org/is-extglob/-/is-extglob-2.1.1.tgz. Extracting by manifest.
1101 silly tarball no local data for hermes-estree@https://registry.npmjs.org/hermes-estree/-/hermes-estree-0.25.1.tgz. Extracting by manifest.
1102 silly tarball no local data for hashery@https://registry.npmjs.org/hashery/-/hashery-1.5.1.tgz. Extracting by manifest.
1103 silly tarball no local data for @keyv/bigmap@https://registry.npmjs.org/@keyv/bigmap/-/bigmap-1.3.1.tgz. Extracting by manifest.
1104 silly tarball no local data for qified@https://registry.npmjs.org/qified/-/qified-0.10.1.tgz. Extracting by manifest.
1105 silly tarball no local data for keyv@https://registry.npmjs.org/keyv/-/keyv-5.6.0.tgz. Extracting by manifest.
1106 silly tarball no local data for @cacheable/utils@https://registry.npmjs.org/@cacheable/utils/-/utils-2.5.0.tgz. Extracting by manifest.
1107 silly tarball no local data for @cacheable/memory@https://registry.npmjs.org/@cacheable/memory/-/memory-2.2.0.tgz. Extracting by manifest.
1108 silly tarball no local data for hookified@https://registry.npmjs.org/hookified/-/hookified-1.15.1.tgz. Extracting by manifest.
1109 silly tarball no local data for flatted@https://registry.npmjs.org/flatted/-/flatted-3.4.4.tgz. Extracting by manifest.
1110 silly tarball no local data for cacheable@https://registry.npmjs.org/cacheable/-/cacheable-2.5.0.tgz. Extracting by manifest.
1111 silly tarball no local data for path-exists@https://registry.npmjs.org/path-exists/-/path-exists-4.0.0.tgz. Extracting by manifest.
1112 silly tarball no local data for locate-path@https://registry.npmjs.org/locate-path/-/locate-path-6.0.0.tgz. Extracting by manifest.
1113 silly tarball no local data for flat-cache@https://registry.npmjs.org/flat-cache/-/flat-cache-6.1.23.tgz. Extracting by manifest.
1114 silly tarball no local data for acorn-jsx@https://registry.npmjs.org/acorn-jsx/-/acorn-jsx-5.3.2.tgz. Extracting by manifest.
1115 silly tarball no local data for acorn@https://registry.npmjs.org/acorn/-/acorn-8.18.0.tgz. Extracting by manifest.
1116 silly tarball no local data for estraverse@https://registry.npmjs.org/estraverse/-/estraverse-5.3.0.tgz. Extracting by manifest.
1117 silly tarball no local data for esrecurse@https://registry.npmjs.org/esrecurse/-/esrecurse-4.3.0.tgz. Extracting by manifest.
1118 silly tarball no local data for @types/esrecurse@https://registry.npmjs.org/@types/esrecurse/-/esrecurse-4.3.1.tgz. Extracting by manifest.
1119 silly tarball no local data for update-browserslist-db@https://registry.npmjs.org/update-browserslist-db/-/update-browserslist-db-1.3.3.tgz. Extracting by manifest.
1120 silly tarball no local data for node-releases@https://registry.npmjs.org/node-releases/-/node-releases-2.0.57.tgz. Extracting by manifest.
1121 silly tarball no local data for electron-to-chromium@https://registry.npmjs.org/electron-to-chromium/-/electron-to-chromium-1.5.444.tgz. Extracting by manifest.
1122 silly tarball no local data for caniuse-lite@https://registry.npmjs.org/caniuse-lite/-/caniuse-lite-1.0.30001814.tgz. Extracting by manifest.
1123 silly tarball no local data for baseline-browser-mapping@https://registry.npmjs.org/baseline-browser-mapping/-/baseline-browser-mapping-2.11.27.tgz. Extracting by manifest.
1124 silly tarball no local data for @jridgewell/resolve-uri@https://registry.npmjs.org/@jridgewell/resolve-uri/-/resolve-uri-3.1.2.tgz. Extracting by manifest.
1125 silly tarball no local data for @jridgewell/sourcemap-codec@https://registry.npmjs.org/@jridgewell/sourcemap-codec/-/sourcemap-codec-1.6.0.tgz. Extracting by manifest.
1126 silly tarball no local data for @babel/helper-string-parser@https://registry.npmjs.org/@babel/helper-string-parser/-/helper-string-parser-7.29.7.tgz. Extracting by manifest.
1127 silly tarball no local data for @babel/helper-globals@https://registry.npmjs.org/@babel/helper-globals/-/helper-globals-7.29.7.tgz. Extracting by manifest.
1128 silly tarball no local data for lru-cache@https://registry.npmjs.org/lru-cache/-/lru-cache-5.1.1.tgz. Extracting by manifest.
1129 silly tarball no local data for @babel/helper-module-imports@https://registry.npmjs.org/@babel/helper-module-imports/-/helper-module-imports-7.29.7.tgz. Extracting by manifest.
1130 silly tarball no local data for browserslist@https://registry.npmjs.org/browserslist/-/browserslist-4.29.3.tgz. Extracting by manifest.
1131 silly tarball no local data for @babel/helper-validator-option@https://registry.npmjs.org/@babel/helper-validator-option/-/helper-validator-option-7.29.7.tgz. Extracting by manifest.
1132 silly tarball no local data for @babel/compat-data@https://registry.npmjs.org/@babel/compat-data/-/compat-data-7.29.7.tgz. Extracting by manifest.
1133 silly tarball no local data for jsesc@https://registry.npmjs.org/jsesc/-/jsesc-3.1.0.tgz. Extracting by manifest.
1134 silly tarball no local data for @jridgewell/trace-mapping@https://registry.npmjs.org/@jridgewell/trace-mapping/-/trace-mapping-0.3.31.tgz. Extracting by manifest.
1135 silly tarball no local data for @jridgewell/gen-mapping@https://registry.npmjs.org/@jridgewell/gen-mapping/-/gen-mapping-0.3.13.tgz. Extracting by manifest.
1136 silly tarball no local data for picocolors@https://registry.npmjs.org/picocolors/-/picocolors-1.1.1.tgz. Extracting by manifest.
1137 silly tarball no local data for js-tokens@https://registry.npmjs.org/js-tokens/-/js-tokens-4.0.0.tgz. Extracting by manifest.
1138 silly tarball no local data for @babel/helper-validator-identifier@https://registry.npmjs.org/@babel/helper-validator-identifier/-/helper-validator-identifier-7.29.7.tgz. Extracting by manifest.
1139 silly tarball no local data for semver@https://registry.npmjs.org/semver/-/semver-6.3.1.tgz. Extracting by manifest.
1140 silly tarball no local data for json5@https://registry.npmjs.org/json5/-/json5-2.2.3.tgz. Extracting by manifest.
1141 silly tarball no local data for gensync@https://registry.npmjs.org/gensync/-/gensync-1.0.0-beta.2.tgz. Extracting by manifest.
1142 silly tarball no local data for convert-source-map@https://registry.npmjs.org/convert-source-map/-/convert-source-map-2.0.0.tgz. Extracting by manifest.
1143 silly tarball no local data for @jridgewell/remapping@https://registry.npmjs.org/@jridgewell/remapping/-/remapping-2.3.5.tgz. Extracting by manifest.
1144 silly tarball no local data for @babel/types@https://registry.npmjs.org/@babel/types/-/types-7.29.8.tgz. Extracting by manifest.
1145 silly tarball no local data for @babel/traverse@https://registry.npmjs.org/@babel/traverse/-/traverse-7.29.8.tgz. Extracting by manifest.
1146 silly tarball no local data for @babel/template@https://registry.npmjs.org/@babel/template/-/template-7.29.7.tgz. Extracting by manifest.
1147 silly tarball no local data for @babel/helpers@https://registry.npmjs.org/@babel/helpers/-/helpers-7.29.7.tgz. Extracting by manifest.
1148 silly tarball no local data for @babel/helper-module-transforms@https://registry.npmjs.org/@babel/helper-module-transforms/-/helper-module-transforms-7.29.7.tgz. Extracting by manifest.
1149 silly tarball no local data for @babel/helper-compilation-targets@https://registry.npmjs.org/@babel/helper-compilation-targets/-/helper-compilation-targets-7.29.7.tgz. Extracting by manifest.
1150 silly tarball no local data for @babel/generator@https://registry.npmjs.org/@babel/generator/-/generator-7.29.8.tgz. Extracting by manifest.
1151 silly tarball no local data for @babel/code-frame@https://registry.npmjs.org/@babel/code-frame/-/code-frame-7.29.7.tgz. Extracting by manifest.
1152 silly tarball no local data for zod-validation-error@https://registry.npmjs.org/zod-validation-error/-/zod-validation-error-4.0.2.tgz. Extracting by manifest.
1153 silly tarball no local data for zod@https://registry.npmjs.org/zod/-/zod-4.6.5.tgz. Extracting by manifest.
1154 silly tarball no local data for hermes-parser@https://registry.npmjs.org/hermes-parser/-/hermes-parser-0.25.1.tgz. Extracting by manifest.
1155 silly tarball no local data for @babel/parser@https://registry.npmjs.org/@babel/parser/-/parser-7.29.9.tgz. Extracting by manifest.
1156 silly tarball no local data for @babel/core@https://registry.npmjs.org/@babel/core/-/core-7.29.7.tgz. Extracting by manifest.
1157 silly tarball no local data for ms@https://registry.npmjs.org/ms/-/ms-2.1.3.tgz. Extracting by manifest.
1158 silly tarball no local data for which@https://registry.npmjs.org/which/-/which-2.0.2.tgz. Extracting by manifest.
1159 silly tarball no local data for shebang-command@https://registry.npmjs.org/shebang-command/-/shebang-command-2.0.0.tgz. Extracting by manifest.
1160 silly tarball no local data for path-key@https://registry.npmjs.org/path-key/-/path-key-3.1.1.tgz. Extracting by manifest.
1161 silly tarball no local data for uri-js@https://registry.npmjs.org/uri-js/-/uri-js-4.4.1.tgz. Extracting by manifest.
1162 silly tarball no local data for json-schema-traverse@https://registry.npmjs.org/json-schema-traverse/-/json-schema-traverse-0.4.1.tgz. Extracting by manifest.
1163 silly tarball no local data for fast-json-stable-stringify@https://registry.npmjs.org/fast-json-stable-stringify/-/fast-json-stable-stringify-2.1.0.tgz. Extracting by manifest.
1164 silly tarball no local data for @humanfs/types@https://registry.npmjs.org/@humanfs/types/-/types-0.15.0.tgz. Extracting by manifest.
1165 silly tarball no local data for @humanfs/core@https://registry.npmjs.org/@humanfs/core/-/core-0.19.2.tgz. Extracting by manifest.
1166 silly tarball no local data for levn@https://registry.npmjs.org/levn/-/levn-0.4.1.tgz. Extracting by manifest.
1167 silly tarball no local data for @types/json-schema@https://registry.npmjs.org/@types/json-schema/-/json-schema-7.0.15.tgz. Extracting by manifest.
1168 silly tarball no local data for @eslint/object-schema@https://registry.npmjs.org/@eslint/object-schema/-/object-schema-3.0.5.tgz. Extracting by manifest.
1169 silly tarball no local data for optionator@https://registry.npmjs.org/optionator/-/optionator-0.9.4.tgz. Extracting by manifest.
1170 silly tarball no local data for natural-compare@https://registry.npmjs.org/natural-compare/-/natural-compare-1.4.0.tgz. Extracting by manifest.
1171 silly tarball no local data for minimatch@https://registry.npmjs.org/minimatch/-/minimatch-10.2.6.tgz. Extracting by manifest.
1172 silly tarball no local data for json-stable-stringify-without-jsonify@https://registry.npmjs.org/json-stable-stringify-without-jsonify/-/json-stable-stringify-without-jsonify-1.0.1.tgz. Extracting by manifest.
1173 silly tarball no local data for imurmurhash@https://registry.npmjs.org/imurmurhash/-/imurmurhash-0.1.4.tgz. Extracting by manifest.
1174 silly tarball no local data for ignore@https://registry.npmjs.org/ignore/-/ignore-5.3.2.tgz. Extracting by manifest.
1175 silly tarball no local data for is-glob@https://registry.npmjs.org/is-glob/-/is-glob-4.0.3.tgz. Extracting by manifest.
1176 silly tarball no local data for glob-parent@https://registry.npmjs.org/glob-parent/-/glob-parent-6.0.2.tgz. Extracting by manifest.
1177 silly tarball no local data for find-up@https://registry.npmjs.org/find-up/-/find-up-5.0.0.tgz. Extracting by manifest.
1178 silly tarball no local data for file-entry-cache@https://registry.npmjs.org/file-entry-cache/-/file-entry-cache-11.1.5.tgz. Extracting by manifest.
1179 silly tarball no local data for fast-deep-equal@https://registry.npmjs.org/fast-deep-equal/-/fast-deep-equal-3.1.3.tgz. Extracting by manifest.
1180 silly tarball no local data for esutils@https://registry.npmjs.org/esutils/-/esutils-2.0.3.tgz. Extracting by manifest.
1181 silly tarball no local data for esquery@https://registry.npmjs.org/esquery/-/esquery-1.7.0.tgz. Extracting by manifest.
1182 silly tarball no local data for espree@https://registry.npmjs.org/espree/-/espree-11.2.0.tgz. Extracting by manifest.
1183 silly tarball no local data for eslint-visitor-keys@https://registry.npmjs.org/eslint-visitor-keys/-/eslint-visitor-keys-5.0.1.tgz. Extracting by manifest.
1184 silly tarball no local data for eslint-scope@https://registry.npmjs.org/eslint-scope/-/eslint-scope-9.1.2.tgz. Extracting by manifest.
1185 silly tarball no local data for escape-string-regexp@https://registry.npmjs.org/escape-string-regexp/-/escape-string-regexp-4.0.0.tgz. Extracting by manifest.
1186 silly tarball no local data for cross-spawn@https://registry.npmjs.org/cross-spawn/-/cross-spawn-7.0.6.tgz. Extracting by manifest.
1187 silly tarball no local data for debug@https://registry.npmjs.org/debug/-/debug-4.4.3.tgz. Extracting by manifest.
1188 silly tarball no local data for ajv@https://registry.npmjs.org/ajv/-/ajv-6.15.0.tgz. Extracting by manifest.
1189 silly tarball no local data for @types/estree@https://registry.npmjs.org/@types/estree/-/estree-1.0.9.tgz. Extracting by manifest.
1190 silly tarball no local data for @humanwhocodes/module-importer@https://registry.npmjs.org/@humanwhocodes/module-importer/-/module-importer-1.0.1.tgz. Extracting by manifest.
1191 silly tarball no local data for @humanwhocodes/retry@https://registry.npmjs.org/@humanwhocodes/retry/-/retry-0.4.3.tgz. Extracting by manifest.
1192 silly tarball no local data for @humanfs/node@https://registry.npmjs.org/@humanfs/node/-/node-0.16.8.tgz. Extracting by manifest.
1193 silly tarball no local data for @eslint/plugin-kit@https://registry.npmjs.org/@eslint/plugin-kit/-/plugin-kit-0.7.3.tgz. Extracting by manifest.
1194 silly tarball no local data for @eslint/core@https://registry.npmjs.org/@eslint/core/-/core-1.2.1.tgz. Extracting by manifest.
1195 silly tarball no local data for @eslint/config-helpers@https://registry.npmjs.org/@eslint/config-helpers/-/config-helpers-0.7.0.tgz. Extracting by manifest.
1196 silly tarball no local data for @eslint/config-array@https://registry.npmjs.org/@eslint/config-array/-/config-array-0.23.5.tgz. Extracting by manifest.
1197 silly tarball no local data for @eslint-community/regexpp@https://registry.npmjs.org/@eslint-community/regexpp/-/regexpp-4.12.2.tgz. Extracting by manifest.
1198 silly tarball no local data for @eslint-community/eslint-utils@https://registry.npmjs.org/@eslint-community/eslint-utils/-/eslint-utils-4.10.1.tgz. Extracting by manifest.
1199 silly tarball no local data for @rolldown/pluginutils@https://registry.npmjs.org/@rolldown/pluginutils/-/pluginutils-1.0.1.tgz. Extracting by manifest.
1200 silly tarball no local data for csstype@https://registry.npmjs.org/csstype/-/csstype-3.2.3.tgz. Extracting by manifest.
1201 silly tarball no local data for react-dom@https://registry.npmjs.org/react-dom/-/react-dom-19.3.0.tgz. Extracting by manifest.
1202 silly tarball no local data for react@https://registry.npmjs.org/react/-/react-19.3.0.tgz. Extracting by manifest.
1203 silly tarball no local data for globals@https://registry.npmjs.org/globals/-/globals-17.13.0.tgz. Extracting by manifest.
1204 silly tarball no local data for eslint-plugin-react-refresh@https://registry.npmjs.org/eslint-plugin-react-refresh/-/eslint-plugin-react-refresh-0.5.7.tgz. Extracting by manifest.
1205 silly tarball no local data for eslint-plugin-react-hooks@https://registry.npmjs.org/eslint-plugin-react-hooks/-/eslint-plugin-react-hooks-7.1.1.tgz. Extracting by manifest.
1206 silly tarball no local data for eslint@https://registry.npmjs.org/eslint/-/eslint-10.11.0.tgz. Extracting by manifest.
1207 silly tarball no local data for vite@https://registry.npmjs.org/vite/-/vite-8.3.2.tgz. Extracting by manifest.
1208 silly tarball no local data for @vitejs/plugin-react@https://registry.npmjs.org/@vitejs/plugin-react/-/plugin-react-6.1.1.tgz. Extracting by manifest.
1209 silly tarball no local data for @types/react-dom@https://registry.npmjs.org/@types/react-dom/-/react-dom-19.3.0.tgz. Extracting by manifest.
1210 silly tarball no local data for @types/react@https://registry.npmjs.org/@types/react/-/react-19.3.0.tgz. Extracting by manifest.
1211 silly tarball no local data for @eslint/js@https://registry.npmjs.org/@eslint/js/-/js-10.0.1.tgz. Extracting by manifest.
1212 silly tarball no local data for hookified@https://registry.npmjs.org/hookified/-/hookified-2.2.0.tgz. Extracting by manifest.
1213 silly tarball no local data for eslint-visitor-keys@https://registry.npmjs.org/eslint-visitor-keys/-/eslint-visitor-keys-3.4.3.tgz. Extracting by manifest.
1214 http fetch POST 200 https://registry.npmjs.org/-/npm/v1/security/advisories/bulk 18784ms
1215 silly audit report {}
1216 http fetch GET 200 https://registry.npmjs.org/fdir/-/fdir-6.5.0.tgz 1847ms (cache miss)
1217 http fetch GET 200 https://registry.npmjs.org/isexe/-/isexe-2.0.0.tgz 1856ms (cache miss)
1218 http fetch GET 200 https://registry.npmjs.org/nanoid/-/nanoid-3.3.19.tgz 1850ms (cache miss)
1219 http fetch GET 200 https://registry.npmjs.org/escalade/-/escalade-3.2.0.tgz 1828ms (cache miss)
1220 http fetch GET 200 https://registry.npmjs.org/@oxc-project/types/-/types-0.152.0.tgz 1875ms (cache miss)
1221 http fetch GET 200 https://registry.npmjs.org/source-map-js/-/source-map-js-1.2.2.tgz 1967ms (cache miss)
1222 http fetch GET 200 https://registry.npmjs.org/shebang-regex/-/shebang-regex-3.0.0.tgz 1953ms (cache miss)
1223 http fetch GET 200 https://registry.npmjs.org/scheduler/-/scheduler-0.28.0.tgz 1963ms (cache miss)
1224 http fetch GET 200 https://registry.npmjs.org/yocto-queue/-/yocto-queue-0.1.0.tgz 2038ms (cache miss)
1225 http fetch GET 200 https://registry.npmjs.org/p-limit/-/p-limit-3.1.0.tgz 2046ms (cache miss)
1226 http fetch GET 200 https://registry.npmjs.org/word-wrap/-/word-wrap-1.2.5.tgz 2331ms (cache miss)
1227 http fetch GET 200 https://registry.npmjs.org/fast-levenshtein/-/fast-levenshtein-2.0.6.tgz 2339ms (cache miss)
1228 http fetch GET 200 https://registry.npmjs.org/deep-is/-/deep-is-0.1.4.tgz 2533ms (cache miss)
1229 http fetch GET 200 https://registry.npmjs.org/balanced-match/-/balanced-match-4.0.4.tgz 2541ms (cache miss)
1230 http fetch GET 200 https://registry.npmjs.org/yallist/-/yallist-3.1.1.tgz 2658ms (cache miss)
1231 http fetch GET 200 https://registry.npmjs.org/brace-expansion/-/brace-expansion-5.0.12.tgz 2776ms (cache miss)
1232 http fetch GET 200 https://registry.npmjs.org/type-check/-/type-check-0.4.0.tgz 2892ms (cache miss)
1233 http fetch GET 200 https://registry.npmjs.org/prelude-ls/-/prelude-ls-1.2.1.tgz 3137ms (cache miss)
1234 http fetch GET 200 https://registry.npmjs.org/is-extglob/-/is-extglob-2.1.1.tgz 3442ms (cache miss)
1235 http fetch GET 200 https://registry.npmjs.org/detect-libc/-/detect-libc-2.1.2.tgz 3657ms (cache miss)
1236 http fetch GET 200 https://registry.npmjs.org/tinyglobby/-/tinyglobby-0.2.17.tgz 3658ms (cache miss)
1237 http fetch GET 200 https://registry.npmjs.org/hermes-estree/-/hermes-estree-0.25.1.tgz 3613ms (cache miss)
1238 http fetch GET 200 https://registry.npmjs.org/@keyv/serialize/-/serialize-1.1.1.tgz 3835ms (cache miss)
1239 http fetch GET 200 https://registry.npmjs.org/punycode/-/punycode-2.3.1.tgz 3899ms (cache miss)
1240 http fetch GET 200 https://registry.npmjs.org/picomatch/-/picomatch-4.0.7.tgz 3917ms (cache miss)
1241 http fetch GET 200 https://registry.npmjs.org/hashery/-/hashery-1.5.1.tgz 3910ms (cache miss)
1242 http fetch GET 200 https://registry.npmjs.org/@keyv/bigmap/-/bigmap-1.3.1.tgz 4128ms (cache miss)
1243 http fetch GET 200 https://registry.npmjs.org/qified/-/qified-0.10.1.tgz 4128ms (cache miss)
1244 http fetch GET 200 https://registry.npmjs.org/keyv/-/keyv-5.6.0.tgz 4139ms (cache miss)
1245 http fetch GET 200 https://registry.npmjs.org/lightningcss/-/lightningcss-1.33.0.tgz 4338ms (cache miss)
1246 http fetch GET 200 https://registry.npmjs.org/p-locate/-/p-locate-5.0.0.tgz 4452ms (cache miss)
1247 http fetch GET 200 https://registry.npmjs.org/@cacheable/utils/-/utils-2.5.0.tgz 4524ms (cache miss)
1248 http fetch GET 200 https://registry.npmjs.org/hookified/-/hookified-1.15.1.tgz 4529ms (cache miss)
1249 http fetch GET 200 https://registry.npmjs.org/cacheable/-/cacheable-2.5.0.tgz 4527ms (cache miss)
1250 http fetch GET 200 https://registry.npmjs.org/path-exists/-/path-exists-4.0.0.tgz 4531ms (cache miss)
1251 http fetch GET 200 https://registry.npmjs.org/flatted/-/flatted-3.4.4.tgz 4548ms (cache miss)
1252 http fetch GET 200 https://registry.npmjs.org/@cacheable/memory/-/memory-2.2.0.tgz 4582ms (cache miss)
1253 http fetch GET 200 https://registry.npmjs.org/postcss/-/postcss-8.5.28.tgz 4689ms (cache miss)
1254 http fetch GET 200 https://registry.npmjs.org/locate-path/-/locate-path-6.0.0.tgz 4602ms (cache miss)
1255 http fetch GET 200 https://registry.npmjs.org/acorn-jsx/-/acorn-jsx-5.3.2.tgz 4661ms (cache miss)
1256 http fetch GET 200 https://registry.npmjs.org/flat-cache/-/flat-cache-6.1.23.tgz 4679ms (cache miss)
1257 http fetch GET 200 https://registry.npmjs.org/estraverse/-/estraverse-5.3.0.tgz 4812ms (cache miss)
1258 http fetch GET 200 https://registry.npmjs.org/esrecurse/-/esrecurse-4.3.0.tgz 4810ms (cache miss)
1259 http fetch GET 200 https://registry.npmjs.org/update-browserslist-db/-/update-browserslist-db-1.3.3.tgz 4829ms (cache miss)
1260 http fetch GET 200 https://registry.npmjs.org/node-releases/-/node-releases-2.0.57.tgz 4828ms (cache miss)
1261 http fetch GET 200 https://registry.npmjs.org/electron-to-chromium/-/electron-to-chromium-1.5.444.tgz 4858ms (cache miss)
1262 http fetch GET 200 https://registry.npmjs.org/rolldown/-/rolldown-1.2.12.tgz 5069ms (cache miss)
1263 http fetch GET 200 https://registry.npmjs.org/@types/esrecurse/-/esrecurse-4.3.1.tgz 5050ms (cache miss)
1264 http fetch GET 200 https://registry.npmjs.org/baseline-browser-mapping/-/baseline-browser-mapping-2.11.27.tgz 5027ms (cache miss)
1265 http fetch GET 200 https://registry.npmjs.org/@jridgewell/resolve-uri/-/resolve-uri-3.1.2.tgz 5065ms (cache miss)
1266 http fetch GET 200 https://registry.npmjs.org/@babel/helper-string-parser/-/helper-string-parser-7.29.7.tgz 5311ms (cache miss)
1267 http fetch GET 200 https://registry.npmjs.org/@babel/helper-globals/-/helper-globals-7.29.7.tgz 5325ms (cache miss)
1268 http fetch GET 200 https://registry.npmjs.org/acorn/-/acorn-8.18.0.tgz 5447ms (cache miss)
1269 http fetch GET 200 https://registry.npmjs.org/lru-cache/-/lru-cache-5.1.1.tgz 5393ms (cache miss)
1270 http fetch GET 200 https://registry.npmjs.org/@babel/helper-module-imports/-/helper-module-imports-7.29.7.tgz 5444ms (cache miss)
1271 http fetch GET 200 https://registry.npmjs.org/browserslist/-/browserslist-4.29.3.tgz 5482ms (cache miss)
1272 http fetch GET 200 https://registry.npmjs.org/@babel/helper-validator-option/-/helper-validator-option-7.29.7.tgz 5482ms (cache miss)
1273 http fetch GET 200 https://registry.npmjs.org/@babel/compat-data/-/compat-data-7.29.7.tgz 5518ms (cache miss)
1274 http fetch GET 200 https://registry.npmjs.org/@jridgewell/sourcemap-codec/-/sourcemap-codec-1.6.0.tgz 5555ms (cache miss)
1275 http fetch GET 200 https://registry.npmjs.org/jsesc/-/jsesc-3.1.0.tgz 5657ms (cache miss)
1276 http fetch GET 200 https://registry.npmjs.org/@jridgewell/trace-mapping/-/trace-mapping-0.3.31.tgz 5764ms (cache miss)
1277 http fetch GET 200 https://registry.npmjs.org/picocolors/-/picocolors-1.1.1.tgz 5873ms (cache miss)
1278 http fetch GET 200 https://registry.npmjs.org/js-tokens/-/js-tokens-4.0.0.tgz 5898ms (cache miss)
1279 http fetch GET 200 https://registry.npmjs.org/semver/-/semver-6.3.1.tgz 5975ms (cache miss)
1280 http fetch GET 200 https://registry.npmjs.org/@babel/helper-validator-identifier/-/helper-validator-identifier-7.29.7.tgz 5990ms (cache miss)
1281 http fetch GET 200 https://registry.npmjs.org/gensync/-/gensync-1.0.0-beta.2.tgz 5994ms (cache miss)
1282 http fetch GET 200 https://registry.npmjs.org/convert-source-map/-/convert-source-map-2.0.0.tgz 5994ms (cache miss)
1283 http fetch GET 200 https://registry.npmjs.org/json5/-/json5-2.2.3.tgz 6075ms (cache miss)
1284 http fetch GET 200 https://registry.npmjs.org/@jridgewell/gen-mapping/-/gen-mapping-0.3.13.tgz 6103ms (cache miss)
1285 http fetch GET 200 https://registry.npmjs.org/@jridgewell/remapping/-/remapping-2.3.5.tgz 6249ms (cache miss)
1286 http fetch GET 200 https://registry.npmjs.org/@babel/template/-/template-7.29.7.tgz 6503ms (cache miss)
1287 http fetch GET 200 https://registry.npmjs.org/@babel/helper-module-transforms/-/helper-module-transforms-7.29.7.tgz 6670ms (cache miss)
1288 http fetch GET 200 https://registry.npmjs.org/@babel/code-frame/-/code-frame-7.29.7.tgz 6863ms (cache miss)
1289 http fetch GET 200 https://registry.npmjs.org/zod-validation-error/-/zod-validation-error-4.0.2.tgz 6982ms (cache miss)
1290 http fetch GET 200 https://registry.npmjs.org/@babel/helper-compilation-targets/-/helper-compilation-targets-7.29.7.tgz 7707ms (cache miss)
1291 http fetch GET 200 https://registry.npmjs.org/ms/-/ms-2.1.3.tgz 7693ms (cache miss)
1292 http fetch GET 200 https://registry.npmjs.org/@babel/generator/-/generator-7.29.8.tgz 7820ms (cache miss)
1293 http fetch GET 200 https://registry.npmjs.org/which/-/which-2.0.2.tgz 7843ms (cache miss)
1294 http fetch GET 200 https://registry.npmjs.org/shebang-command/-/shebang-command-2.0.0.tgz 7931ms (cache miss)
1295 http fetch GET 200 https://registry.npmjs.org/json-schema-traverse/-/json-schema-traverse-0.4.1.tgz 8551ms (cache miss)
1296 http fetch GET 200 https://registry.npmjs.org/path-key/-/path-key-3.1.1.tgz 8579ms (cache miss)
1297 http fetch GET 200 https://registry.npmjs.org/fast-json-stable-stringify/-/fast-json-stable-stringify-2.1.0.tgz 8575ms (cache miss)
1298 http fetch GET 200 https://registry.npmjs.org/@babel/traverse/-/traverse-7.29.8.tgz 8791ms (cache miss)
1299 http fetch GET 200 https://registry.npmjs.org/@humanfs/core/-/core-0.19.2.tgz 8713ms (cache miss)
1300 http fetch GET 200 https://registry.npmjs.org/@babel/types/-/types-7.29.8.tgz 8946ms (cache miss)
1301 http fetch GET 200 https://registry.npmjs.org/uri-js/-/uri-js-4.4.1.tgz 8913ms (cache miss)
1302 http fetch GET 200 https://registry.npmjs.org/@humanfs/types/-/types-0.15.0.tgz 8976ms (cache miss)
1303 http fetch GET 200 https://registry.npmjs.org/levn/-/levn-0.4.1.tgz 9067ms (cache miss)
1304 http fetch GET 200 https://registry.npmjs.org/@types/json-schema/-/json-schema-7.0.15.tgz 9072ms (cache miss)
1305 http fetch GET 200 https://registry.npmjs.org/natural-compare/-/natural-compare-1.4.0.tgz 9079ms (cache miss)
1306 http fetch GET 200 https://registry.npmjs.org/@babel/parser/-/parser-7.29.9.tgz 9196ms (cache miss)
1307 http fetch GET 200 https://registry.npmjs.org/json-stable-stringify-without-jsonify/-/json-stable-stringify-without-jsonify-1.0.1.tgz 9135ms (cache miss)
1308 http fetch GET 200 https://registry.npmjs.org/caniuse-lite/-/caniuse-lite-1.0.30001814.tgz 9416ms (cache miss)
1309 http fetch GET 200 https://registry.npmjs.org/@eslint/object-schema/-/object-schema-3.0.5.tgz 9296ms (cache miss)
1310 http fetch GET 200 https://registry.npmjs.org/imurmurhash/-/imurmurhash-0.1.4.tgz 9305ms (cache miss)
1311 http fetch GET 200 https://registry.npmjs.org/is-glob/-/is-glob-4.0.3.tgz 9403ms (cache miss)
1312 http fetch GET 200 https://registry.npmjs.org/ignore/-/ignore-5.3.2.tgz 9411ms (cache miss)
1313 http fetch GET 200 https://registry.npmjs.org/glob-parent/-/glob-parent-6.0.2.tgz 9404ms (cache miss)
1314 http fetch GET 200 https://registry.npmjs.org/find-up/-/find-up-5.0.0.tgz 9417ms (cache miss)
1315 http fetch GET 200 https://registry.npmjs.org/file-entry-cache/-/file-entry-cache-11.1.5.tgz 9488ms (cache miss)
1316 http fetch GET 200 https://registry.npmjs.org/hermes-parser/-/hermes-parser-0.25.1.tgz 9641ms (cache miss)
1317 http fetch GET 200 https://registry.npmjs.org/fast-deep-equal/-/fast-deep-equal-3.1.3.tgz 9756ms (cache miss)
1318 http fetch GET 200 https://registry.npmjs.org/esutils/-/esutils-2.0.3.tgz 9762ms (cache miss)
1319 http fetch GET 200 https://registry.npmjs.org/eslint-visitor-keys/-/eslint-visitor-keys-5.0.1.tgz 9812ms (cache miss)
1320 http fetch GET 200 https://registry.npmjs.org/escape-string-regexp/-/escape-string-regexp-4.0.0.tgz 9868ms (cache miss)
1321 http fetch GET 200 https://registry.npmjs.org/espree/-/espree-11.2.0.tgz 9886ms (cache miss)
1322 http fetch GET 200 https://registry.npmjs.org/cross-spawn/-/cross-spawn-7.0.6.tgz 9948ms (cache miss)
1323 http fetch GET 200 https://registry.npmjs.org/optionator/-/optionator-0.9.4.tgz 10079ms (cache miss)
1324 http fetch GET 200 https://registry.npmjs.org/eslint-scope/-/eslint-scope-9.1.2.tgz 10013ms (cache miss)
1325 http fetch GET 200 https://registry.npmjs.org/@babel/helpers/-/helpers-7.29.7.tgz 10202ms (cache miss)
1326 http fetch GET 200 https://registry.npmjs.org/@types/estree/-/estree-1.0.9.tgz 10480ms (cache miss)
1327 http fetch GET 200 https://registry.npmjs.org/debug/-/debug-4.4.3.tgz 10493ms (cache miss)
1328 http fetch GET 200 https://registry.npmjs.org/@humanwhocodes/module-importer/-/module-importer-1.0.1.tgz 10525ms (cache miss)
1329 http fetch GET 200 https://registry.npmjs.org/@humanwhocodes/retry/-/retry-0.4.3.tgz 10578ms (cache miss)
1330 http fetch GET 200 https://registry.npmjs.org/minimatch/-/minimatch-10.2.6.tgz 10729ms (cache miss)
1331 http fetch GET 200 https://registry.npmjs.org/@humanfs/node/-/node-0.16.8.tgz 10857ms (cache miss)
1332 http fetch GET 200 https://registry.npmjs.org/@eslint/plugin-kit/-/plugin-kit-0.7.3.tgz 11261ms (cache miss)
1333 http fetch GET 200 https://registry.npmjs.org/@rolldown/pluginutils/-/pluginutils-1.0.1.tgz 11499ms (cache miss)
1334 http fetch GET 200 https://registry.npmjs.org/@eslint/config-array/-/config-array-0.23.5.tgz 11561ms (cache miss)
1335 http fetch GET 200 https://registry.npmjs.org/@eslint-community/eslint-utils/-/eslint-utils-4.10.1.tgz 11659ms (cache miss)
1336 http fetch GET 200 https://registry.npmjs.org/eslint-plugin-react-refresh/-/eslint-plugin-react-refresh-0.5.7.tgz 11991ms (cache miss)
1337 http fetch GET 200 https://registry.npmjs.org/@eslint/core/-/core-1.2.1.tgz 12050ms (cache miss)
1338 http fetch GET 200 https://registry.npmjs.org/globals/-/globals-17.13.0.tgz 12007ms (cache miss)
1339 http fetch GET 200 https://registry.npmjs.org/react/-/react-19.3.0.tgz 12037ms (cache miss)
1340 http fetch GET 200 https://registry.npmjs.org/@eslint-community/regexpp/-/regexpp-4.12.2.tgz 12425ms (cache miss)
1341 http fetch GET 200 https://registry.npmjs.org/esquery/-/esquery-1.7.0.tgz 12528ms (cache miss)
1342 http fetch GET 200 https://registry.npmjs.org/@eslint/config-helpers/-/config-helpers-0.7.0.tgz 12795ms (cache miss)
1343 http fetch GET 200 https://registry.npmjs.org/@vitejs/plugin-react/-/plugin-react-6.1.1.tgz 12761ms (cache miss)
1344 http fetch GET 200 https://registry.npmjs.org/@babel/core/-/core-7.29.7.tgz 13060ms (cache miss)
1345 http fetch GET 200 https://registry.npmjs.org/@types/react-dom/-/react-dom-19.3.0.tgz 13118ms (cache miss)
1346 http fetch GET 200 https://registry.npmjs.org/eslint-plugin-react-hooks/-/eslint-plugin-react-hooks-7.1.1.tgz 13685ms (cache miss)
1347 http fetch GET 200 https://registry.npmjs.org/@eslint/js/-/js-10.0.1.tgz 13713ms (cache miss)
1348 http fetch GET 200 https://registry.npmjs.org/ajv/-/ajv-6.15.0.tgz 14218ms (cache miss)
1349 http fetch GET 200 https://registry.npmjs.org/csstype/-/csstype-3.2.3.tgz 14465ms (cache miss)
1350 http fetch GET 200 https://registry.npmjs.org/@rolldown/binding-android-arm64/-/binding-android-arm64-1.2.12.tgz 15364ms (cache miss)
1351 http fetch GET 200 https://registry.npmjs.org/eslint-visitor-keys/-/eslint-visitor-keys-3.4.3.tgz 14725ms (cache miss)
1352 http fetch GET 200 https://registry.npmjs.org/@types/react/-/react-19.3.0.tgz 14794ms (cache miss)
1353 http fetch GET 200 https://registry.npmjs.org/react-dom/-/react-dom-19.3.0.tgz 15577ms (cache miss)
1354 http fetch GET 200 https://registry.npmjs.org/eslint/-/eslint-10.11.0.tgz 16083ms (cache miss)
1355 http fetch GET 200 https://registry.npmjs.org/zod/-/zod-4.6.5.tgz 16755ms (cache miss)
1356 http fetch GET 200 https://registry.npmjs.org/vite/-/vite-8.3.2.tgz 16513ms (cache miss)
1357 http fetch GET 200 https://registry.npmjs.org/hookified/-/hookified-2.2.0.tgz 17495ms (cache miss)
1358 http fetch GET 200 https://registry.npmjs.org/lightningcss-android-arm64/-/lightningcss-android-arm64-1.33.0.tgz 22407ms (cache miss)
1359 silly ADD node_modules/isexe
1360 silly ADD node_modules/fdir
1361 silly ADD node_modules/@rolldown/binding-android-arm64
1362 silly ADD node_modules/@oxc-project/types
1363 silly ADD node_modules/source-map-js
1364 silly ADD node_modules/nanoid
1365 silly ADD node_modules/lightningcss-android-arm64
1366 silly ADD node_modules/detect-libc
1367 silly ADD node_modules/tinyglobby
1368 silly ADD node_modules/rolldown
1369 silly ADD node_modules/postcss
1370 silly ADD node_modules/picomatch
1371 silly ADD node_modules/lightningcss
1372 silly ADD node_modules/punycode
1373 silly ADD node_modules/escalade
1374 silly ADD node_modules/shebang-regex
1375 silly ADD node_modules/scheduler
1376 silly ADD node_modules/yocto-queue
1377 silly ADD node_modules/p-limit
1378 silly ADD node_modules/word-wrap
1379 silly ADD node_modules/fast-levenshtein
1380 silly ADD node_modules/deep-is
1381 silly ADD node_modules/balanced-match
1382 silly ADD node_modules/brace-expansion
1383 silly ADD node_modules/yallist
1384 silly ADD node_modules/p-locate
1385 silly ADD node_modules/type-check
1386 silly ADD node_modules/prelude-ls
1387 silly ADD node_modules/@keyv/serialize
1388 silly ADD node_modules/is-extglob
1389 silly ADD node_modules/hermes-estree
1390 silly ADD node_modules/hashery
1391 silly ADD node_modules/@keyv/bigmap
1392 silly ADD node_modules/qified
1393 silly ADD node_modules/qified/node_modules/hookified
1394 silly ADD node_modules/keyv
1395 silly ADD node_modules/@cacheable/utils
1396 silly ADD node_modules/@cacheable/memory
1397 silly ADD node_modules/hookified
1398 silly ADD node_modules/flatted
1399 silly ADD node_modules/cacheable
1400 silly ADD node_modules/path-exists
1401 silly ADD node_modules/locate-path
1402 silly ADD node_modules/flat-cache
1403 silly ADD node_modules/acorn-jsx
1404 silly ADD node_modules/acorn
1405 silly ADD node_modules/estraverse
1406 silly ADD node_modules/esrecurse
1407 silly ADD node_modules/@types/esrecurse
1408 silly ADD node_modules/update-browserslist-db
1409 silly ADD node_modules/node-releases
1410 silly ADD node_modules/electron-to-chromium
1411 silly ADD node_modules/caniuse-lite
1412 silly ADD node_modules/baseline-browser-mapping
1413 silly ADD node_modules/@jridgewell/resolve-uri
1414 silly ADD node_modules/@jridgewell/sourcemap-codec
1415 silly ADD node_modules/@babel/helper-string-parser
1416 silly ADD node_modules/@babel/helper-globals
1417 silly ADD node_modules/@babel/helper-module-imports
1418 silly ADD node_modules/lru-cache
1419 silly ADD node_modules/browserslist
1420 silly ADD node_modules/@babel/helper-validator-option
1421 silly ADD node_modules/@babel/compat-data
1422 silly ADD node_modules/jsesc
1423 silly ADD node_modules/@jridgewell/trace-mapping
1424 silly ADD node_modules/@jridgewell/gen-mapping
1425 silly ADD node_modules/picocolors
1426 silly ADD node_modules/js-tokens
1427 silly ADD node_modules/@babel/helper-validator-identifier
1428 silly ADD node_modules/semver
1429 silly ADD node_modules/json5
1430 silly ADD node_modules/gensync
1431 silly ADD node_modules/convert-source-map
1432 silly ADD node_modules/@jridgewell/remapping
1433 silly ADD node_modules/@babel/types
1434 silly ADD node_modules/@babel/traverse
1435 silly ADD node_modules/@babel/template
1436 silly ADD node_modules/@babel/helpers
1437 silly ADD node_modules/@babel/helper-module-transforms
1438 silly ADD node_modules/@babel/helper-compilation-targets
1439 silly ADD node_modules/@babel/generator
1440 silly ADD node_modules/@babel/code-frame
1441 silly ADD node_modules/zod-validation-error
1442 silly ADD node_modules/zod
1443 silly ADD node_modules/hermes-parser
1444 silly ADD node_modules/@babel/parser
1445 silly ADD node_modules/@babel/core
1446 silly ADD node_modules/ms
1447 silly ADD node_modules/which
1448 silly ADD node_modules/shebang-command
1449 silly ADD node_modules/path-key
1450 silly ADD node_modules/uri-js
1451 silly ADD node_modules/json-schema-traverse
1452 silly ADD node_modules/fast-json-stable-stringify
1453 silly ADD node_modules/@humanfs/types
1454 silly ADD node_modules/@humanfs/core
1455 silly ADD node_modules/levn
1456 silly ADD node_modules/@types/json-schema
1457 silly ADD node_modules/@eslint/object-schema
1458 silly ADD node_modules/optionator
1459 silly ADD node_modules/natural-compare
1460 silly ADD node_modules/minimatch
1461 silly ADD node_modules/json-stable-stringify-without-jsonify
1462 silly ADD node_modules/is-glob
1463 silly ADD node_modules/imurmurhash
1464 silly ADD node_modules/ignore
1465 silly ADD node_modules/glob-parent
1466 silly ADD node_modules/find-up
1467 silly ADD node_modules/file-entry-cache
1468 silly ADD node_modules/fast-deep-equal
1469 silly ADD node_modules/esutils
1470 silly ADD node_modules/esquery
1471 silly ADD node_modules/espree
1472 silly ADD node_modules/eslint-visitor-keys
1473 silly ADD node_modules/eslint-scope
1474 silly ADD node_modules/escape-string-regexp
1475 silly ADD node_modules/debug
1476 silly ADD node_modules/cross-spawn
1477 silly ADD node_modules/ajv
1478 silly ADD node_modules/@types/estree
1479 silly ADD node_modules/@humanwhocodes/retry
1480 silly ADD node_modules/@humanwhocodes/module-importer
1481 silly ADD node_modules/@humanfs/node
1482 silly ADD node_modules/@eslint/plugin-kit
1483 silly ADD node_modules/@eslint/core
1484 silly ADD node_modules/@eslint/config-helpers
1485 silly ADD node_modules/@eslint/config-array
1486 silly ADD node_modules/@eslint-community/regexpp
1487 silly ADD node_modules/@eslint-community/eslint-utils
1488 silly ADD node_modules/@eslint-community/eslint-utils/node_modules/eslint-visitor-keys
1489 silly ADD node_modules/@rolldown/pluginutils
1490 silly ADD node_modules/csstype
1491 silly ADD node_modules/react-dom
1492 silly ADD node_modules/react
1493 silly ADD node_modules/globals
1494 silly ADD node_modules/eslint-plugin-react-refresh
1495 silly ADD node_modules/eslint-plugin-react-hooks
1496 silly ADD node_modules/eslint
1497 silly ADD node_modules/vite
1498 silly ADD node_modules/@vitejs/plugin-react
1499 silly ADD node_modules/@types/react-dom
1500 silly ADD node_modules/@types/react
1501 silly ADD node_modules/@eslint/js
1502 verbose cwd /data/data/com.termux/files/home/todo-frontend
1503 verbose os Linux 6.6.82-android15-8-g076ac12bde16-ab13715361-4k
1504 verbose node v26.4.0
1505 verbose npm  v11.20.0
1506 verbose exit 0
1507 info ok
