2026-10-02 09:20:56.773 [info] [main] Log level: Info
2026-10-02 09:20:56.773 [info] [main] Validating found git in: "git"
2026-10-02 09:20:56.773 [info] [main] Using git "2.55.0" from "git"
2026-10-02 09:20:56.773 [info] [Model][doInitialScan] Initial repository scan started
2026-10-02 09:20:56.773 [info] > git rev-parse --show-toplevel [36ms]
2026-10-02 09:20:56.773 [info] > git rev-parse --git-dir --git-common-dir --show-superproject-working-tree [56ms]
2026-10-02 09:20:57.532 [info] [Model][openRepository] Opened repository (path): /data/data/com.termux/files/home
2026-10-02 09:20:57.532 [info] [Model][openRepository] Opened repository (real path): /data/data/com.termux/files/home
2026-10-02 09:20:57.532 [info] [Model][openRepository] Opened repository (kind): repository
2026-10-02 09:20:57.668 [info] > git config --get commit.template [40ms]
2026-10-02 09:20:57.671 [info] > git config --get --local core.virtualfilesystem [85ms]
2026-10-02 09:20:57.672 [warning] [Git][config] git config failed: Failed to execute git
2026-10-02 09:20:57.711 [info] > git rev-parse --show-toplevel [53ms]
2026-10-02 09:20:57.752 [info] > git for-each-ref --format=%(refname)%00%(upstream:short)%00%(objectname)%00%(upstream:track)%00%(upstream:remotename)%00%(upstream:remoteref) refs/heads/main refs/remotes/main [46ms]
2026-10-02 09:20:57.847 [info] > git status -z -uall [49ms]
2026-10-02 09:20:57.858 [info] > git rev-parse --show-toplevel [110ms]
2026-10-02 09:20:57.896 [info] > git for-each-ref --sort -committerdate --format %(refname)%00%(objectname)%00%(*objectname) [60ms]
2026-10-02 09:20:58.288 [info] > git for-each-ref --format=%(refname)%00%(upstream:short)%00%(objectname)%00%(upstream:track)%00%(upstream:remotename)%00%(upstream:remoteref) refs/heads/main refs/remotes/main [248ms]
2026-10-02 09:20:58.334 [info] > git rev-parse --show-toplevel [441ms]
2026-10-02 09:20:58.384 [info] > git config --get commit.template [104ms]
2026-10-02 09:20:58.443 [info] > git config --get --local branch.main.vscode-merge-base [112ms]
2026-10-02 09:20:58.489 [info] > git rev-parse --show-toplevel [110ms]
2026-10-02 09:20:58.501 [info] > git for-each-ref --format=%(refname)%00%(upstream:short)%00%(objectname)%00%(upstream:track)%00%(upstream:remotename)%00%(upstream:remoteref) refs/heads/main refs/remotes/main [71ms]
2026-10-02 09:20:58.545 [info] > git for-each-ref --format=%(refname)%00%(upstream:short)%00%(objectname)%00%(upstream:track)%00%(upstream:remotename)%00%(upstream:remoteref) refs/heads/origin/main refs/remotes/origin/main [62ms]
2026-10-02 09:20:58.711 [info] > git rev-parse --show-toplevel [175ms]
2026-10-02 09:20:58.748 [info] > git status -z -uall [91ms]
2026-10-02 09:20:58.761 [info] > git merge-base refs/heads/main refs/remotes/origin/main [163ms]
2026-10-02 09:20:58.801 [info] > git for-each-ref --sort -committerdate --format %(refname)%00%(objectname)%00%(*objectname) [94ms]
2026-10-02 09:20:58.871 [info] > git diff --raw --numstat --diff-filter=ADMR -z --find-renames=50% 04420342cdb264a57e982cdf35d71d46c17582fe...refs/remotes/origin/main -- [73ms]
2026-10-02 09:20:58.875 [info] > git rev-parse --show-toplevel [130ms]
2026-10-02 09:20:58.891 [info] [Model][doInitialScan] Initial repository scan completed - repositories (1), closed repositories (0), parent repositories (0), unsafe repositories (0)
2026-10-02 09:20:58.898 [info] > git merge-base refs/heads/main refs/remotes/origin/main [41ms]
2026-10-02 09:20:59.131 [info] > git diff --raw --numstat --diff-filter=ADMR -z --find-renames=50% 04420342cdb264a57e982cdf35d71d46c17582fe...refs/remotes/origin/main -- [192ms]
2026-10-02 09:20:59.880 [info] > git check-ignore -v -z --stdin [27ms]
2026-10-02 09:21:01.523 [info] > git check-ignore -v -z --stdin [14ms]
2026-10-02 09:21:02.959 [info] > git config --get commit.template [66ms]
2026-10-02 09:21:02.969 [info] > git for-each-ref --format=%(refname)%00%(upstream:short)%00%(objectname)%00%(upstream:track)%00%(upstream:remotename)%00%(upstream:remoteref) refs/heads/main refs/remotes/main [18ms]
2026-10-02 09:21:03.093 [info] > git status -z -uall [78ms]
2026-10-02 09:21:03.139 [info] > git for-each-ref --sort -committerdate --format %(refname)%00%(objectname)%00%(*objectname) [79ms]
2026-10-02 09:21:03.805 [info] > git show --textconv :README.md [505ms]
2026-10-02 09:21:03.813 [info] > git ls-files --stage -- README.md [449ms]
2026-10-02 09:21:03.901 [info] > git cat-file -s 1b2106812a726fe8b72154d6477605aa445e23bd [36ms]
2026-10-02 09:21:04.652 [info] > git check-ignore -v -z --stdin [71ms]
2026-10-02 09:21:04.681 [info] > git -c i18n.logOutputEncoding=UTF-8 blame --root --incremental 04420342cdb264a57e982cdf35d71d46c17582fe -- README.md [32ms]
2026-10-02 09:21:05.950 [info] > git check-ignore -v -z --stdin [17ms]
2026-10-02 09:57:17.602 [info] > git config --get commit.template [38ms]
2026-10-02 09:57:17.628 [info] > git for-each-ref --format=%(refname)%00%(upstream:short)%00%(objectname)%00%(upstream:track)%00%(upstream:remotename)%00%(upstream:remoteref) refs/heads/main refs/remotes/main [31ms]
2026-10-02 09:57:17.705 [info] > git for-each-ref --sort -committerdate --format %(refname)%00%(objectname)%00%(*objectname) [19ms]
2026-10-02 09:57:17.971 [info] > git status -z -uall [312ms]
2026-10-02 09:57:19.187 [info] > git check-ignore -v -z --stdin [26ms]
2026-10-02 09:57:19.615 [info] > git check-ignore -v -z --stdin [16ms]
2026-10-02 09:57:22.010 [info] > git check-ignore -v -z --stdin [19ms]
2026-10-02 09:57:23.184 [info] > git config --get commit.template [48ms]
2026-10-02 09:57:23.194 [info] > git for-each-ref --format=%(refname)%00%(upstream:short)%00%(objectname)%00%(upstream:track)%00%(upstream:remotename)%00%(upstream:remoteref) refs/heads/main refs/remotes/main [20ms]
2026-10-02 09:57:23.297 [info] > git status -z -uall [60ms]
2026-10-02 09:57:23.324 [info] > git for-each-ref --sort -committerdate --format %(refname)%00%(objectname)%00%(*objectname) [44ms]
2026-10-02 09:57:24.672 [info] > git check-ignore -v -z --stdin [17ms]
2026-10-02 09:57:28.480 [info] > git config --get commit.template [48ms]
2026-10-02 09:57:28.494 [info] > git for-each-ref --format=%(refname)%00%(upstream:short)%00%(objectname)%00%(upstream:track)%00%(upstream:remotename)%00%(upstream:remoteref) refs/heads/main refs/remotes/main [23ms]
2026-10-02 09:57:28.591 [info] > git status -z -uall [56ms]
2026-10-02 09:57:28.607 [info] > git for-each-ref --sort -committerdate --format %(refname)%00%(objectname)%00%(*objectname) [31ms]
2026-10-02 09:57:29.943 [info] > git check-ignore -v -z --stdin [18ms]
2026-10-02 09:57:33.785 [info] > git config --get commit.template [51ms]
2026-10-02 09:57:33.800 [info] > git for-each-ref --format=%(refname)%00%(upstream:short)%00%(objectname)%00%(upstream:track)%00%(upstream:remotename)%00%(upstream:remoteref) refs/heads/main refs/remotes/main [21ms]
2026-10-02 09:57:33.901 [info] > git status -z -uall [56ms]
2026-10-02 09:57:33.917 [info] > git for-each-ref --sort -committerdate --format %(refname)%00%(objectname)%00%(*objectname) [28ms]
2026-10-02 09:57:35.268 [info] > git check-ignore -v -z --stdin [20ms]
2026-10-02 09:57:39.081 [info] > git config --get commit.template [49ms]
2026-10-02 09:57:39.098 [info] > git for-each-ref --format=%(refname)%00%(upstream:short)%00%(objectname)%00%(upstream:track)%00%(upstream:remotename)%00%(upstream:remoteref) refs/heads/main refs/remotes/main [22ms]
2026-10-02 09:57:39.206 [info] > git status -z -uall [59ms]
2026-10-02 09:57:39.221 [info] > git for-each-ref --sort -committerdate --format %(refname)%00%(objectname)%00%(*objectname) [25ms]
2026-10-02 09:57:40.578 [info] > git check-ignore -v -z --stdin [17ms]
2026-10-02 09:57:44.381 [info] > git config --get commit.template [50ms]
2026-10-02 09:57:44.396 [info] > git for-each-ref --format=%(refname)%00%(upstream:short)%00%(objectname)%00%(upstream:track)%00%(upstream:remotename)%00%(upstream:remoteref) refs/heads/main refs/remotes/main [20ms]
2026-10-02 09:57:44.560 [info] > git status -z -uall [112ms]
2026-10-02 09:57:44.588 [info] > git for-each-ref --sort -committerdate --format %(refname)%00%(objectname)%00%(*objectname) [49ms]
2026-10-02 09:57:45.947 [info] > git check-ignore -v -z --stdin [14ms]
2026-10-02 09:58:15.101 [info] > git config --get commit.template [49ms]
2026-10-02 09:58:15.119 [info] > git for-each-ref --format=%(refname)%00%(upstream:short)%00%(objectname)%00%(upstream:track)%00%(upstream:remotename)%00%(upstream:remoteref) refs/heads/main refs/remotes/main [21ms]
2026-10-02 09:58:15.232 [info] > git status -z -uall [60ms]
2026-10-02 09:58:15.246 [info] > git for-each-ref --sort -committerdate --format %(refname)%00%(objectname)%00%(*objectname) [25ms]
2026-10-02 09:58:16.697 [info] > git check-ignore -v -z --stdin [20ms]
2026-10-02 09:58:20.436 [info] > git config --get commit.template [68ms]
2026-10-02 09:58:20.452 [info] > git for-each-ref --format=%(refname)%00%(upstream:short)%00%(objectname)%00%(upstream:track)%00%(upstream:remotename)%00%(upstream:remoteref) refs/heads/main refs/remotes/main [22ms]
2026-10-02 09:58:20.580 [info] > git status -z -uall [67ms]
2026-10-02 09:58:20.595 [info] > git for-each-ref --sort -committerdate --format %(refname)%00%(objectname)%00%(*objectname) [25ms]
2026-10-02 09:58:25.791 [info] > git config --get commit.template [66ms]
2026-10-02 09:58:25.808 [info] > git for-each-ref --format=%(refname)%00%(upstream:short)%00%(objectname)%00%(upstream:track)%00%(upstream:remotename)%00%(upstream:remoteref) refs/heads/main refs/remotes/main [24ms]
2026-10-02 09:58:25.925 [info] > git status -z -uall [63ms]
2026-10-02 09:58:25.939 [info] > git for-each-ref --sort -committerdate --format %(refname)%00%(objectname)%00%(*objectname) [23ms]
2026-10-02 09:58:31.131 [info] > git config --get commit.template [68ms]
2026-10-02 09:58:31.147 [info] > git for-each-ref --format=%(refname)%00%(upstream:short)%00%(objectname)%00%(upstream:track)%00%(upstream:remotename)%00%(upstream:remoteref) refs/heads/main refs/remotes/main [23ms]
2026-10-02 09:58:31.270 [info] > git status -z -uall [59ms]
2026-10-02 09:58:31.282 [info] > git for-each-ref --sort -committerdate --format %(refname)%00%(objectname)%00%(*objectname) [19ms]
2026-10-02 09:58:48.513 [info] > git config --get commit.template [84ms]
2026-10-02 09:58:48.532 [info] > git for-each-ref --format=%(refname)%00%(upstream:short)%00%(objectname)%00%(upstream:track)%00%(upstream:remotename)%00%(upstream:remoteref) refs/heads/main refs/remotes/main [27ms]
2026-10-02 09:58:48.694 [info] > git status -z -uall [88ms]
2026-10-02 09:58:48.735 [info] > git for-each-ref --sort -committerdate --format %(refname)%00%(objectname)%00%(*objectname) [70ms]
2026-10-02 09:58:53.957 [info] > git config --get commit.template [62ms]
2026-10-02 09:58:53.964 [info] > git for-each-ref --format=%(refname)%00%(upstream:short)%00%(objectname)%00%(upstream:track)%00%(upstream:remotename)%00%(upstream:remoteref) refs/heads/main refs/remotes/main [19ms]
2026-10-02 09:58:54.103 [info] > git status -z -uall [77ms]
2026-10-02 09:58:54.128 [info] > git for-each-ref --sort -committerdate --format %(refname)%00%(objectname)%00%(*objectname) [36ms]
2026-10-02 09:58:59.308 [info] > git config --get commit.template [55ms]
2026-10-02 09:58:59.322 [info] > git for-each-ref --format=%(refname)%00%(upstream:short)%00%(objectname)%00%(upstream:track)%00%(upstream:remotename)%00%(upstream:remoteref) refs/heads/main refs/remotes/main [18ms]
2026-10-02 09:58:59.463 [info] > git status -z -uall [89ms]
2026-10-02 09:58:59.490 [info] > git for-each-ref --sort -committerdate --format %(refname)%00%(objectname)%00%(*objectname) [57ms]
2026-10-02 09:59:04.770 [info] > git config --get commit.template [155ms]
2026-10-02 09:59:04.816 [info] > git for-each-ref --format=%(refname)%00%(upstream:short)%00%(objectname)%00%(upstream:track)%00%(upstream:remotename)%00%(upstream:remoteref) refs/heads/main refs/remotes/main [65ms]
2026-10-02 09:59:05.073 [info] > git status -z -uall [93ms]
2026-10-02 09:59:05.088 [info] > git for-each-ref --sort -committerdate --format %(refname)%00%(objectname)%00%(*objectname) [30ms]
2026-10-02 09:59:19.708 [info] > git config --get commit.template [67ms]
2026-10-02 09:59:19.723 [info] > git for-each-ref --format=%(refname)%00%(upstream:short)%00%(objectname)%00%(upstream:track)%00%(upstream:remotename)%00%(upstream:remoteref) refs/heads/main refs/remotes/main [19ms]
2026-10-02 09:59:19.850 [info] > git status -z -uall [66ms]
2026-10-02 09:59:19.877 [info] > git for-each-ref --sort -committerdate --format %(refname)%00%(objectname)%00%(*objectname) [35ms]
2026-10-02 09:59:25.113 [info] > git config --get commit.template [65ms]
2026-10-02 09:59:25.132 [info] > git for-each-ref --format=%(refname)%00%(upstream:short)%00%(objectname)%00%(upstream:track)%00%(upstream:remotename)%00%(upstream:remoteref) refs/heads/main refs/remotes/main [23ms]
2026-10-02 09:59:25.268 [info] > git status -z -uall [64ms]
2026-10-02 09:59:25.314 [info] > git for-each-ref --sort -committerdate --format %(refname)%00%(objectname)%00%(*objectname) [55ms]
2026-10-02 09:59:40.318 [info] > git config --get commit.template [84ms]
2026-10-02 09:59:40.326 [info] > git for-each-ref --format=%(refname)%00%(upstream:short)%00%(objectname)%00%(upstream:track)%00%(upstream:remotename)%00%(upstream:remoteref) refs/heads/main refs/remotes/main [24ms]
2026-10-02 09:59:40.460 [info] > git status -z -uall [76ms]
2026-10-02 09:59:40.479 [info] > git for-each-ref --sort -committerdate --format %(refname)%00%(objectname)%00%(*objectname) [35ms]
2026-10-02 09:59:44.283 [info] > git check-ignore -v -z --stdin [17ms]
2026-10-02 09:59:45.414 [info] > git check-ignore -v -z --stdin [17ms]
2026-10-02 09:59:45.655 [info] > git config --get commit.template [59ms]
2026-10-02 09:59:45.670 [info] > git for-each-ref --format=%(refname)%00%(upstream:short)%00%(objectname)%00%(upstream:track)%00%(upstream:remotename)%00%(upstream:remoteref) refs/heads/main refs/remotes/main [19ms]
2026-10-02 09:59:45.789 [info] > git status -z -uall [60ms]
2026-10-02 09:59:45.808 [info] > git for-each-ref --sort -committerdate --format %(refname)%00%(objectname)%00%(*objectname) [28ms]
2026-10-02 09:59:47.447 [info] > git check-ignore -v -z --stdin [16ms]
2026-10-02 09:59:51.001 [info] > git config --get commit.template [59ms]
2026-10-02 09:59:51.015 [info] > git for-each-ref --format=%(refname)%00%(upstream:short)%00%(objectname)%00%(upstream:track)%00%(upstream:remotename)%00%(upstream:remoteref) refs/heads/main refs/remotes/main [18ms]
2026-10-02 09:59:51.131 [info] > git status -z -uall [65ms]
2026-10-02 09:59:51.144 [info] > git for-each-ref --sort -committerdate --format %(refname)%00%(objectname)%00%(*objectname) [22ms]
2026-10-02 09:59:56.310 [info] > git config --get commit.template [51ms]
2026-10-02 09:59:56.324 [info] > git for-each-ref --format=%(refname)%00%(upstream:short)%00%(objectname)%00%(upstream:track)%00%(upstream:remotename)%00%(upstream:remoteref) refs/heads/main refs/remotes/main [18ms]
2026-10-02 09:59:56.423 [info] > git status -z -uall [55ms]
2026-10-02 09:59:56.444 [info] > git for-each-ref --sort -committerdate --format %(refname)%00%(objectname)%00%(*objectname) [31ms]
2026-10-02 10:00:01.624 [info] > git config --get commit.template [58ms]
2026-10-02 10:00:01.639 [info] > git for-each-ref --format=%(refname)%00%(upstream:short)%00%(objectname)%00%(upstream:track)%00%(upstream:remotename)%00%(upstream:remoteref) refs/heads/main refs/remotes/main [20ms]
2026-10-02 10:00:01.759 [info] > git status -z -uall [63ms]
2026-10-02 10:00:01.771 [info] > git for-each-ref --sort -committerdate --format %(refname)%00%(objectname)%00%(*objectname) [22ms]
2026-10-02 10:00:26.180 [info] > git config --get commit.template [120ms]
2026-10-02 10:00:26.208 [info] > git for-each-ref --format=%(refname)%00%(upstream:short)%00%(objectname)%00%(upstream:track)%00%(upstream:remotename)%00%(upstream:remoteref) refs/heads/main refs/remotes/main [43ms]
2026-10-02 10:00:26.388 [info] > git status -z -uall [96ms]
2026-10-02 10:00:26.416 [info] > git for-each-ref --sort -committerdate --format %(refname)%00%(objectname)%00%(*objectname) [52ms]
2026-10-02 10:00:31.638 [info] > git config --get commit.template [74ms]
2026-10-02 10:00:31.652 [info] > git for-each-ref --format=%(refname)%00%(upstream:short)%00%(objectname)%00%(upstream:track)%00%(upstream:remotename)%00%(upstream:remoteref) refs/heads/main refs/remotes/main [22ms]
2026-10-02 10:00:31.795 [info] > git status -z -uall [77ms]
2026-10-02 10:00:31.808 [info] > git for-each-ref --sort -committerdate --format %(refname)%00%(objectname)%00%(*objectname) [23ms]
2026-10-02 10:00:37.010 [info] > git config --get commit.template [69ms]
2026-10-02 10:00:37.025 [info] > git for-each-ref --format=%(refname)%00%(upstream:short)%00%(objectname)%00%(upstream:track)%00%(upstream:remotename)%00%(upstream:remoteref) refs/heads/main refs/remotes/main [20ms]
2026-10-02 10:00:37.164 [info] > git status -z -uall [75ms]
2026-10-02 10:00:37.177 [info] > git for-each-ref --sort -committerdate --format %(refname)%00%(objectname)%00%(*objectname) [21ms]
2026-10-02 10:00:38.801 [info] > git check-ignore -v -z --stdin [17ms]
2026-10-02 10:00:42.374 [info] > git config --get commit.template [66ms]
2026-10-02 10:00:42.390 [info] > git for-each-ref --format=%(refname)%00%(upstream:short)%00%(objectname)%00%(upstream:track)%00%(upstream:remotename)%00%(upstream:remoteref) refs/heads/main refs/remotes/main [21ms]
2026-10-02 10:00:42.563 [info] > git for-each-ref --sort -committerdate --format %(refname)%00%(objectname)%00%(*objectname) [26ms]
2026-10-02 10:00:42.569 [info] > git status -z -uall [104ms]
2026-10-02 10:00:47.777 [info] > git config --get commit.template [67ms]
2026-10-02 10:00:47.793 [info] > git for-each-ref --format=%(refname)%00%(upstream:short)%00%(objectname)%00%(upstream:track)%00%(upstream:remotename)%00%(upstream:remoteref) refs/heads/main refs/remotes/main [20ms]
2026-10-02 10:00:47.928 [info] > git status -z -uall [74ms]
2026-10-02 10:00:47.943 [info] > git for-each-ref --sort -committerdate --format %(refname)%00%(objectname)%00%(*objectname) [23ms]
2026-10-02 10:02:37.424 [info] > git config --get commit.template [52ms]
2026-10-02 10:02:37.429 [info] > git for-each-ref --format=%(refname)%00%(upstream:short)%00%(objectname)%00%(upstream:track)%00%(upstream:remotename)%00%(upstream:remoteref) refs/heads/main refs/remotes/main [21ms]
2026-10-02 10:02:37.521 [info] > git for-each-ref --sort -committerdate --format %(refname)%00%(objectname)%00%(*objectname) [17ms]
2026-10-02 10:02:37.533 [info] > git status -z -uall [69ms]
2026-10-02 10:02:42.697 [info] > git config --get commit.template [48ms]
2026-10-02 10:02:42.711 [info] > git for-each-ref --format=%(refname)%00%(upstream:short)%00%(objectname)%00%(upstream:track)%00%(upstream:remotename)%00%(upstream:remoteref) refs/heads/main refs/remotes/main [19ms]
2026-10-02 10:02:42.811 [info] > git status -z -uall [65ms]
2026-10-02 10:02:42.812 [info] > git for-each-ref --sort -committerdate --format %(refname)%00%(objectname)%00%(*objectname) [26ms]
2026-10-02 10:02:47.977 [info] > git config --get commit.template [39ms]
2026-10-02 10:02:47.992 [info] > git for-each-ref --format=%(refname)%00%(upstream:short)%00%(objectname)%00%(upstream:track)%00%(upstream:remotename)%00%(upstream:remoteref) refs/heads/main refs/remotes/main [18ms]
2026-10-02 10:02:48.084 [info] > git status -z -uall [57ms]
2026-10-02 10:02:48.107 [info] > git for-each-ref --sort -committerdate --format %(refname)%00%(objectname)%00%(*objectname) [39ms]
2026-10-02 10:02:53.233 [info] > git config --get commit.template [43ms]
2026-10-02 10:02:53.248 [info] > git for-each-ref --format=%(refname)%00%(upstream:short)%00%(objectname)%00%(upstream:track)%00%(upstream:remotename)%00%(upstream:remoteref) refs/heads/main refs/remotes/main [20ms]
2026-10-02 10:02:53.344 [info] > git status -z -uall [58ms]
2026-10-02 10:02:53.345 [info] > git for-each-ref --sort -committerdate --format %(refname)%00%(objectname)%00%(*objectname) [23ms]
2026-10-02 10:02:58.499 [info] > git config --get commit.template [38ms]
2026-10-02 10:02:58.512 [info] > git for-each-ref --format=%(refname)%00%(upstream:short)%00%(objectname)%00%(upstream:track)%00%(upstream:remotename)%00%(upstream:remoteref) refs/heads/main refs/remotes/main [18ms]
2026-10-02 10:02:58.613 [info] > git status -z -uall [58ms]
2026-10-02 10:02:58.616 [info] > git for-each-ref --sort -committerdate --format %(refname)%00%(objectname)%00%(*objectname) [24ms]
2026-10-02 10:03:03.774 [info] > git config --get commit.template [52ms]
2026-10-02 10:03:03.786 [info] > git for-each-ref --format=%(refname)%00%(upstream:short)%00%(objectname)%00%(upstream:track)%00%(upstream:remotename)%00%(upstream:remoteref) refs/heads/main refs/remotes/main [18ms]
2026-10-02 10:03:03.912 [info] > git status -z -uall [79ms]
2026-10-02 10:03:03.926 [info] > git for-each-ref --sort -committerdate --format %(refname)%00%(objectname)%00%(*objectname) [46ms]
2026-10-02 10:03:09.100 [info] > git config --get commit.template [47ms]
2026-10-02 10:03:09.116 [info] > git for-each-ref --format=%(refname)%00%(upstream:short)%00%(objectname)%00%(upstream:track)%00%(upstream:remotename)%00%(upstream:remoteref) refs/heads/main refs/remotes/main [22ms]
2026-10-02 10:03:09.223 [info] > git status -z -uall [56ms]
2026-10-02 10:03:09.240 [info] > git for-each-ref --sort -committerdate --format %(refname)%00%(objectname)%00%(*objectname) [31ms]
2026-10-02 10:03:14.409 [info] > git config --get commit.template [54ms]
2026-10-02 10:03:14.423 [info] > git for-each-ref --format=%(refname)%00%(upstream:short)%00%(objectname)%00%(upstream:track)%00%(upstream:remotename)%00%(upstream:remoteref) refs/heads/main refs/remotes/main [20ms]
2026-10-02 10:03:14.528 [info] > git status -z -uall [58ms]
2026-10-02 10:03:14.541 [info] > git for-each-ref --sort -committerdate --format %(refname)%00%(objectname)%00%(*objectname) [30ms]
2026-10-02 10:03:22.377 [info] > git config --get commit.template [49ms]
2026-10-02 10:03:22.397 [info] > git for-each-ref --format=%(refname)%00%(upstream:short)%00%(objectname)%00%(upstream:track)%00%(upstream:remotename)%00%(upstream:remoteref) refs/heads/main refs/remotes/main [23ms]
2026-10-02 10:03:22.518 [info] > git status -z -uall [69ms]
2026-10-02 10:03:22.531 [info] > git for-each-ref --sort -committerdate --format %(refname)%00%(objectname)%00%(*objectname) [25ms]
2026-10-02 10:03:27.709 [info] > git config --get commit.template [54ms]
2026-10-02 10:03:27.725 [info] > git for-each-ref --format=%(refname)%00%(upstream:short)%00%(objectname)%00%(upstream:track)%00%(upstream:remotename)%00%(upstream:remoteref) refs/heads/main refs/remotes/main [19ms]
2026-10-02 10:03:27.838 [info] > git status -z -uall [62ms]
2026-10-02 10:03:27.852 [info] > git for-each-ref --sort -committerdate --format %(refname)%00%(objectname)%00%(*objectname) [26ms]
2026-10-02 10:03:33.025 [info] > git config --get commit.template [55ms]
2026-10-02 10:03:33.042 [info] > git for-each-ref --format=%(refname)%00%(upstream:short)%00%(objectname)%00%(upstream:track)%00%(upstream:remotename)%00%(upstream:remoteref) refs/heads/main refs/remotes/main [21ms]
2026-10-02 10:03:33.150 [info] > git status -z -uall [60ms]
2026-10-02 10:03:33.164 [info] > git for-each-ref --sort -committerdate --format %(refname)%00%(objectname)%00%(*objectname) [31ms]
2026-10-02 10:03:35.078 [info] > git check-ignore -v -z --stdin [19ms]
2026-10-02 10:03:38.341 [info] > git config --get commit.template [55ms]
2026-10-02 10:03:38.357 [info] > git for-each-ref --format=%(refname)%00%(upstream:short)%00%(objectname)%00%(upstream:track)%00%(upstream:remotename)%00%(upstream:remoteref) refs/heads/main refs/remotes/main [21ms]
2026-10-02 10:03:38.472 [info] > git status -z -uall [62ms]
2026-10-02 10:03:38.486 [info] > git for-each-ref --sort -committerdate --format %(refname)%00%(objectname)%00%(*objectname) [23ms]
2026-10-02 10:03:45.918 [info] > git config --get commit.template [57ms]
2026-10-02 10:03:45.932 [info] > git for-each-ref --format=%(refname)%00%(upstream:short)%00%(objectname)%00%(upstream:track)%00%(upstream:remotename)%00%(upstream:remoteref) refs/heads/main refs/remotes/main [18ms]
2026-10-02 10:03:46.035 [info] > git status -z -uall [57ms]
2026-10-02 10:03:46.052 [info] > git for-each-ref --sort -committerdate --format %(refname)%00%(objectname)%00%(*objectname) [32ms]
2026-10-02 10:03:51.224 [info] > git config --get commit.template [52ms]
2026-10-02 10:03:51.241 [info] > git for-each-ref --format=%(refname)%00%(upstream:short)%00%(objectname)%00%(upstream:track)%00%(upstream:remotename)%00%(upstream:remoteref) refs/heads/main refs/remotes/main [22ms]
2026-10-02 10:03:51.360 [info] > git status -z -uall [64ms]
2026-10-02 10:03:51.372 [info] > git for-each-ref --sort -committerdate --format %(refname)%00%(objectname)%00%(*objectname) [27ms]
2026-10-02 10:03:56.549 [info] > git config --get commit.template [51ms]
2026-10-02 10:03:56.565 [info] > git for-each-ref --format=%(refname)%00%(upstream:short)%00%(objectname)%00%(upstream:track)%00%(upstream:remotename)%00%(upstream:remoteref) refs/heads/main refs/remotes/main [20ms]
2026-10-02 10:03:56.677 [info] > git status -z -uall [61ms]
2026-10-02 10:03:56.691 [info] > git for-each-ref --sort -committerdate --format %(refname)%00%(objectname)%00%(*objectname) [23ms]
2026-10-02 10:04:01.868 [info] > git config --get commit.template [57ms]
2026-10-02 10:04:01.884 [info] > git for-each-ref --format=%(refname)%00%(upstream:short)%00%(objectname)%00%(upstream:track)%00%(upstream:remotename)%00%(upstream:remoteref) refs/heads/main refs/remotes/main [21ms]
2026-10-02 10:04:01.999 [info] > git status -z -uall [64ms]
2026-10-02 10:04:02.013 [info] > git for-each-ref --sort -committerdate --format %(refname)%00%(objectname)%00%(*objectname) [23ms]
2026-10-02 10:04:07.208 [info] > git config --get commit.template [51ms]
2026-10-02 10:04:07.226 [info] > git for-each-ref --format=%(refname)%00%(upstream:short)%00%(objectname)%00%(upstream:track)%00%(upstream:remotename)%00%(upstream:remoteref) refs/heads/main refs/remotes/main [25ms]
2026-10-02 10:04:07.392 [info] > git for-each-ref --sort -committerdate --format %(refname)%00%(objectname)%00%(*objectname) [63ms]
2026-10-02 10:04:07.395 [info] > git status -z -uall [121ms]
2026-10-02 10:04:12.578 [info] > git config --get commit.template [55ms]
2026-10-02 10:04:12.595 [info] > git for-each-ref --format=%(refname)%00%(upstream:short)%00%(objectname)%00%(upstream:track)%00%(upstream:remotename)%00%(upstream:remoteref) refs/heads/main refs/remotes/main [21ms]
2026-10-02 10:04:12.712 [info] > git status -z -uall [65ms]
2026-10-02 10:04:12.727 [info] > git for-each-ref --sort -committerdate --format %(refname)%00%(objectname)%00%(*objectname) [25ms]
2026-10-02 10:04:17.895 [info] > git config --get commit.template [49ms]
2026-10-02 10:04:17.907 [info] > git for-each-ref --format=%(refname)%00%(upstream:short)%00%(objectname)%00%(upstream:track)%00%(upstream:remotename)%00%(upstream:remoteref) refs/heads/main refs/remotes/main [17ms]
2026-10-02 10:04:18.009 [info] > git status -z -uall [58ms]
2026-10-02 10:04:18.035 [info] > git for-each-ref --sort -committerdate --format %(refname)%00%(objectname)%00%(*objectname) [37ms]
2026-10-02 10:04:23.177 [info] > git config --get commit.template [45ms]
2026-10-02 10:04:23.191 [info] > git for-each-ref --format=%(refname)%00%(upstream:short)%00%(objectname)%00%(upstream:track)%00%(upstream:remotename)%00%(upstream:remoteref) refs/heads/main refs/remotes/main [18ms]
2026-10-02 10:04:23.366 [info] > git status -z -uall [133ms]
2026-10-02 10:04:23.368 [info] > git for-each-ref --sort -committerdate --format %(refname)%00%(objectname)%00%(*objectname) [46ms]
2026-10-02 10:04:56.663 [info] > git config --get commit.template [64ms]
2026-10-02 10:04:56.691 [info] > git for-each-ref --format=%(refname)%00%(upstream:short)%00%(objectname)%00%(upstream:track)%00%(upstream:remotename)%00%(upstream:remoteref) refs/heads/main refs/remotes/main [33ms]
2026-10-02 10:04:56.846 [info] > git status -z -uall [89ms]
2026-10-02 10:04:56.862 [info] > git for-each-ref --sort -committerdate --format %(refname)%00%(objectname)%00%(*objectname) [33ms]
2026-10-02 10:05:02.122 [info] > git config --get commit.template [48ms]
2026-10-02 10:05:02.134 [info] > git for-each-ref --format=%(refname)%00%(upstream:short)%00%(objectname)%00%(upstream:track)%00%(upstream:remotename)%00%(upstream:remoteref) refs/heads/main refs/remotes/main [16ms]
2026-10-02 10:05:02.235 [info] > git status -z -uall [55ms]
2026-10-02 10:05:02.248 [info] > git for-each-ref --sort -committerdate --format %(refname)%00%(objectname)%00%(*objectname) [27ms]
2026-10-02 10:05:07.384 [info] > git config --get commit.template [47ms]
2026-10-02 10:05:07.399 [info] > git for-each-ref --format=%(refname)%00%(upstream:short)%00%(objectname)%00%(upstream:track)%00%(upstream:remotename)%00%(upstream:remoteref) refs/heads/main refs/remotes/main [19ms]
2026-10-02 10:05:07.502 [info] > git status -z -uall [57ms]
2026-10-02 10:05:07.516 [info] > git for-each-ref --sort -committerdate --format %(refname)%00%(objectname)%00%(*objectname) [29ms]
2026-10-02 10:05:12.669 [info] > git config --get commit.template [52ms]
2026-10-02 10:05:12.684 [info] > git for-each-ref --format=%(refname)%00%(upstream:short)%00%(objectname)%00%(upstream:track)%00%(upstream:remotename)%00%(upstream:remoteref) refs/heads/main refs/remotes/main [18ms]
2026-10-02 10:05:12.788 [info] > git status -z -uall [58ms]
2026-10-02 10:05:12.801 [info] > git for-each-ref --sort -committerdate --format %(refname)%00%(objectname)%00%(*objectname) [23ms]
2026-10-02 10:05:17.940 [info] > git config --get commit.template [46ms]
2026-10-02 10:05:17.954 [info] > git for-each-ref --format=%(refname)%00%(upstream:short)%00%(objectname)%00%(upstream:track)%00%(upstream:remotename)%00%(upstream:remoteref) refs/heads/main refs/remotes/main [17ms]
2026-10-02 10:05:18.057 [info] > git status -z -uall [57ms]
2026-10-02 10:05:18.069 [info] > git for-each-ref --sort -committerdate --format %(refname)%00%(objectname)%00%(*objectname) [21ms]
2026-10-02 10:05:23.238 [info] > git config --get commit.template [59ms]
2026-10-02 10:05:23.253 [info] > git for-each-ref --format=%(refname)%00%(upstream:short)%00%(objectname)%00%(upstream:track)%00%(upstream:remotename)%00%(upstream:remoteref) refs/heads/main refs/remotes/main [20ms]
2026-10-02 10:05:23.381 [info] > git status -z -uall [67ms]
2026-10-02 10:05:23.394 [info] > git for-each-ref --sort -committerdate --format %(refname)%00%(objectname)%00%(*objectname) [24ms]
2026-10-02 10:05:28.565 [info] > git config --get commit.template [61ms]
2026-10-02 10:05:28.579 [info] > git for-each-ref --format=%(refname)%00%(upstream:short)%00%(objectname)%00%(upstream:track)%00%(upstream:remotename)%00%(upstream:remoteref) refs/heads/main refs/remotes/main [20ms]
2026-10-02 10:05:28.707 [info] > git status -z -uall [70ms]
2026-10-02 10:05:28.722 [info] > git for-each-ref --sort -committerdate --format %(refname)%00%(objectname)%00%(*objectname) [25ms]
2026-10-02 10:05:33.864 [info] > git config --get commit.template [52ms]
2026-10-02 10:05:33.878 [info] > git for-each-ref --format=%(refname)%00%(upstream:short)%00%(objectname)%00%(upstream:track)%00%(upstream:remotename)%00%(upstream:remoteref) refs/heads/main refs/remotes/main [18ms]
2026-10-02 10:05:33.988 [info] > git status -z -uall [61ms]
2026-10-02 10:05:34.001 [info] > git for-each-ref --sort -committerdate --format %(refname)%00%(objectname)%00%(*objectname) [21ms]
2026-10-02 10:05:39.141 [info] > git config --get commit.template [51ms]
2026-10-02 10:05:39.156 [info] > git for-each-ref --format=%(refname)%00%(upstream:short)%00%(objectname)%00%(upstream:track)%00%(upstream:remotename)%00%(upstream:remoteref) refs/heads/main refs/remotes/main [19ms]
2026-10-02 10:05:39.273 [info] > git status -z -uall [63ms]
2026-10-02 10:05:39.286 [info] > git for-each-ref --sort -committerdate --format %(refname)%00%(objectname)%00%(*objectname) [23ms]
2026-10-02 10:05:44.444 [info] > git config --get commit.template [52ms]
2026-10-02 10:05:44.459 [info] > git for-each-ref --format=%(refname)%00%(upstream:short)%00%(objectname)%00%(upstream:track)%00%(upstream:remotename)%00%(upstream:remoteref) refs/heads/main refs/remotes/main [18ms]
2026-10-02 10:05:44.594 [info] > git for-each-ref --sort -committerdate --format %(refname)%00%(objectname)%00%(*objectname) [27ms]
2026-10-02 10:05:44.598 [info] > git status -z -uall [86ms]
2026-10-02 10:05:49.868 [info] > git config --get commit.template [48ms]
2026-10-02 10:05:49.881 [info] > git for-each-ref --format=%(refname)%00%(upstream:short)%00%(objectname)%00%(upstream:track)%00%(upstream:remotename)%00%(upstream:remoteref) refs/heads/main refs/remotes/main [17ms]
2026-10-02 10:05:49.993 [info] > git status -z -uall [60ms]
2026-10-02 10:05:50.017 [info] > git for-each-ref --sort -committerdate --format %(refname)%00%(objectname)%00%(*objectname) [34ms]
2026-10-02 10:05:55.168 [info] > git config --get commit.template [51ms]
2026-10-02 10:05:55.182 [info] > git for-each-ref --format=%(refname)%00%(upstream:short)%00%(objectname)%00%(upstream:track)%00%(upstream:remotename)%00%(upstream:remoteref) refs/heads/main refs/remotes/main [18ms]
2026-10-02 10:05:55.288 [info] > git status -z -uall [57ms]
2026-10-02 10:05:55.300 [info] > git for-each-ref --sort -committerdate --format %(refname)%00%(objectname)%00%(*objectname) [20ms]
2026-10-02 10:06:00.447 [info] > git config --get commit.template [48ms]
2026-10-02 10:06:00.461 [info] > git for-each-ref --format=%(refname)%00%(upstream:short)%00%(objectname)%00%(upstream:track)%00%(upstream:remotename)%00%(upstream:remoteref) refs/heads/main refs/remotes/main [17ms]
2026-10-02 10:06:00.566 [info] > git status -z -uall [58ms]
2026-10-02 10:06:00.579 [info] > git for-each-ref --sort -committerdate --format %(refname)%00%(objectname)%00%(*objectname) [21ms]
2026-10-02 10:06:05.729 [info] > git config --get commit.template [48ms]
2026-10-02 10:06:05.744 [info] > git for-each-ref --format=%(refname)%00%(upstream:short)%00%(objectname)%00%(upstream:track)%00%(upstream:remotename)%00%(upstream:remoteref) refs/heads/main refs/remotes/main [18ms]
2026-10-02 10:06:05.852 [info] > git status -z -uall [58ms]
2026-10-02 10:06:05.878 [info] > git for-each-ref --sort -committerdate --format %(refname)%00%(objectname)%00%(*objectname) [35ms]
2026-10-02 10:06:11.024 [info] > git config --get commit.template [48ms]
2026-10-02 10:06:11.038 [info] > git for-each-ref --format=%(refname)%00%(upstream:short)%00%(objectname)%00%(upstream:track)%00%(upstream:remotename)%00%(upstream:remoteref) refs/heads/main refs/remotes/main [17ms]
2026-10-02 10:06:11.152 [info] > git status -z -uall [59ms]
2026-10-02 10:06:11.164 [info] > git for-each-ref --sort -committerdate --format %(refname)%00%(objectname)%00%(*objectname) [20ms]
2026-10-02 10:06:16.315 [info] > git config --get commit.template [51ms]
2026-10-02 10:06:16.330 [info] > git for-each-ref --format=%(refname)%00%(upstream:short)%00%(objectname)%00%(upstream:track)%00%(upstream:remotename)%00%(upstream:remoteref) refs/heads/main refs/remotes/main [20ms]
2026-10-02 10:06:16.439 [info] > git status -z -uall [60ms]
2026-10-02 10:06:16.451 [info] > git for-each-ref --sort -committerdate --format %(refname)%00%(objectname)%00%(*objectname) [22ms]
2026-10-02 10:06:21.604 [info] > git config --get commit.template [54ms]
2026-10-02 10:06:21.619 [info] > git for-each-ref --format=%(refname)%00%(upstream:short)%00%(objectname)%00%(upstream:track)%00%(upstream:remotename)%00%(upstream:remoteref) refs/heads/main refs/remotes/main [19ms]
2026-10-02 10:06:21.736 [info] > git status -z -uall [58ms]
2026-10-02 10:06:21.750 [info] > git for-each-ref --sort -committerdate --format %(refname)%00%(objectname)%00%(*objectname) [22ms]
2026-10-02 10:06:26.897 [info] > git config --get commit.template [52ms]
2026-10-02 10:06:26.910 [info] > git for-each-ref --format=%(refname)%00%(upstream:short)%00%(objectname)%00%(upstream:track)%00%(upstream:remotename)%00%(upstream:remoteref) refs/heads/main refs/remotes/main [17ms]
2026-10-02 10:06:27.018 [info] > git status -z -uall [57ms]
2026-10-02 10:06:27.030 [info] > git for-each-ref --sort -committerdate --format %(refname)%00%(objectname)%00%(*objectname) [20ms]
2026-10-02 10:06:32.182 [info] > git config --get commit.template [49ms]
2026-10-02 10:06:32.195 [info] > git for-each-ref --format=%(refname)%00%(upstream:short)%00%(objectname)%00%(upstream:track)%00%(upstream:remotename)%00%(upstream:remoteref) refs/heads/main refs/remotes/main [17ms]
2026-10-02 10:06:32.304 [info] > git status -z -uall [60ms]
2026-10-02 10:06:32.317 [info] > git for-each-ref --sort -committerdate --format %(refname)%00%(objectname)%00%(*objectname) [23ms]
2026-10-02 10:06:37.467 [info] > git config --get commit.template [49ms]
2026-10-02 10:06:37.481 [info] > git for-each-ref --format=%(refname)%00%(upstream:short)%00%(objectname)%00%(upstream:track)%00%(upstream:remotename)%00%(upstream:remoteref) refs/heads/main refs/remotes/main [17ms]
2026-10-02 10:06:37.585 [info] > git status -z -uall [57ms]
2026-10-02 10:06:37.598 [info] > git for-each-ref --sort -committerdate --format %(refname)%00%(objectname)%00%(*objectname) [19ms]
2026-10-02 10:06:39.625 [info] > git check-ignore -v -z --stdin [24ms]
2026-10-02 10:06:39.937 [info] > git check-ignore -v -z --stdin [29ms]
2026-10-02 10:06:40.139 [info] > git show --textconv :todo-backend/src/main/java/com/example/todo/Todo.java; [65ms]
2026-10-02 10:06:40.211 [info] > git ls-files --stage -- todo-backend/src/main/java/com/example/todo/Todo.java; [77ms]
2026-10-02 10:06:40.279 [info] > git hash-object -t tree /dev/null [73ms]
2026-10-02 10:06:40.281 [warning] [GitFileSystemProvider][readFile] File not found - git:/data/data/com.termux/files/home/todo-backend/src/main/java/com/example/todo/Todo.java%3B.git?%7B%22path%22%3A%22%2Fdata%2Fdata%2Fcom.termux%2Ffiles%2Fhome%2Ftodo-backend%2Fsrc%2Fmain%2Fjava%2Fcom%2Fexample%2Ftodo%2FTodo.java%3B%22%2C%22ref%22%3A%22%22%7D
2026-10-02 10:06:40.294 [info] > git hash-object -t tree /dev/null [21ms]
2026-10-02 10:06:40.294 [warning] [GitFileSystemProvider][stat] File not found - git:/data/data/com.termux/files/home/todo-backend/src/main/java/com/example/todo/Todo.java%3B.git?%7B%22path%22%3A%22%2Fdata%2Fdata%2Fcom.termux%2Ffiles%2Fhome%2Ftodo-backend%2Fsrc%2Fmain%2Fjava%2Fcom%2Fexample%2Ftodo%2FTodo.java%3B%22%2C%22ref%22%3A%22%22%7D
2026-10-02 10:06:40.427 [info] > git -c i18n.logOutputEncoding=UTF-8 blame --root --incremental 04420342cdb264a57e982cdf35d71d46c17582fe -- todo-backend/src/main/java/com/example/todo/Todo.java; [20ms]
2026-10-02 10:06:40.428 [info] fatal: no such path todo-backend/src/main/java/com/example/todo/Todo.java; in 04420342cdb264a57e982cdf35d71d46c17582fe
2026-10-02 10:06:42.752 [info] > git config --get commit.template [50ms]
2026-10-02 10:06:42.766 [info] > git for-each-ref --format=%(refname)%00%(upstream:short)%00%(objectname)%00%(upstream:track)%00%(upstream:remotename)%00%(upstream:remoteref) refs/heads/main refs/remotes/main [17ms]
2026-10-02 10:06:42.872 [info] > git status -z -uall [60ms]
2026-10-02 10:06:42.885 [info] > git for-each-ref --sort -committerdate --format %(refname)%00%(objectname)%00%(*objectname) [21ms]
2026-10-02 10:06:48.063 [info] > git config --get commit.template [58ms]
2026-10-02 10:06:48.081 [info] > git for-each-ref --format=%(refname)%00%(upstream:short)%00%(objectname)%00%(upstream:track)%00%(upstream:remotename)%00%(upstream:remoteref) refs/heads/main refs/remotes/main [23ms]
2026-10-02 10:06:48.187 [info] > git status -z -uall [54ms]
2026-10-02 10:06:48.205 [info] > git for-each-ref --sort -committerdate --format %(refname)%00%(objectname)%00%(*objectname) [26ms]
2026-10-02 10:07:05.182 [info] > git config --get commit.template [61ms]
2026-10-02 10:07:05.195 [info] > git for-each-ref --format=%(refname)%00%(upstream:short)%00%(objectname)%00%(upstream:track)%00%(upstream:remotename)%00%(upstream:remoteref) refs/heads/main refs/remotes/main [18ms]
2026-10-02 10:07:05.315 [info] > git status -z -uall [63ms]
2026-10-02 10:07:05.329 [info] > git for-each-ref --sort -committerdate --format %(refname)%00%(objectname)%00%(*objectname) [23ms]
2026-10-02 10:07:10.506 [info] > git config --get commit.template [63ms]
2026-10-02 10:07:10.530 [info] > git for-each-ref --format=%(refname)%00%(upstream:short)%00%(objectname)%00%(upstream:track)%00%(upstream:remotename)%00%(upstream:remoteref) refs/heads/main refs/remotes/main [33ms]
2026-10-02 10:07:10.715 [info] > git status -z -uall [114ms]
2026-10-02 10:07:10.741 [info] > git for-each-ref --sort -committerdate --format %(refname)%00%(objectname)%00%(*objectname) [61ms]
2026-10-02 10:07:15.908 [info] > git config --get commit.template [54ms]
2026-10-02 10:07:15.923 [info] > git for-each-ref --format=%(refname)%00%(upstream:short)%00%(objectname)%00%(upstream:track)%00%(upstream:remotename)%00%(upstream:remoteref) refs/heads/main refs/remotes/main [19ms]
2026-10-02 10:07:16.038 [info] > git status -z -uall [62ms]
2026-10-02 10:07:16.052 [info] > git for-each-ref --sort -committerdate --format %(refname)%00%(objectname)%00%(*objectname) [23ms]
2026-10-02 10:07:21.222 [info] > git config --get commit.template [62ms]
2026-10-02 10:07:21.231 [info] > git for-each-ref --format=%(refname)%00%(upstream:short)%00%(objectname)%00%(upstream:track)%00%(upstream:remotename)%00%(upstream:remoteref) refs/heads/main refs/remotes/main [17ms]
2026-10-02 10:07:21.340 [info] > git status -z -uall [59ms]
2026-10-02 10:07:21.354 [info] > git for-each-ref --sort -committerdate --format %(refname)%00%(objectname)%00%(*objectname) [21ms]
2026-10-02 10:07:26.509 [info] > git config --get commit.template [49ms]
2026-10-02 10:07:26.525 [info] > git for-each-ref --format=%(refname)%00%(upstream:short)%00%(objectname)%00%(upstream:track)%00%(upstream:remotename)%00%(upstream:remoteref) refs/heads/main refs/remotes/main [20ms]
2026-10-02 10:07:26.629 [info] > git status -z -uall [58ms]
2026-10-02 10:07:26.641 [info] > git for-each-ref --sort -committerdate --format %(refname)%00%(objectname)%00%(*objectname) [18ms]
2026-10-02 10:07:31.792 [info] > git config --get commit.template [50ms]
2026-10-02 10:07:31.806 [info] > git for-each-ref --format=%(refname)%00%(upstream:short)%00%(objectname)%00%(upstream:track)%00%(upstream:remotename)%00%(upstream:remoteref) refs/heads/main refs/remotes/main [18ms]
2026-10-02 10:07:31.913 [info] > git status -z -uall [59ms]
2026-10-02 10:07:31.925 [info] > git for-each-ref --sort -committerdate --format %(refname)%00%(objectname)%00%(*objectname) [20ms]
2026-10-02 10:07:37.069 [info] > git config --get commit.template [49ms]
2026-10-02 10:07:37.084 [info] > git for-each-ref --format=%(refname)%00%(upstream:short)%00%(objectname)%00%(upstream:track)%00%(upstream:remotename)%00%(upstream:remoteref) refs/heads/main refs/remotes/main [18ms]
2026-10-02 10:07:37.236 [info] > git status -z -uall [100ms]
2026-10-02 10:07:37.256 [info] > git for-each-ref --sort -committerdate --format %(refname)%00%(objectname)%00%(*objectname) [47ms]
2026-10-02 10:07:39.610 [info] > git check-ignore -v -z --stdin [30ms]
2026-10-02 10:07:39.752 [info] > git check-ignore -v -z --stdin [21ms]
2026-10-02 10:07:39.987 [info] > git show --textconv :todo-backend/src/main/java/com/example/todo/TodoRepository.java; [63ms]
2026-10-02 10:07:39.990 [warning] [GitFileSystemProvider][readFile] File not found - git:/data/data/com.termux/files/home/todo-backend/src/main/java/com/example/todo/TodoRepository.java%3B.git?%7B%22path%22%3A%22%2Fdata%2Fdata%2Fcom.termux%2Ffiles%2Fhome%2Ftodo-backend%2Fsrc%2Fmain%2Fjava%2Fcom%2Fexample%2Ftodo%2FTodoRepository.java%3B%22%2C%22ref%22%3A%22%22%7D
2026-10-02 10:07:40.004 [info] > git ls-files --stage -- todo-backend/src/main/java/com/example/todo/TodoRepository.java; [21ms]
2026-10-02 10:07:40.006 [warning] [GitFileSystemProvider][stat] File not found - git:/data/data/com.termux/files/home/todo-backend/src/main/java/com/example/todo/TodoRepository.java%3B.git?%7B%22path%22%3A%22%2Fdata%2Fdata%2Fcom.termux%2Ffiles%2Fhome%2Ftodo-backend%2Fsrc%2Fmain%2Fjava%2Fcom%2Fexample%2Ftodo%2FTodoRepository.java%3B%22%2C%22ref%22%3A%22%22%7D
2026-10-02 10:07:40.109 [info] > git -c i18n.logOutputEncoding=UTF-8 blame --root --incremental 04420342cdb264a57e982cdf35d71d46c17582fe -- todo-backend/src/main/java/com/example/todo/TodoRepository.java; [24ms]
2026-10-02 10:07:40.109 [info] fatal: no such path todo-backend/src/main/java/com/example/todo/TodoRepository.java; in 04420342cdb264a57e982cdf35d71d46c17582fe
2026-10-02 10:07:42.423 [info] > git config --get commit.template [50ms]
2026-10-02 10:07:42.437 [info] > git for-each-ref --format=%(refname)%00%(upstream:short)%00%(objectname)%00%(upstream:track)%00%(upstream:remotename)%00%(upstream:remoteref) refs/heads/main refs/remotes/main [17ms]
2026-10-02 10:07:42.547 [info] > git status -z -uall [57ms]
2026-10-02 10:07:42.559 [info] > git for-each-ref --sort -committerdate --format %(refname)%00%(objectname)%00%(*objectname) [20ms]
2026-10-02 10:07:47.714 [info] > git config --get commit.template [49ms]
2026-10-02 10:07:47.729 [info] > git for-each-ref --format=%(refname)%00%(upstream:short)%00%(objectname)%00%(upstream:track)%00%(upstream:remotename)%00%(upstream:remoteref) refs/heads/main refs/remotes/main [18ms]
2026-10-02 10:07:47.844 [info] > git status -z -uall [59ms]
2026-10-02 10:07:47.856 [info] > git for-each-ref --sort -committerdate --format %(refname)%00%(objectname)%00%(*objectname) [21ms]
2026-10-02 10:07:53.028 [info] > git config --get commit.template [56ms]
2026-10-02 10:07:53.043 [info] > git for-each-ref --format=%(refname)%00%(upstream:short)%00%(objectname)%00%(upstream:track)%00%(upstream:remotename)%00%(upstream:remoteref) refs/heads/main refs/remotes/main [19ms]
2026-10-02 10:07:53.156 [info] > git status -z -uall [58ms]
2026-10-02 10:07:53.169 [info] > git for-each-ref --sort -committerdate --format %(refname)%00%(objectname)%00%(*objectname) [20ms]
2026-10-02 10:07:58.361 [info] > git config --get commit.template [64ms]
2026-10-02 10:07:58.377 [info] > git for-each-ref --format=%(refname)%00%(upstream:short)%00%(objectname)%00%(upstream:track)%00%(upstream:remotename)%00%(upstream:remoteref) refs/heads/main refs/remotes/main [20ms]
2026-10-02 10:07:58.512 [info] > git status -z -uall [72ms]
2026-10-02 10:07:58.526 [info] > git for-each-ref --sort -committerdate --format %(refname)%00%(objectname)%00%(*objectname) [21ms]
2026-10-02 10:08:03.705 [info] > git config --get commit.template [62ms]
2026-10-02 10:08:03.719 [info] > git for-each-ref --format=%(refname)%00%(upstream:short)%00%(objectname)%00%(upstream:track)%00%(upstream:remotename)%00%(upstream:remoteref) refs/heads/main refs/remotes/main [19ms]
2026-10-02 10:08:03.830 [info] > git status -z -uall [60ms]
2026-10-02 10:08:03.844 [info] > git for-each-ref --sort -committerdate --format %(refname)%00%(objectname)%00%(*objectname) [22ms]
2026-10-02 10:08:09.037 [info] > git config --get commit.template [63ms]
2026-10-02 10:08:09.054 [info] > git for-each-ref --format=%(refname)%00%(upstream:short)%00%(objectname)%00%(upstream:track)%00%(upstream:remotename)%00%(upstream:remoteref) refs/heads/main refs/remotes/main [20ms]
2026-10-02 10:08:09.181 [info] > git status -z -uall [67ms]
2026-10-02 10:08:09.195 [info] > git for-each-ref --sort -committerdate --format %(refname)%00%(objectname)%00%(*objectname) [23ms]
2026-10-02 10:08:14.394 [info] > git config --get commit.template [65ms]
2026-10-02 10:08:14.410 [info] > git for-each-ref --format=%(refname)%00%(upstream:short)%00%(objectname)%00%(upstream:track)%00%(upstream:remotename)%00%(upstream:remoteref) refs/heads/main refs/remotes/main [21ms]
2026-10-02 10:08:14.544 [info] > git status -z -uall [72ms]
2026-10-02 10:08:14.558 [info] > git for-each-ref --sort -committerdate --format %(refname)%00%(objectname)%00%(*objectname) [23ms]
2026-10-02 10:08:21.227 [info] > git config --get commit.template [65ms]
2026-10-02 10:08:21.240 [info] > git for-each-ref --format=%(refname)%00%(upstream:short)%00%(objectname)%00%(upstream:track)%00%(upstream:remotename)%00%(upstream:remoteref) refs/heads/main refs/remotes/main [16ms]
2026-10-02 10:08:21.363 [info] > git status -z -uall [64ms]
2026-10-02 10:08:21.375 [info] > git for-each-ref --sort -committerdate --format %(refname)%00%(objectname)%00%(*objectname) [21ms]
2026-10-02 10:08:26.586 [info] > git config --get commit.template [69ms]
2026-10-02 10:08:26.603 [info] > git for-each-ref --format=%(refname)%00%(upstream:short)%00%(objectname)%00%(upstream:track)%00%(upstream:remotename)%00%(upstream:remoteref) refs/heads/main refs/remotes/main [21ms]
2026-10-02 10:08:26.744 [info] > git status -z -uall [75ms]
2026-10-02 10:08:26.757 [info] > git for-each-ref --sort -committerdate --format %(refname)%00%(objectname)%00%(*objectname) [21ms]
2026-10-02 10:08:31.960 [info] > git config --get commit.template [72ms]
2026-10-02 10:08:31.974 [info] > git for-each-ref --format=%(refname)%00%(upstream:short)%00%(objectname)%00%(upstream:track)%00%(upstream:remotename)%00%(upstream:remoteref) refs/heads/main refs/remotes/main [19ms]
2026-10-02 10:08:32.119 [info] > git status -z -uall [76ms]
2026-10-02 10:08:32.132 [info] > git for-each-ref --sort -committerdate --format %(refname)%00%(objectname)%00%(*objectname) [22ms]
2026-10-02 10:08:37.335 [info] > git config --get commit.template [70ms]
2026-10-02 10:08:37.353 [info] > git for-each-ref --format=%(refname)%00%(upstream:short)%00%(objectname)%00%(upstream:track)%00%(upstream:remotename)%00%(upstream:remoteref) refs/heads/main refs/remotes/main [23ms]
2026-10-02 10:08:37.494 [info] > git status -z -uall [73ms]
2026-10-02 10:08:37.507 [info] > git for-each-ref --sort -committerdate --format %(refname)%00%(objectname)%00%(*objectname) [20ms]
2026-10-02 10:08:42.695 [info] > git config --get commit.template [63ms]
2026-10-02 10:08:42.710 [info] > git for-each-ref --format=%(refname)%00%(upstream:short)%00%(objectname)%00%(upstream:track)%00%(upstream:remotename)%00%(upstream:remoteref) refs/heads/main refs/remotes/main [17ms]
2026-10-02 10:08:42.831 [info] > git status -z -uall [66ms]
2026-10-02 10:08:42.843 [info] > git for-each-ref --sort -committerdate --format %(refname)%00%(objectname)%00%(*objectname) [21ms]
2026-10-02 10:08:45.087 [info] > git check-ignore -v -z --stdin [18ms]
2026-10-02 10:08:48.019 [info] > git config --get commit.template [62ms]
2026-10-02 10:08:48.034 [info] > git for-each-ref --format=%(refname)%00%(upstream:short)%00%(objectname)%00%(upstream:track)%00%(upstream:remotename)%00%(upstream:remoteref) refs/heads/main refs/remotes/main [19ms]
2026-10-02 10:08:48.162 [info] > git status -z -uall [63ms]
2026-10-02 10:08:48.175 [info] > git for-each-ref --sort -committerdate --format %(refname)%00%(objectname)%00%(*objectname) [21ms]
2026-10-02 10:08:53.308 [info] > git config --get commit.template [42ms]
2026-10-02 10:08:53.324 [info] > git for-each-ref --format=%(refname)%00%(upstream:short)%00%(objectname)%00%(upstream:track)%00%(upstream:remotename)%00%(upstream:remoteref) refs/heads/main refs/remotes/main [21ms]
2026-10-02 10:08:53.410 [info] > git for-each-ref --sort -committerdate --format %(refname)%00%(objectname)%00%(*objectname) [19ms]
2026-10-02 10:08:53.423 [info] > git status -z -uall [65ms]
2026-10-02 10:08:56.008 [info] > git check-ignore -v -z --stdin [89ms]
2026-10-02 10:08:56.037 [info] > git check-ignore -v -z --stdin [33ms]
2026-10-02 10:08:56.170 [info] > git show --textconv :todo-backend/src/main/java/com/example/todo/TodoRepository.java [46ms]
2026-10-02 10:08:56.174 [warning] [GitFileSystemProvider][readFile] File not found - git:/data/data/com.termux/files/home/todo-backend/src/main/java/com/example/todo/TodoRepository.java.git?%7B%22path%22%3A%22%2Fdata%2Fdata%2Fcom.termux%2Ffiles%2Fhome%2Ftodo-backend%2Fsrc%2Fmain%2Fjava%2Fcom%2Fexample%2Ftodo%2FTodoRepository.java%22%2C%22ref%22%3A%22%22%7D
2026-10-02 10:08:56.186 [info] > git ls-files --stage -- todo-backend/src/main/java/com/example/todo/TodoRepository.java [19ms]
2026-10-02 10:08:56.188 [warning] [GitFileSystemProvider][stat] File not found - git:/data/data/com.termux/files/home/todo-backend/src/main/java/com/example/todo/TodoRepository.java.git?%7B%22path%22%3A%22%2Fdata%2Fdata%2Fcom.termux%2Ffiles%2Fhome%2Ftodo-backend%2Fsrc%2Fmain%2Fjava%2Fcom%2Fexample%2Ftodo%2FTodoRepository.java%22%2C%22ref%22%3A%22%22%7D
2026-10-02 10:08:56.387 [info] > git -c i18n.logOutputEncoding=UTF-8 blame --root --incremental 04420342cdb264a57e982cdf35d71d46c17582fe -- todo-backend/src/main/java/com/example/todo/TodoRepository.java [19ms]
2026-10-02 10:08:56.387 [info] fatal: no such path todo-backend/src/main/java/com/example/todo/TodoRepository.java in 04420342cdb264a57e982cdf35d71d46c17582fe
2026-10-02 10:08:58.594 [info] > git config --get commit.template [47ms]
2026-10-02 10:08:58.612 [info] > git for-each-ref --format=%(refname)%00%(upstream:short)%00%(objectname)%00%(upstream:track)%00%(upstream:remotename)%00%(upstream:remoteref) refs/heads/main refs/remotes/main [22ms]
2026-10-02 10:08:58.710 [info] > git for-each-ref --sort -committerdate --format %(refname)%00%(objectname)%00%(*objectname) [19ms]
2026-10-02 10:08:58.720 [info] > git status -z -uall [64ms]
2026-10-02 10:09:11.763 [info] > git config --get commit.template [70ms]
2026-10-02 10:09:11.774 [info] > git for-each-ref --format=%(refname)%00%(upstream:short)%00%(objectname)%00%(upstream:track)%00%(upstream:remotename)%00%(upstream:remoteref) refs/heads/main refs/remotes/main [21ms]
2026-10-02 10:09:11.889 [info] > git status -z -uall [71ms]
2026-10-02 10:09:11.916 [info] > git for-each-ref --sort -committerdate --format %(refname)%00%(objectname)%00%(*objectname) [46ms]
2026-10-02 10:09:17.085 [info] > git config --get commit.template [47ms]
2026-10-02 10:09:17.099 [info] > git for-each-ref --format=%(refname)%00%(upstream:short)%00%(objectname)%00%(upstream:track)%00%(upstream:remotename)%00%(upstream:remoteref) refs/heads/main refs/remotes/main [21ms]
2026-10-02 10:09:17.206 [info] > git for-each-ref --sort -committerdate --format %(refname)%00%(objectname)%00%(*objectname) [21ms]
2026-10-02 10:09:17.211 [info] > git status -z -uall [67ms]
2026-10-02 10:09:22.352 [info] > git config --get commit.template [41ms]
2026-10-02 10:09:22.367 [info] > git for-each-ref --format=%(refname)%00%(upstream:short)%00%(objectname)%00%(upstream:track)%00%(upstream:remotename)%00%(upstream:remoteref) refs/heads/main refs/remotes/main [18ms]
2026-10-02 10:09:22.460 [info] > git status -z -uall [59ms]
2026-10-02 10:09:22.474 [info] > git for-each-ref --sort -committerdate --format %(refname)%00%(objectname)%00%(*objectname) [29ms]
2026-10-02 10:09:27.598 [info] > git config --get commit.template [41ms]
2026-10-02 10:09:27.612 [info] > git for-each-ref --format=%(refname)%00%(upstream:short)%00%(objectname)%00%(upstream:track)%00%(upstream:remotename)%00%(upstream:remoteref) refs/heads/main refs/remotes/main [18ms]
2026-10-02 10:09:27.706 [info] > git for-each-ref --sort -committerdate --format %(refname)%00%(objectname)%00%(*objectname) [20ms]
2026-10-02 10:09:27.714 [info] > git status -z -uall [64ms]
2026-10-02 10:09:32.866 [info] > git config --get commit.template [44ms]
2026-10-02 10:09:32.880 [info] > git for-each-ref --format=%(refname)%00%(upstream:short)%00%(objectname)%00%(upstream:track)%00%(upstream:remotename)%00%(upstream:remoteref) refs/heads/main refs/remotes/main [18ms]
2026-10-02 10:09:32.981 [info] > git status -z -uall [57ms]
2026-10-02 10:09:32.993 [info] > git for-each-ref --sort -committerdate --format %(refname)%00%(objectname)%00%(*objectname) [30ms]
2026-10-02 10:09:38.130 [info] > git config --get commit.template [42ms]
2026-10-02 10:09:38.144 [info] > git for-each-ref --format=%(refname)%00%(upstream:short)%00%(objectname)%00%(upstream:track)%00%(upstream:remotename)%00%(upstream:remoteref) refs/heads/main refs/remotes/main [18ms]
2026-10-02 10:09:38.239 [info] > git status -z -uall [56ms]
2026-10-02 10:09:38.254 [info] > git for-each-ref --sort -committerdate --format %(refname)%00%(objectname)%00%(*objectname) [28ms]
2026-10-02 10:09:43.398 [info] > git config --get commit.template [49ms]
2026-10-02 10:09:43.413 [info] > git for-each-ref --format=%(refname)%00%(upstream:short)%00%(objectname)%00%(upstream:track)%00%(upstream:remotename)%00%(upstream:remoteref) refs/heads/main refs/remotes/main [19ms]
2026-10-02 10:09:43.508 [info] > git status -z -uall [55ms]
2026-10-02 10:09:43.524 [info] > git for-each-ref --sort -committerdate --format %(refname)%00%(objectname)%00%(*objectname) [29ms]
2026-10-02 10:09:48.665 [info] > git config --get commit.template [47ms]
2026-10-02 10:09:48.680 [info] > git for-each-ref --format=%(refname)%00%(upstream:short)%00%(objectname)%00%(upstream:track)%00%(upstream:remotename)%00%(upstream:remoteref) refs/heads/main refs/remotes/main [18ms]
2026-10-02 10:09:48.786 [info] > git status -z -uall [58ms]
2026-10-02 10:09:48.798 [info] > git for-each-ref --sort -committerdate --format %(refname)%00%(objectname)%00%(*objectname) [28ms]
2026-10-02 10:09:51.625 [info] > git check-ignore -v -z --stdin [28ms]
2026-10-02 10:09:51.843 [info] > git check-ignore -v -z --stdin [23ms]
2026-10-02 10:09:52.035 [info] > git show --textconv :todo-backend/src/main/java/com/example/todo/TodoController.java [60ms]
2026-10-02 10:09:52.041 [warning] [GitFileSystemProvider][readFile] File not found - git:/data/data/com.termux/files/home/todo-backend/src/main/java/com/example/todo/TodoController.java.git?%7B%22path%22%3A%22%2Fdata%2Fdata%2Fcom.termux%2Ffiles%2Fhome%2Ftodo-backend%2Fsrc%2Fmain%2Fjava%2Fcom%2Fexample%2Ftodo%2FTodoController.java%22%2C%22ref%22%3A%22%22%7D
2026-10-02 10:09:52.054 [info] > git ls-files --stage -- todo-backend/src/main/java/com/example/todo/TodoController.java [24ms]
2026-10-02 10:09:52.055 [warning] [GitFileSystemProvider][stat] File not found - git:/data/data/com.termux/files/home/todo-backend/src/main/java/com/example/todo/TodoController.java.git?%7B%22path%22%3A%22%2Fdata%2Fdata%2Fcom.termux%2Ffiles%2Fhome%2Ftodo-backend%2Fsrc%2Fmain%2Fjava%2Fcom%2Fexample%2Ftodo%2FTodoController.java%22%2C%22ref%22%3A%22%22%7D
2026-10-02 10:09:52.159 [info] > git -c i18n.logOutputEncoding=UTF-8 blame --root --incremental 04420342cdb264a57e982cdf35d71d46c17582fe -- todo-backend/src/main/java/com/example/todo/TodoController.java [24ms]
2026-10-02 10:09:52.159 [info] fatal: no such path todo-backend/src/main/java/com/example/todo/TodoController.java in 04420342cdb264a57e982cdf35d71d46c17582fe
2026-10-02 10:10:17.864 [info] > git config --get commit.template [60ms]
2026-10-02 10:10:17.877 [info] > git for-each-ref --format=%(refname)%00%(upstream:short)%00%(objectname)%00%(upstream:track)%00%(upstream:remotename)%00%(upstream:remoteref) refs/heads/main refs/remotes/main [18ms]
2026-10-02 10:10:17.989 [info] > git status -z -uall [60ms]
2026-10-02 10:10:18.003 [info] > git for-each-ref --sort -committerdate --format %(refname)%00%(objectname)%00%(*objectname) [22ms]
2026-10-02 10:10:23.174 [info] > git config --get commit.template [53ms]
2026-10-02 10:10:23.188 [info] > git for-each-ref --format=%(refname)%00%(upstream:short)%00%(objectname)%00%(upstream:track)%00%(upstream:remotename)%00%(upstream:remoteref) refs/heads/main refs/remotes/main [18ms]
2026-10-02 10:10:23.296 [info] > git status -z -uall [59ms]
2026-10-02 10:10:23.320 [info] > git for-each-ref --sort -committerdate --format %(refname)%00%(objectname)%00%(*objectname) [35ms]
2026-10-02 10:10:28.480 [info] > git config --get commit.template [48ms]
2026-10-02 10:10:28.495 [info] > git for-each-ref --format=%(refname)%00%(upstream:short)%00%(objectname)%00%(upstream:track)%00%(upstream:remotename)%00%(upstream:remoteref) refs/heads/main refs/remotes/main [18ms]
2026-10-02 10:10:28.596 [info] > git status -z -uall [56ms]
2026-10-02 10:10:28.609 [info] > git for-each-ref --sort -committerdate --format %(refname)%00%(objectname)%00%(*objectname) [19ms]
2026-10-02 10:10:33.771 [info] > git config --get commit.template [57ms]
2026-10-02 10:10:33.788 [info] > git for-each-ref --format=%(refname)%00%(upstream:short)%00%(objectname)%00%(upstream:track)%00%(upstream:remotename)%00%(upstream:remoteref) refs/heads/main refs/remotes/main [26ms]
2026-10-02 10:10:33.900 [info] > git status -z -uall [65ms]
2026-10-02 10:10:33.914 [info] > git for-each-ref --sort -committerdate --format %(refname)%00%(objectname)%00%(*objectname) [29ms]
2026-10-02 10:10:39.099 [info] > git config --get commit.template [57ms]
2026-10-02 10:10:39.114 [info] > git for-each-ref --format=%(refname)%00%(upstream:short)%00%(objectname)%00%(upstream:track)%00%(upstream:remotename)%00%(upstream:remoteref) refs/heads/main refs/remotes/main [21ms]
2026-10-02 10:10:39.233 [info] > git status -z -uall [67ms]
2026-10-02 10:10:39.251 [info] > git for-each-ref --sort -committerdate --format %(refname)%00%(objectname)%00%(*objectname) [30ms]
2026-10-02 10:10:44.428 [info] > git config --get commit.template [62ms]
2026-10-02 10:10:44.443 [info] > git for-each-ref --format=%(refname)%00%(upstream:short)%00%(objectname)%00%(upstream:track)%00%(upstream:remotename)%00%(upstream:remoteref) refs/heads/main refs/remotes/main [20ms]
2026-10-02 10:10:44.586 [info] > git status -z -uall [86ms]
2026-10-02 10:10:44.600 [info] > git for-each-ref --sort -committerdate --format %(refname)%00%(objectname)%00%(*objectname) [48ms]
2026-10-02 10:10:49.783 [info] > git config --get commit.template [48ms]
2026-10-02 10:10:49.800 [info] > git for-each-ref --format=%(refname)%00%(upstream:short)%00%(objectname)%00%(upstream:track)%00%(upstream:remotename)%00%(upstream:remoteref) refs/heads/main refs/remotes/main [21ms]
2026-10-02 10:10:49.912 [info] > git status -z -uall [60ms]
2026-10-02 10:10:49.925 [info] > git for-each-ref --sort -committerdate --format %(refname)%00%(objectname)%00%(*objectname) [27ms]
2026-10-02 10:10:55.088 [info] > git config --get commit.template [45ms]
2026-10-02 10:10:55.103 [info] > git for-each-ref --format=%(refname)%00%(upstream:short)%00%(objectname)%00%(upstream:track)%00%(upstream:remotename)%00%(upstream:remoteref) refs/heads/main refs/remotes/main [19ms]
2026-10-02 10:10:55.206 [info] > git status -z -uall [58ms]
2026-10-02 10:10:55.220 [info] > git for-each-ref --sort -committerdate --format %(refname)%00%(objectname)%00%(*objectname) [26ms]
2026-10-02 10:11:00.388 [info] > git config --get commit.template [52ms]
2026-10-02 10:11:00.399 [info] > git for-each-ref --format=%(refname)%00%(upstream:short)%00%(objectname)%00%(upstream:track)%00%(upstream:remotename)%00%(upstream:remoteref) refs/heads/main refs/remotes/main [17ms]
2026-10-02 10:11:00.509 [info] > git status -z -uall [59ms]
2026-10-02 10:11:00.523 [info] > git for-each-ref --sort -committerdate --format %(refname)%00%(objectname)%00%(*objectname) [25ms]
2026-10-02 10:11:05.697 [info] > git config --get commit.template [48ms]
2026-10-02 10:11:05.712 [info] > git for-each-ref --format=%(refname)%00%(upstream:short)%00%(objectname)%00%(upstream:track)%00%(upstream:remotename)%00%(upstream:remoteref) refs/heads/main refs/remotes/main [18ms]
2026-10-02 10:11:05.816 [info] > git status -z -uall [57ms]
2026-10-02 10:11:05.830 [info] > git for-each-ref --sort -committerdate --format %(refname)%00%(objectname)%00%(*objectname) [21ms]
2026-10-02 10:12:38.099 [info] > git config --get commit.template [89ms]
2026-10-02 10:12:38.119 [info] > git for-each-ref --format=%(refname)%00%(upstream:short)%00%(objectname)%00%(upstream:track)%00%(upstream:remotename)%00%(upstream:remoteref) refs/heads/main refs/remotes/main [27ms]
2026-10-02 10:12:38.274 [info] > git for-each-ref --sort -committerdate --format %(refname)%00%(objectname)%00%(*objectname) [24ms]
2026-10-02 10:12:39.647 [info] > git status -z -uall [1455ms]
2026-10-02 10:15:24.242 [info] > git config --get commit.template [68ms]
2026-10-02 10:15:24.270 [info] > git for-each-ref --format=%(refname)%00%(upstream:short)%00%(objectname)%00%(upstream:track)%00%(upstream:remotename)%00%(upstream:remoteref) refs/heads/main refs/remotes/main [37ms]
2026-10-02 10:15:24.388 [info] > git for-each-ref --sort -committerdate --format %(refname)%00%(objectname)%00%(*objectname) [21ms]
2026-10-02 10:15:24.401 [info] > git status -z -uall [83ms]
2026-10-02 10:15:29.586 [info] > git config --get commit.template [56ms]
2026-10-02 10:15:29.602 [info] > git for-each-ref --format=%(refname)%00%(upstream:short)%00%(objectname)%00%(upstream:track)%00%(upstream:remotename)%00%(upstream:remoteref) refs/heads/main refs/remotes/main [20ms]
2026-10-02 10:15:29.721 [info] > git status -z -uall [67ms]
2026-10-02 10:15:29.739 [info] > git for-each-ref --sort -committerdate --format %(refname)%00%(objectname)%00%(*objectname) [34ms]
2026-10-02 10:15:39.548 [info] > git config --get commit.template [63ms]
2026-10-02 10:15:39.562 [info] > git for-each-ref --format=%(refname)%00%(upstream:short)%00%(objectname)%00%(upstream:track)%00%(upstream:remotename)%00%(upstream:remoteref) refs/heads/main refs/remotes/main [20ms]
2026-10-02 10:15:39.678 [info] > git for-each-ref --sort -committerdate --format %(refname)%00%(objectname)%00%(*objectname) [20ms]
2026-10-02 10:15:39.681 [info] > git status -z -uall [69ms]
2026-10-02 10:15:44.888 [info] > git config --get commit.template [62ms]
2026-10-02 10:15:44.893 [info] > git for-each-ref --format=%(refname)%00%(upstream:short)%00%(objectname)%00%(upstream:track)%00%(upstream:remotename)%00%(upstream:remoteref) refs/heads/main refs/remotes/main [23ms]
2026-10-02 10:15:45.002 [info] > git status -z -uall [62ms]
2026-10-02 10:15:45.017 [info] > git for-each-ref --sort -committerdate --format %(refname)%00%(objectname)%00%(*objectname) [30ms]
2026-10-02 10:15:50.192 [info] > git config --get commit.template [62ms]
2026-10-02 10:15:50.204 [info] > git for-each-ref --format=%(refname)%00%(upstream:short)%00%(objectname)%00%(upstream:track)%00%(upstream:remotename)%00%(upstream:remoteref) refs/heads/main refs/remotes/main [20ms]
2026-10-02 10:15:50.312 [info] > git status -z -uall [58ms]
2026-10-02 10:15:50.324 [info] > git for-each-ref --sort -committerdate --format %(refname)%00%(objectname)%00%(*objectname) [20ms]
2026-10-02 10:15:55.489 [info] > git config --get commit.template [47ms]
2026-10-02 10:15:55.504 [info] > git for-each-ref --format=%(refname)%00%(upstream:short)%00%(objectname)%00%(upstream:track)%00%(upstream:remotename)%00%(upstream:remoteref) refs/heads/main refs/remotes/main [19ms]
2026-10-02 10:15:55.605 [info] > git status -z -uall [57ms]
2026-10-02 10:15:55.618 [info] > git for-each-ref --sort -committerdate --format %(refname)%00%(objectname)%00%(*objectname) [21ms]
2026-10-02 10:16:02.757 [info] > git config --get commit.template [60ms]
2026-10-02 10:16:02.770 [info] > git for-each-ref --format=%(refname)%00%(upstream:short)%00%(objectname)%00%(upstream:track)%00%(upstream:remotename)%00%(upstream:remoteref) refs/heads/main refs/remotes/main [17ms]
2026-10-02 10:16:02.880 [info] > git status -z -uall [62ms]
2026-10-02 10:16:02.896 [info] > git for-each-ref --sort -committerdate --format %(refname)%00%(objectname)%00%(*objectname) [32ms]
2026-10-02 10:17:17.581 [info] > git config --get commit.template [129ms]
2026-10-02 10:17:17.617 [info] > git for-each-ref --format=%(refname)%00%(upstream:short)%00%(objectname)%00%(upstream:track)%00%(upstream:remotename)%00%(upstream:remoteref) refs/heads/main refs/remotes/main [41ms]
2026-10-02 10:17:17.804 [info] > git for-each-ref --sort -committerdate --format %(refname)%00%(objectname)%00%(*objectname) [48ms]
2026-10-02 10:17:18.292 [info] > git status -z -uall [608ms]
2026-10-02 10:33:08.281 [info] > git config --get commit.template [425ms]
2026-10-02 10:33:08.283 [info] > git for-each-ref --format=%(refname)%00%(upstream:short)%00%(objectname)%00%(upstream:track)%00%(upstream:remotename)%00%(upstream:remoteref) refs/heads/main refs/remotes/main [386ms]
2026-10-02 10:33:08.773 [info] > git for-each-ref --sort -committerdate --format %(refname)%00%(objectname)%00%(*objectname) [412ms]
2026-10-02 10:33:08.965 [info] > git status -z -uall [645ms]
2026-10-02 10:33:14.142 [info] > git check-ignore -v -z --stdin [57ms]
2026-10-02 10:33:14.196 [info] > git config --get commit.template [58ms]
2026-10-02 10:33:14.212 [info] > git for-each-ref --format=%(refname)%00%(upstream:short)%00%(objectname)%00%(upstream:track)%00%(upstream:remotename)%00%(upstream:remoteref) refs/heads/main refs/remotes/main [23ms]
2026-10-02 10:33:14.331 [info] > git for-each-ref --sort -committerdate --format %(refname)%00%(objectname)%00%(*objectname) [16ms]
2026-10-02 10:33:14.363 [info] > git status -z -uall [102ms]
2026-10-02 10:33:16.428 [info] > git check-ignore -v -z --stdin [18ms]
2026-10-02 10:33:19.195 [info] > git check-ignore -v -z --stdin [18ms]
2026-10-02 10:33:19.569 [info] > git config --get commit.template [48ms]
2026-10-02 10:33:19.585 [info] > git for-each-ref --format=%(refname)%00%(upstream:short)%00%(objectname)%00%(upstream:track)%00%(upstream:remotename)%00%(upstream:remoteref) refs/heads/main refs/remotes/main [19ms]
2026-10-02 10:33:19.692 [info] > git for-each-ref --sort -committerdate --format %(refname)%00%(objectname)%00%(*objectname) [18ms]
2026-10-02 10:33:19.734 [info] > git status -z -uall [99ms]
2026-10-02 10:33:25.087 [info] > git config --get commit.template [144ms]
2026-10-02 10:33:25.092 [info] > git for-each-ref --format=%(refname)%00%(upstream:short)%00%(objectname)%00%(upstream:track)%00%(upstream:remotename)%00%(upstream:remoteref) refs/heads/main refs/remotes/main [62ms]
2026-10-02 10:33:25.291 [info] > git for-each-ref --sort -committerdate --format %(refname)%00%(objectname)%00%(*objectname) [48ms]
2026-10-02 10:33:25.500 [info] > git status -z -uall [332ms]
2026-10-02 10:33:32.943 [info] > git config --get commit.template [206ms]
2026-10-02 10:33:33.033 [info] > git for-each-ref --format=%(refname)%00%(upstream:short)%00%(objectname)%00%(upstream:track)%00%(upstream:remotename)%00%(upstream:remoteref) refs/heads/main refs/remotes/main [100ms]
2026-10-02 10:33:33.252 [info] > git for-each-ref --sort -committerdate --format %(refname)%00%(objectname)%00%(*objectname) [49ms]
2026-10-02 10:33:35.833 [info] > git status -z -uall [2726ms]
2026-10-02 10:34:27.534 [info] > git check-ignore -v -z --stdin [87ms]
2026-10-02 10:34:28.510 [info] > git config --get commit.template [50ms]
2026-10-02 10:34:28.612 [info] > git for-each-ref --format=%(refname)%00%(upstream:short)%00%(objectname)%00%(upstream:track)%00%(upstream:remotename)%00%(upstream:remoteref) refs/heads/main refs/remotes/main [43ms]
2026-10-02 10:34:29.078 [info] > git for-each-ref --sort -committerdate --format %(refname)%00%(objectname)%00%(*objectname) [133ms]
2026-10-02 10:34:29.566 [info] > git status -z -uall [683ms]
2026-10-02 10:34:34.826 [info] > git config --get commit.template [69ms]
2026-10-02 10:34:34.835 [info] > git for-each-ref --format=%(refname)%00%(upstream:short)%00%(objectname)%00%(upstream:track)%00%(upstream:remotename)%00%(upstream:remoteref) refs/heads/main refs/remotes/main [21ms]
2026-10-02 10:34:34.981 [info] > git for-each-ref --sort -committerdate --format %(refname)%00%(objectname)%00%(*objectname) [36ms]
2026-10-02 10:34:35.080 [info] > git status -z -uall [187ms]
2026-10-02 10:34:40.331 [info] > git config --get commit.template [66ms]
2026-10-02 10:34:40.343 [info] > git for-each-ref --format=%(refname)%00%(upstream:short)%00%(objectname)%00%(upstream:track)%00%(upstream:remotename)%00%(upstream:remoteref) refs/heads/main refs/remotes/main [22ms]
2026-10-02 10:34:40.479 [info] > git for-each-ref --sort -committerdate --format %(refname)%00%(objectname)%00%(*objectname) [20ms]
2026-10-02 10:34:40.675 [info] > git status -z -uall [273ms]
2026-10-02 10:34:45.922 [info] > git config --get commit.template [69ms]
2026-10-02 10:34:45.946 [info] > git for-each-ref --format=%(refname)%00%(upstream:short)%00%(objectname)%00%(upstream:track)%00%(upstream:remotename)%00%(upstream:remoteref) refs/heads/main refs/remotes/main [30ms]
2026-10-02 10:34:46.101 [info] > git for-each-ref --sort -committerdate --format %(refname)%00%(objectname)%00%(*objectname) [28ms]
2026-10-02 10:34:46.584 [info] > git status -z -uall [571ms]
2026-10-02 10:34:51.832 [info] > git config --get commit.template [70ms]
2026-10-02 10:34:51.847 [info] > git for-each-ref --format=%(refname)%00%(upstream:short)%00%(objectname)%00%(upstream:track)%00%(upstream:remotename)%00%(upstream:remoteref) refs/heads/main refs/remotes/main [19ms]
2026-10-02 10:34:51.997 [info] > git for-each-ref --sort -committerdate --format %(refname)%00%(objectname)%00%(*objectname) [20ms]
2026-10-02 10:34:52.032 [info] > git status -z -uall [116ms]
2026-10-02 10:34:57.267 [info] > git config --get commit.template [53ms]
2026-10-02 10:34:57.281 [info] > git for-each-ref --format=%(refname)%00%(upstream:short)%00%(objectname)%00%(upstream:track)%00%(upstream:remotename)%00%(upstream:remoteref) refs/heads/main refs/remotes/main [18ms]
2026-10-02 10:34:57.423 [info] > git for-each-ref --sort -committerdate --format %(refname)%00%(objectname)%00%(*objectname) [18ms]
2026-10-02 10:34:57.449 [info] > git status -z -uall [103ms]
2026-10-02 10:35:02.690 [info] > git config --get commit.template [64ms]
2026-10-02 10:35:02.698 [info] > git for-each-ref --format=%(refname)%00%(upstream:short)%00%(objectname)%00%(upstream:track)%00%(upstream:remotename)%00%(upstream:remoteref) refs/heads/main refs/remotes/main [17ms]
2026-10-02 10:35:02.832 [info] > git for-each-ref --sort -committerdate --format %(refname)%00%(objectname)%00%(*objectname) [23ms]
2026-10-02 10:35:02.866 [info] > git status -z -uall [112ms]
2026-10-02 10:35:08.106 [info] > git config --get commit.template [69ms]
2026-10-02 10:35:08.121 [info] > git for-each-ref --format=%(refname)%00%(upstream:short)%00%(objectname)%00%(upstream:track)%00%(upstream:remotename)%00%(upstream:remoteref) refs/heads/main refs/remotes/main [20ms]
2026-10-02 10:35:08.265 [info] > git for-each-ref --sort -committerdate --format %(refname)%00%(objectname)%00%(*objectname) [18ms]
2026-10-02 10:35:08.379 [info] > git status -z -uall [190ms]
2026-10-02 10:35:13.618 [info] > git config --get commit.template [63ms]
2026-10-02 10:35:13.634 [info] > git for-each-ref --format=%(refname)%00%(upstream:short)%00%(objectname)%00%(upstream:track)%00%(upstream:remotename)%00%(upstream:remoteref) refs/heads/main refs/remotes/main [20ms]
2026-10-02 10:35:13.781 [info] > git for-each-ref --sort -committerdate --format %(refname)%00%(objectname)%00%(*objectname) [21ms]
2026-10-02 10:35:13.807 [info] > git status -z -uall [108ms]
2026-10-02 10:35:19.052 [info] > git config --get commit.template [58ms]
2026-10-02 10:35:19.071 [info] > git for-each-ref --format=%(refname)%00%(upstream:short)%00%(objectname)%00%(upstream:track)%00%(upstream:remotename)%00%(upstream:remoteref) refs/heads/main refs/remotes/main [24ms]
2026-10-02 10:35:19.190 [info] > git for-each-ref --sort -committerdate --format %(refname)%00%(objectname)%00%(*objectname) [21ms]
2026-10-02 10:35:19.699 [info] > git status -z -uall [581ms]
2026-10-02 10:35:24.916 [info] > git config --get commit.template [60ms]
2026-10-02 10:35:24.926 [info] > git for-each-ref --format=%(refname)%00%(upstream:short)%00%(objectname)%00%(upstream:track)%00%(upstream:remotename)%00%(upstream:remoteref) refs/heads/main refs/remotes/main [19ms]
2026-10-02 10:35:25.063 [info] > git for-each-ref --sort -committerdate --format %(refname)%00%(objectname)%00%(*objectname) [21ms]
2026-10-02 10:35:25.090 [info] > git status -z -uall [109ms]
2026-10-02 10:35:35.700 [info] > git config --get commit.template [86ms]
2026-10-02 10:35:35.710 [info] > git for-each-ref --format=%(refname)%00%(upstream:short)%00%(objectname)%00%(upstream:track)%00%(upstream:remotename)%00%(upstream:remoteref) refs/heads/main refs/remotes/main [39ms]
2026-10-02 10:35:35.980 [info] > git for-each-ref --sort -committerdate --format %(refname)%00%(objectname)%00%(*objectname) [146ms]
2026-10-02 10:35:36.925 [info] > git status -z -uall [1154ms]
2026-10-02 10:35:42.188 [info] > git config --get commit.template [110ms]
2026-10-02 10:35:42.203 [info] > git for-each-ref --format=%(refname)%00%(upstream:short)%00%(objectname)%00%(upstream:track)%00%(upstream:remotename)%00%(upstream:remoteref) refs/heads/main refs/remotes/main [48ms]
2026-10-02 10:35:42.352 [info] > git for-each-ref --sort -committerdate --format %(refname)%00%(objectname)%00%(*objectname) [27ms]
2026-10-02 10:35:43.078 [info] > git status -z -uall [815ms]
2026-10-02 10:35:48.339 [info] > git config --get commit.template [63ms]
2026-10-02 10:35:48.354 [info] > git for-each-ref --format=%(refname)%00%(upstream:short)%00%(objectname)%00%(upstream:track)%00%(upstream:remotename)%00%(upstream:remoteref) refs/heads/main refs/remotes/main [18ms]
2026-10-02 10:35:48.491 [info] > git for-each-ref --sort -committerdate --format %(refname)%00%(objectname)%00%(*objectname) [18ms]
2026-10-02 10:35:48.515 [info] > git status -z -uall [105ms]
2026-10-02 10:37:53.135 [info] > git config --get commit.template [96ms]
2026-10-02 10:37:53.154 [info] > git for-each-ref --format=%(refname)%00%(upstream:short)%00%(objectname)%00%(upstream:track)%00%(upstream:remotename)%00%(upstream:remoteref) refs/heads/main refs/remotes/main [61ms]
2026-10-02 10:37:53.253 [info] > git for-each-ref --sort -committerdate --format %(refname)%00%(objectname)%00%(*objectname) [22ms]
2026-10-02 10:37:53.754 [info] > git status -z -uall [560ms]
2026-10-02 10:37:58.962 [info] > git config --get commit.template [52ms]
2026-10-02 10:37:58.971 [info] > git for-each-ref --format=%(refname)%00%(upstream:short)%00%(objectname)%00%(upstream:track)%00%(upstream:remotename)%00%(upstream:remoteref) refs/heads/main refs/remotes/main [17ms]
2026-10-02 10:37:59.093 [info] > git for-each-ref --sort -committerdate --format %(refname)%00%(objectname)%00%(*objectname) [29ms]
2026-10-02 10:37:59.141 [info] > git status -z -uall [126ms]
2026-10-02 10:38:04.344 [info] > git config --get commit.template [49ms]
2026-10-02 10:38:04.359 [info] > git for-each-ref --format=%(refname)%00%(upstream:short)%00%(objectname)%00%(upstream:track)%00%(upstream:remotename)%00%(upstream:remoteref) refs/heads/main refs/remotes/main [19ms]
2026-10-02 10:38:04.462 [info] > git for-each-ref --sort -committerdate --format %(refname)%00%(objectname)%00%(*objectname) [18ms]
2026-10-02 10:38:04.499 [info] > git status -z -uall [98ms]
2026-10-02 10:52:12.194 [info] > git config --get commit.template [65ms]
2026-10-02 10:52:12.218 [info] > git for-each-ref --format=%(refname)%00%(upstream:short)%00%(objectname)%00%(upstream:track)%00%(upstream:remotename)%00%(upstream:remoteref) refs/heads/main refs/remotes/main [49ms]
2026-10-02 10:52:12.318 [info] > git for-each-ref --sort -committerdate --format %(refname)%00%(objectname)%00%(*objectname) [25ms]
2026-10-02 10:52:12.777 [info] > git check-ignore -v -z --stdin [20ms]
2026-10-02 10:52:12.814 [info] > git status -z -uall [557ms]
2026-10-02 10:52:18.027 [info] > git config --get commit.template [46ms]
2026-10-02 10:52:18.045 [info] > git for-each-ref --format=%(refname)%00%(upstream:short)%00%(objectname)%00%(upstream:track)%00%(upstream:remotename)%00%(upstream:remoteref) refs/heads/main refs/remotes/main [22ms]
2026-10-02 10:52:18.149 [info] > git for-each-ref --sort -committerdate --format %(refname)%00%(objectname)%00%(*objectname) [21ms]
2026-10-02 10:52:18.206 [info] > git status -z -uall [119ms]
2026-10-02 10:52:23.459 [info] > git config --get commit.template [72ms]
2026-10-02 10:52:23.462 [info] > git for-each-ref --format=%(refname)%00%(upstream:short)%00%(objectname)%00%(upstream:track)%00%(upstream:remotename)%00%(upstream:remoteref) refs/heads/main refs/remotes/main [24ms]
2026-10-02 10:52:23.584 [info] > git for-each-ref --sort -committerdate --format %(refname)%00%(objectname)%00%(*objectname) [24ms]
2026-10-02 10:52:23.783 [info] > git status -z -uall [275ms]
2026-10-02 10:52:29.028 [info] > git config --get commit.template [61ms]
2026-10-02 10:52:29.041 [info] > git for-each-ref --format=%(refname)%00%(upstream:short)%00%(objectname)%00%(upstream:track)%00%(upstream:remotename)%00%(upstream:remoteref) refs/heads/main refs/remotes/main [20ms]
2026-10-02 10:52:29.159 [info] > git for-each-ref --sort -committerdate --format %(refname)%00%(objectname)%00%(*objectname) [16ms]
2026-10-02 10:52:29.197 [info] > git status -z -uall [104ms]
2026-10-02 10:52:34.412 [info] > git config --get commit.template [52ms]
2026-10-02 10:52:34.428 [info] > git for-each-ref --format=%(refname)%00%(upstream:short)%00%(objectname)%00%(upstream:track)%00%(upstream:remotename)%00%(upstream:remoteref) refs/heads/main refs/remotes/main [22ms]
2026-10-02 10:52:34.546 [info] > git for-each-ref --sort -committerdate --format %(refname)%00%(objectname)%00%(*objectname) [16ms]
2026-10-02 10:52:34.586 [info] > git status -z -uall [107ms]
2026-10-02 10:52:39.927 [info] > git config --get commit.template [60ms]
2026-10-02 10:52:39.944 [info] > git for-each-ref --format=%(refname)%00%(upstream:short)%00%(objectname)%00%(upstream:track)%00%(upstream:remotename)%00%(upstream:remoteref) refs/heads/main refs/remotes/main [22ms]
2026-10-02 10:52:40.069 [info] > git for-each-ref --sort -committerdate --format %(refname)%00%(objectname)%00%(*objectname) [17ms]
2026-10-02 10:52:40.100 [info] > git status -z -uall [99ms]
2026-10-02 10:52:45.331 [info] > git config --get commit.template [65ms]
2026-10-02 10:52:45.347 [info] > git for-each-ref --format=%(refname)%00%(upstream:short)%00%(objectname)%00%(upstream:track)%00%(upstream:remotename)%00%(upstream:remoteref) refs/heads/main refs/remotes/main [22ms]
2026-10-02 10:52:45.485 [info] > git for-each-ref --sort -committerdate --format %(refname)%00%(objectname)%00%(*objectname) [17ms]
2026-10-02 10:52:45.515 [info] > git status -z -uall [105ms]
2026-10-02 10:52:50.747 [info] > git config --get commit.template [66ms]
2026-10-02 10:52:50.760 [info] > git for-each-ref --format=%(refname)%00%(upstream:short)%00%(objectname)%00%(upstream:track)%00%(upstream:remotename)%00%(upstream:remoteref) refs/heads/main refs/remotes/main [20ms]
2026-10-02 10:52:50.893 [info] > git for-each-ref --sort -committerdate --format %(refname)%00%(objectname)%00%(*objectname) [19ms]
2026-10-02 10:52:50.922 [info] > git status -z -uall [101ms]
2026-10-02 10:52:56.158 [info] > git config --get commit.template [64ms]
2026-10-02 10:52:56.172 [info] > git for-each-ref --format=%(refname)%00%(upstream:short)%00%(objectname)%00%(upstream:track)%00%(upstream:remotename)%00%(upstream:remoteref) refs/heads/main refs/remotes/main [19ms]
2026-10-02 10:52:56.308 [info] > git for-each-ref --sort -committerdate --format %(refname)%00%(objectname)%00%(*objectname) [17ms]
2026-10-02 10:52:56.339 [info] > git status -z -uall [106ms]
2026-10-02 10:53:01.550 [info] > git config --get commit.template [63ms]
2026-10-02 10:53:01.566 [info] > git for-each-ref --format=%(refname)%00%(upstream:short)%00%(objectname)%00%(upstream:track)%00%(upstream:remotename)%00%(upstream:remoteref) refs/heads/main refs/remotes/main [21ms]
2026-10-02 10:53:01.701 [info] > git for-each-ref --sort -committerdate --format %(refname)%00%(objectname)%00%(*objectname) [17ms]
2026-10-02 10:53:01.729 [info] > git status -z -uall [105ms]
2026-10-02 10:53:06.934 [info] > git config --get commit.template [61ms]
2026-10-02 10:53:06.950 [info] > git for-each-ref --format=%(refname)%00%(upstream:short)%00%(objectname)%00%(upstream:track)%00%(upstream:remotename)%00%(upstream:remoteref) refs/heads/main refs/remotes/main [21ms]
2026-10-02 10:53:07.089 [info] > git for-each-ref --sort -committerdate --format %(refname)%00%(objectname)%00%(*objectname) [18ms]
2026-10-02 10:53:07.110 [info] > git status -z -uall [101ms]
2026-10-02 10:53:39.126 [info] > git config --get commit.template [53ms]
2026-10-02 10:53:39.138 [info] > git for-each-ref --format=%(refname)%00%(upstream:short)%00%(objectname)%00%(upstream:track)%00%(upstream:remotename)%00%(upstream:remoteref) refs/heads/main refs/remotes/main [18ms]
2026-10-02 10:53:39.239 [info] > git for-each-ref --sort -committerdate --format %(refname)%00%(objectname)%00%(*objectname) [15ms]
2026-10-02 10:53:39.272 [info] > git status -z -uall [92ms]
2026-10-02 10:59:13.337 [info] > git config --get commit.template [110ms]
2026-10-02 10:59:13.359 [info] > git for-each-ref --format=%(refname)%00%(upstream:short)%00%(objectname)%00%(upstream:track)%00%(upstream:remotename)%00%(upstream:remoteref) refs/heads/main refs/remotes/main [90ms]
2026-10-02 10:59:13.522 [info] > git for-each-ref --sort -committerdate --format %(refname)%00%(objectname)%00%(*objectname) [41ms]
2026-10-02 10:59:14.358 [info] > git status -z -uall [946ms]
2026-10-02 10:59:19.559 [info] > git config --get commit.template [39ms]
2026-10-02 10:59:19.574 [info] > git for-each-ref --format=%(refname)%00%(upstream:short)%00%(objectname)%00%(upstream:track)%00%(upstream:remotename)%00%(upstream:remoteref) refs/heads/main refs/remotes/main [19ms]
2026-10-02 10:59:19.670 [info] > git for-each-ref --sort -committerdate --format %(refname)%00%(objectname)%00%(*objectname) [16ms]
2026-10-02 10:59:19.715 [info] > git status -z -uall [98ms]
2026-10-02 10:59:24.892 [info] > git config --get commit.template [42ms]
2026-10-02 10:59:24.905 [info] > git for-each-ref --format=%(refname)%00%(upstream:short)%00%(objectname)%00%(upstream:track)%00%(upstream:remotename)%00%(upstream:remoteref) refs/heads/main refs/remotes/main [16ms]
2026-10-02 10:59:24.997 [info] > git for-each-ref --sort -committerdate --format %(refname)%00%(objectname)%00%(*objectname) [17ms]
2026-10-02 10:59:25.037 [info] > git status -z -uall [94ms]
2026-10-02 10:59:30.224 [info] > git config --get commit.template [40ms]
2026-10-02 10:59:30.237 [info] > git for-each-ref --format=%(refname)%00%(upstream:short)%00%(objectname)%00%(upstream:track)%00%(upstream:remotename)%00%(upstream:remoteref) refs/heads/main refs/remotes/main [16ms]
2026-10-02 10:59:30.333 [info] > git for-each-ref --sort -committerdate --format %(refname)%00%(objectname)%00%(*objectname) [15ms]
2026-10-02 10:59:30.370 [info] > git status -z -uall [93ms]
2026-10-02 10:59:34.113 [info] > git check-ignore -v -z --stdin [17ms]
2026-10-02 10:59:35.531 [info] > git config --get commit.template [48ms]
2026-10-02 10:59:35.543 [info] > git for-each-ref --format=%(refname)%00%(upstream:short)%00%(objectname)%00%(upstream:track)%00%(upstream:remotename)%00%(upstream:remoteref) refs/heads/main refs/remotes/main [17ms]
2026-10-02 10:59:35.648 [info] > git for-each-ref --sort -committerdate --format %(refname)%00%(objectname)%00%(*objectname) [19ms]
2026-10-02 10:59:35.679 [info] > git status -z -uall [95ms]
2026-10-02 10:59:37.171 [info] > git check-ignore -v -z --stdin [16ms]
2026-10-02 10:59:40.851 [info] > git config --get commit.template [48ms]
2026-10-02 10:59:40.864 [info] > git for-each-ref --format=%(refname)%00%(upstream:short)%00%(objectname)%00%(upstream:track)%00%(upstream:remotename)%00%(upstream:remoteref) refs/heads/main refs/remotes/main [17ms]
2026-10-02 10:59:40.970 [info] > git for-each-ref --sort -committerdate --format %(refname)%00%(objectname)%00%(*objectname) [16ms]
2026-10-02 10:59:40.999 [info] > git status -z -uall [91ms]
2026-10-02 10:59:46.179 [info] > git config --get commit.template [49ms]
2026-10-02 10:59:46.194 [info] > git for-each-ref --format=%(refname)%00%(upstream:short)%00%(objectname)%00%(upstream:track)%00%(upstream:remotename)%00%(upstream:remoteref) refs/heads/main refs/remotes/main [18ms]
2026-10-02 10:59:46.299 [info] > git for-each-ref --sort -committerdate --format %(refname)%00%(objectname)%00%(*objectname) [15ms]
2026-10-02 10:59:46.330 [info] > git status -z -uall [92ms]
2026-10-02 10:59:51.445 [info] > git check-ignore -v -z --stdin [62ms]
2026-10-02 10:59:51.496 [info] > git config --get commit.template [52ms]
2026-10-02 10:59:51.511 [info] > git for-each-ref --format=%(refname)%00%(upstream:short)%00%(objectname)%00%(upstream:track)%00%(upstream:remotename)%00%(upstream:remoteref) refs/heads/main refs/remotes/main [19ms]
2026-10-02 10:59:51.622 [info] > git for-each-ref --sort -committerdate --format %(refname)%00%(objectname)%00%(*objectname) [16ms]
2026-10-02 10:59:51.658 [info] > git status -z -uall [96ms]
2026-10-02 10:59:54.073 [info] > git check-ignore -v -z --stdin [19ms]
2026-10-02 10:59:55.808 [info] > git check-ignore -v -z --stdin [15ms]
2026-10-02 10:59:56.832 [info] > git config --get commit.template [46ms]
2026-10-02 10:59:56.845 [info] > git for-each-ref --format=%(refname)%00%(upstream:short)%00%(objectname)%00%(upstream:track)%00%(upstream:remotename)%00%(upstream:remoteref) refs/heads/main refs/remotes/main [16ms]
2026-10-02 10:59:56.959 [info] > git for-each-ref --sort -committerdate --format %(refname)%00%(objectname)%00%(*objectname) [21ms]
2026-10-02 10:59:56.993 [info] > git status -z -uall [102ms]
2026-10-02 10:59:59.078 [info] > git check-ignore -v -z --stdin [13ms]
2026-10-02 11:00:01.086 [info] > git check-ignore -v -z --stdin [17ms]
2026-10-02 11:00:02.167 [info] > git config --get commit.template [42ms]
2026-10-02 11:00:02.179 [info] > git for-each-ref --format=%(refname)%00%(upstream:short)%00%(objectname)%00%(upstream:track)%00%(upstream:remotename)%00%(upstream:remoteref) refs/heads/main refs/remotes/main [16ms]
2026-10-02 11:00:02.285 [info] > git for-each-ref --sort -committerdate --format %(refname)%00%(objectname)%00%(*objectname) [15ms]
2026-10-02 11:00:02.315 [info] > git status -z -uall [94ms]
2026-10-02 11:00:06.414 [info] > git check-ignore -v -z --stdin [18ms]
2026-10-02 11:00:07.486 [info] > git config --get commit.template [42ms]
2026-10-02 11:00:07.500 [info] > git for-each-ref --format=%(refname)%00%(upstream:short)%00%(objectname)%00%(upstream:track)%00%(upstream:remotename)%00%(upstream:remoteref) refs/heads/main refs/remotes/main [17ms]
2026-10-02 11:00:07.604 [info] > git for-each-ref --sort -committerdate --format %(refname)%00%(objectname)%00%(*objectname) [16ms]
2026-10-02 11:00:07.634 [info] > git status -z -uall [92ms]
2026-10-02 11:00:12.856 [info] > git config --get commit.template [53ms]
2026-10-02 11:00:12.874 [info] > git for-each-ref --format=%(refname)%00%(upstream:short)%00%(objectname)%00%(upstream:track)%00%(upstream:remotename)%00%(upstream:remoteref) refs/heads/main refs/remotes/main [23ms]
2026-10-02 11:00:12.979 [info] > git for-each-ref --sort -committerdate --format %(refname)%00%(objectname)%00%(*objectname) [20ms]
2026-10-02 11:00:13.670 [info] > git status -z -uall [755ms]
2026-10-02 11:00:18.994 [info] > git config --get commit.template [162ms]
2026-10-02 11:00:19.018 [info] > git for-each-ref --format=%(refname)%00%(upstream:short)%00%(objectname)%00%(upstream:track)%00%(upstream:remotename)%00%(upstream:remoteref) refs/heads/main refs/remotes/main [130ms]
2026-10-02 11:00:19.184 [info] > git for-each-ref --sort -committerdate --format %(refname)%00%(objectname)%00%(*objectname) [27ms]
2026-10-02 11:00:19.842 [info] > git status -z -uall [750ms]
2026-10-02 11:00:25.125 [info] > git config --get commit.template [104ms]
2026-10-02 11:00:25.155 [info] > git for-each-ref --format=%(refname)%00%(upstream:short)%00%(objectname)%00%(upstream:track)%00%(upstream:remotename)%00%(upstream:remoteref) refs/heads/main refs/remotes/main [43ms]
2026-10-02 11:00:25.452 [info] > git for-each-ref --sort -committerdate --format %(refname)%00%(objectname)%00%(*objectname) [122ms]
2026-10-02 11:00:25.466 [info] > git check-ignore -v -z --stdin [22ms]
2026-10-02 11:00:25.834 [info] > git show --textconv :README.md [60ms]
2026-10-02 11:00:25.855 [info] > git ls-files --stage -- README.md [23ms]
2026-10-02 11:00:25.931 [info] > git cat-file -s 1b2106812a726fe8b72154d6477605aa445e23bd [18ms]
2026-10-02 11:00:26.072 [info] > git status -z -uall [819ms]
2026-10-02 11:00:28.244 [info] > git check-ignore -v -z --stdin [27ms]
2026-10-02 11:00:30.581 [info] > git check-ignore -v -z --stdin [18ms]
2026-10-02 11:00:30.722 [info] > git show --textconv :README.md [64ms]
2026-10-02 11:00:30.739 [info] > git ls-files --stage -- README.md [20ms]
2026-10-02 11:00:30.819 [info] > git cat-file -s 1b2106812a726fe8b72154d6477605aa445e23bd [19ms]
2026-10-02 11:00:31.299 [info] > git config --get commit.template [57ms]
2026-10-02 11:00:31.314 [info] > git for-each-ref --format=%(refname)%00%(upstream:short)%00%(objectname)%00%(upstream:track)%00%(upstream:remotename)%00%(upstream:remoteref) refs/heads/main refs/remotes/main [19ms]
2026-10-02 11:00:31.439 [info] > git for-each-ref --sort -committerdate --format %(refname)%00%(objectname)%00%(*objectname) [20ms]
2026-10-02 11:00:31.682 [info] > git status -z -uall [316ms]
2026-10-02 11:00:33.670 [info] > git check-ignore -v -z --stdin [18ms]
2026-10-02 11:00:36.951 [info] > git config --get commit.template [73ms]
2026-10-02 11:00:36.969 [info] > git for-each-ref --format=%(refname)%00%(upstream:short)%00%(objectname)%00%(upstream:track)%00%(upstream:remotename)%00%(upstream:remoteref) refs/heads/main refs/remotes/main [22ms]
2026-10-02 11:00:37.129 [info] > git for-each-ref --sort -committerdate --format %(refname)%00%(objectname)%00%(*objectname) [18ms]
2026-10-02 11:00:37.150 [info] > git status -z -uall [106ms]
2026-10-02 11:00:39.183 [info] > git check-ignore -v -z --stdin [18ms]
2026-10-02 11:00:42.423 [info] > git config --get commit.template [81ms]
2026-10-02 11:00:42.438 [info] > git for-each-ref --format=%(refname)%00%(upstream:short)%00%(objectname)%00%(upstream:track)%00%(upstream:remotename)%00%(upstream:remoteref) refs/heads/main refs/remotes/main [21ms]
2026-10-02 11:00:42.603 [info] > git for-each-ref --sort -committerdate --format %(refname)%00%(objectname)%00%(*objectname) [29ms]
2026-10-02 11:00:42.637 [info] > git status -z -uall [131ms]
2026-10-02 11:00:44.721 [info] > git check-ignore -v -z --stdin [26ms]
2026-10-02 11:01:37.068 [info] > git config --get commit.template [96ms]
2026-10-02 11:01:37.077 [info] > git for-each-ref --format=%(refname)%00%(upstream:short)%00%(objectname)%00%(upstream:track)%00%(upstream:remotename)%00%(upstream:remoteref) refs/heads/main refs/remotes/main [42ms]
2026-10-02 11:01:37.242 [info] > git for-each-ref --sort -committerdate --format %(refname)%00%(objectname)%00%(*objectname) [22ms]
2026-10-02 11:01:37.758 [info] > git status -z -uall [605ms]
2026-10-02 11:01:39.784 [info] > git check-ignore -v -z --stdin [17ms]
2026-10-02 11:01:42.993 [info] > git config --get commit.template [52ms]
2026-10-02 11:01:43.010 [info] > git for-each-ref --format=%(refname)%00%(upstream:short)%00%(objectname)%00%(upstream:track)%00%(upstream:remotename)%00%(upstream:remoteref) refs/heads/main refs/remotes/main [21ms]
2026-10-02 11:01:43.120 [info] > git for-each-ref --sort -committerdate --format %(refname)%00%(objectname)%00%(*objectname) [22ms]
2026-10-02 11:01:43.166 [info] > git status -z -uall [111ms]
2026-10-02 11:01:45.148 [info] > git check-ignore -v -z --stdin [17ms]
2026-10-02 11:01:46.032 [info] > git check-ignore -v -z --stdin [20ms]
2026-10-02 11:01:48.390 [info] > git config --get commit.template [50ms]
2026-10-02 11:01:48.406 [info] > git for-each-ref --format=%(refname)%00%(upstream:short)%00%(objectname)%00%(upstream:track)%00%(upstream:remotename)%00%(upstream:remoteref) refs/heads/main refs/remotes/main [21ms]
2026-10-02 11:01:48.520 [info] > git for-each-ref --sort -committerdate --format %(refname)%00%(objectname)%00%(*objectname) [19ms]
2026-10-02 11:01:48.578 [info] > git status -z -uall [125ms]
2026-10-02 11:01:50.573 [info] > git check-ignore -v -z --stdin [19ms]
2026-10-02 11:01:53.797 [info] > git config --get commit.template [52ms]
2026-10-02 11:01:53.813 [info] > git for-each-ref --format=%(refname)%00%(upstream:short)%00%(objectname)%00%(upstream:track)%00%(upstream:remotename)%00%(upstream:remoteref) refs/heads/main refs/remotes/main [20ms]
2026-10-02 11:01:53.925 [info] > git for-each-ref --sort -committerdate --format %(refname)%00%(objectname)%00%(*objectname) [16ms]
2026-10-02 11:01:53.962 [info] > git status -z -uall [104ms]
2026-10-02 11:01:55.991 [info] > git check-ignore -v -z --stdin [16ms]
2026-10-02 11:01:59.182 [info] > git config --get commit.template [58ms]
2026-10-02 11:01:59.196 [info] > git for-each-ref --format=%(refname)%00%(upstream:short)%00%(objectname)%00%(upstream:track)%00%(upstream:remotename)%00%(upstream:remoteref) refs/heads/main refs/remotes/main [18ms]
2026-10-02 11:01:59.298 [info] > git for-each-ref --sort -committerdate --format %(refname)%00%(objectname)%00%(*objectname) [17ms]
2026-10-02 11:01:59.346 [info] > git status -z -uall [107ms]
2026-10-02 11:02:01.303 [info] > git check-ignore -v -z --stdin [16ms]
2026-10-02 11:02:04.571 [info] > git config --get commit.template [57ms]
2026-10-02 11:02:04.590 [info] > git for-each-ref --format=%(refname)%00%(upstream:short)%00%(objectname)%00%(upstream:track)%00%(upstream:remotename)%00%(upstream:remoteref) refs/heads/main refs/remotes/main [22ms]
2026-10-02 11:02:04.719 [info] > git for-each-ref --sort -committerdate --format %(refname)%00%(objectname)%00%(*objectname) [17ms]
2026-10-02 11:02:04.752 [info] > git status -z -uall [106ms]
2026-10-02 11:02:06.749 [info] > git check-ignore -v -z --stdin [17ms]
2026-10-02 11:02:09.988 [info] > git config --get commit.template [61ms]
2026-10-02 11:02:10.001 [info] > git for-each-ref --format=%(refname)%00%(upstream:short)%00%(objectname)%00%(upstream:track)%00%(upstream:remotename)%00%(upstream:remoteref) refs/heads/main refs/remotes/main [17ms]
2026-10-02 11:02:10.142 [info] > git for-each-ref --sort -committerdate --format %(refname)%00%(objectname)%00%(*objectname) [19ms]
2026-10-02 11:02:10.167 [info] > git status -z -uall [104ms]
2026-10-02 11:02:12.225 [info] > git check-ignore -v -z --stdin [18ms]
2026-10-02 11:02:15.405 [info] > git config --get commit.template [67ms]
2026-10-02 11:02:15.423 [info] > git for-each-ref --format=%(refname)%00%(upstream:short)%00%(objectname)%00%(upstream:track)%00%(upstream:remotename)%00%(upstream:remoteref) refs/heads/main refs/remotes/main [22ms]
2026-10-02 11:02:15.577 [info] > git for-each-ref --sort -committerdate --format %(refname)%00%(objectname)%00%(*objectname) [18ms]
2026-10-02 11:02:15.599 [info] > git status -z -uall [106ms]
2026-10-02 11:02:17.793 [info] > git check-ignore -v -z --stdin [18ms]
2026-10-02 11:02:20.848 [info] > git config --get commit.template [73ms]
2026-10-02 11:02:20.865 [info] > git for-each-ref --format=%(refname)%00%(upstream:short)%00%(objectname)%00%(upstream:track)%00%(upstream:remotename)%00%(upstream:remoteref) refs/heads/main refs/remotes/main [20ms]
2026-10-02 11:02:21.022 [info] > git for-each-ref --sort -committerdate --format %(refname)%00%(objectname)%00%(*objectname) [19ms]
2026-10-02 11:02:21.061 [info] > git status -z -uall [127ms]
2026-10-02 11:02:26.284 [info] > git config --get commit.template [60ms]
2026-10-02 11:02:26.298 [info] > git for-each-ref --format=%(refname)%00%(upstream:short)%00%(objectname)%00%(upstream:track)%00%(upstream:remotename)%00%(upstream:remoteref) refs/heads/main refs/remotes/main [17ms]
2026-10-02 11:02:26.433 [info] > git for-each-ref --sort -committerdate --format %(refname)%00%(objectname)%00%(*objectname) [17ms]
2026-10-02 11:02:26.462 [info] > git status -z -uall [102ms]
2026-10-02 11:02:31.702 [info] > git config --get commit.template [71ms]
2026-10-02 11:02:31.711 [info] > git for-each-ref --format=%(refname)%00%(upstream:short)%00%(objectname)%00%(upstream:track)%00%(upstream:remotename)%00%(upstream:remoteref) refs/heads/main refs/remotes/main [18ms]
2026-10-02 11:02:31.850 [info] > git for-each-ref --sort -committerdate --format %(refname)%00%(objectname)%00%(*objectname) [18ms]
2026-10-02 11:02:31.868 [info] > git status -z -uall [99ms]
2026-10-02 11:02:37.102 [info] > git config --get commit.template [58ms]
2026-10-02 11:02:37.121 [info] > git for-each-ref --format=%(refname)%00%(upstream:short)%00%(objectname)%00%(upstream:track)%00%(upstream:remotename)%00%(upstream:remoteref) refs/heads/main refs/remotes/main [21ms]
2026-10-02 11:02:37.261 [info] > git for-each-ref --sort -committerdate --format %(refname)%00%(objectname)%00%(*objectname) [18ms]
2026-10-02 11:02:37.947 [info] > git status -z -uall [767ms]
2026-10-02 11:02:43.172 [info] > git config --get commit.template [65ms]
2026-10-02 11:02:43.189 [info] > git for-each-ref --format=%(refname)%00%(upstream:short)%00%(objectname)%00%(upstream:track)%00%(upstream:remotename)%00%(upstream:remoteref) refs/heads/main refs/remotes/main [22ms]
2026-10-02 11:02:43.346 [info] > git for-each-ref --sort -committerdate --format %(refname)%00%(objectname)%00%(*objectname) [21ms]
2026-10-02 11:02:43.369 [info] > git status -z -uall [108ms]
2026-10-02 11:02:48.623 [info] > git config --get commit.template [76ms]
2026-10-02 11:02:48.641 [info] > git for-each-ref --format=%(refname)%00%(upstream:short)%00%(objectname)%00%(upstream:track)%00%(upstream:remotename)%00%(upstream:remoteref) refs/heads/main refs/remotes/main [22ms]
2026-10-02 11:02:48.808 [info] > git for-each-ref --sort -committerdate --format %(refname)%00%(objectname)%00%(*objectname) [27ms]
2026-10-02 11:02:48.878 [info] > git status -z -uall [169ms]
2026-10-02 11:02:54.150 [info] > git config --get commit.template [72ms]
2026-10-02 11:02:54.164 [info] > git for-each-ref --format=%(refname)%00%(upstream:short)%00%(objectname)%00%(upstream:track)%00%(upstream:remotename)%00%(upstream:remoteref) refs/heads/main refs/remotes/main [18ms]
2026-10-02 11:02:54.318 [info] > git for-each-ref --sort -committerdate --format %(refname)%00%(objectname)%00%(*objectname) [18ms]
2026-10-02 11:02:54.333 [info] > git status -z -uall [105ms]
2026-10-02 11:02:59.589 [info] > git config --get commit.template [68ms]
2026-10-02 11:02:59.605 [info] > git for-each-ref --format=%(refname)%00%(upstream:short)%00%(objectname)%00%(upstream:track)%00%(upstream:remotename)%00%(upstream:remoteref) refs/heads/main refs/remotes/main [19ms]
2026-10-02 11:02:59.786 [info] > git status -z -uall [101ms]
2026-10-02 11:02:59.786 [info] > git for-each-ref --sort -committerdate --format %(refname)%00%(objectname)%00%(*objectname) [26ms]
2026-10-02 11:03:05.034 [info] > git config --get commit.template [72ms]
2026-10-02 11:03:05.049 [info] > git for-each-ref --format=%(refname)%00%(upstream:short)%00%(objectname)%00%(upstream:track)%00%(upstream:remotename)%00%(upstream:remoteref) refs/heads/main refs/remotes/main [19ms]
2026-10-02 11:03:05.217 [info] > git for-each-ref --sort -committerdate --format %(refname)%00%(objectname)%00%(*objectname) [18ms]
2026-10-02 11:03:05.225 [info] > git status -z -uall [100ms]
2026-10-02 11:03:10.472 [info] > git config --get commit.template [79ms]
2026-10-02 11:03:10.488 [info] > git for-each-ref --format=%(refname)%00%(upstream:short)%00%(objectname)%00%(upstream:track)%00%(upstream:remotename)%00%(upstream:remoteref) refs/heads/main refs/remotes/main [22ms]
2026-10-02 11:03:10.681 [info] > git for-each-ref --sort -committerdate --format %(refname)%00%(objectname)%00%(*objectname) [20ms]
2026-10-02 11:03:10.692 [info] > git status -z -uall [119ms]
2026-10-02 11:03:15.949 [info] > git config --get commit.template [76ms]
2026-10-02 11:03:15.962 [info] > git for-each-ref --format=%(refname)%00%(upstream:short)%00%(objectname)%00%(upstream:track)%00%(upstream:remotename)%00%(upstream:remoteref) refs/heads/main refs/remotes/main [17ms]
2026-10-02 11:03:16.124 [info] > git for-each-ref --sort -committerdate --format %(refname)%00%(objectname)%00%(*objectname) [18ms]
2026-10-02 11:03:16.137 [info] > git status -z -uall [101ms]
